cycle,old_void_E_el,old_void_E_d,old_void_total_energy,old_void_d_max,old_void_d_mean,old_void_d_p99,old_void_d_p999,old_void_alpha_bar_monitor_max,old_void_alpha_bar_elem_max,old_void_alpha_bar_elem_p999,old_void_alpha_bar_elem_p99,old_void_alpha_bar_elem_mean,old_void_f_fatigue_min,old_void_f_fatigue_p001,old_void_f_fatigue_mean,old_void_psi_plus_elem_max,old_void_psi_plus_elem_p999,old_void_psi_plus_elem_p99,old_void_psi_plus_elem_mean,old_void_psi_tip_top10_mean,old_void_psi_nominal_mean,old_void_Kt_proxy,old_void_x_max_d,old_void_y_max_d,old_void_x_max_alpha_bar_elem,old_void_y_max_alpha_bar_elem,old_void_x_min_f_fatigue_elem,old_void_y_min_f_fatigue_elem,old_void_x_max_psi_plus_elem,old_void_y_max_psi_plus_elem,old_void_x_tip_d095,old_void_y_tip_d095,old_void_x_tip_d090,old_void_y_tip_d090,old_void_x_tip_d050,old_void_y_tip_d050,old_void_width_y_d050_near_tip,old_void_width_y_d090_near_tip,old_void_n_elem_d050_near_tip,old_void_n_elem_d090_near_tip,old_void_right_boundary_d095_count,old_void_right_boundary_d095_yspan,old_void_x_max_d_centered,old_void_x_max_alpha_bar_elem_centered,old_void_x_min_f_fatigue_elem_centered,old_void_x_max_psi_plus_elem_centered,old_void_x_tip_d095_centered,old_void_x_tip_d090_centered,old_void_x_tip_d050_centered,old_void_y_max_d_centered,old_void_y_max_alpha_bar_elem_centered,old_void_y_min_f_fatigue_elem_centered,old_void_y_max_psi_plus_elem_centered,old_void_y_tip_d095_centered,old_void_y_tip_d090_centered,old_void_y_tip_d050_centered,old_void_E_d_increment_from_c1,fine_void_E_el,fine_void_E_d,fine_void_total_energy,fine_void_d_max,fine_void_d_mean,fine_void_d_p99,fine_void_d_p999,fine_void_alpha_bar_monitor_max,fine_void_alpha_bar_elem_max,fine_void_alpha_bar_elem_p999,fine_void_alpha_bar_elem_p99,fine_void_alpha_bar_elem_mean,fine_void_f_fatigue_min,fine_void_f_fatigue_p001,fine_void_f_fatigue_mean,fine_void_psi_plus_elem_max,fine_void_psi_plus_elem_p999,fine_void_psi_plus_elem_p99,fine_void_psi_plus_elem_mean,fine_void_psi_tip_top10_mean,fine_void_psi_nominal_mean,fine_void_Kt_proxy,fine_void_x_max_d,fine_void_y_max_d,fine_void_x_max_alpha_bar_elem,fine_void_y_max_alpha_bar_elem,fine_void_x_min_f_fatigue_elem,fine_void_y_min_f_fatigue_elem,fine_void_x_max_psi_plus_elem,fine_void_y_max_psi_plus_elem,fine_void_x_tip_d095,fine_void_y_tip_d095,fine_void_x_tip_d090,fine_void_y_tip_d090,fine_void_x_tip_d050,fine_void_y_tip_d050,fine_void_width_y_d050_near_tip,fine_void_width_y_d090_near_tip,fine_void_n_elem_d050_near_tip,fine_void_n_elem_d090_near_tip,fine_void_right_boundary_d095_count,fine_void_right_boundary_d095_yspan,fine_void_x_max_d_centered,fine_void_x_max_alpha_bar_elem_centered,fine_void_x_min_f_fatigue_elem_centered,fine_void_x_max_psi_plus_elem_centered,fine_void_x_tip_d095_centered,fine_void_x_tip_d090_centered,fine_void_x_tip_d050_centered,fine_void_y_max_d_centered,fine_void_y_max_alpha_bar_elem_centered,fine_void_y_min_f_fatigue_elem_centered,fine_void_y_max_psi_plus_elem_centered,fine_void_y_tip_d095_centered,fine_void_y_tip_d090_centered,fine_void_y_tip_d050_centered,fine_void_E_d_increment_from_c1,diffuse_E_el,diffuse_E_d,diffuse_total_energy,diffuse_d_max,diffuse_d_mean,diffuse_d_p99,diffuse_d_p999,diffuse_alpha_bar_monitor_max,diffuse_alpha_bar_elem_max,diffuse_alpha_bar_elem_p999,diffuse_alpha_bar_elem_p99,diffuse_alpha_bar_elem_mean,diffuse_f_fatigue_min,diffuse_f_fatigue_p001,diffuse_f_fatigue_mean,diffuse_psi_plus_elem_max,diffuse_psi_plus_elem_p999,diffuse_psi_plus_elem_p99,diffuse_psi_plus_elem_mean,diffuse_psi_tip_top10_mean,diffuse_psi_nominal_mean,diffuse_Kt_proxy,diffuse_x_max_d,diffuse_y_max_d,diffuse_x_max_alpha_bar_elem,diffuse_y_max_alpha_bar_elem,diffuse_x_min_f_fatigue_elem,diffuse_y_min_f_fatigue_elem,diffuse_x_max_psi_plus_elem,diffuse_y_max_psi_plus_elem,diffuse_x_tip_d095,diffuse_y_tip_d095,diffuse_x_tip_d090,diffuse_y_tip_d090,diffuse_x_tip_d050,diffuse_y_tip_d050,diffuse_width_y_d050_near_tip,diffuse_width_y_d090_near_tip,diffuse_n_elem_d050_near_tip,diffuse_n_elem_d090_near_tip,diffuse_right_boundary_d095_count,diffuse_right_boundary_d095_yspan,diffuse_x_max_d_centered,diffuse_x_max_alpha_bar_elem_centered,diffuse_x_min_f_fatigue_elem_centered,diffuse_x_max_psi_plus_elem_centered,diffuse_x_tip_d095_centered,diffuse_x_tip_d090_centered,diffuse_x_tip_d050_centered,diffuse_y_max_d_centered,diffuse_y_max_alpha_bar_elem_centered,diffuse_y_min_f_fatigue_elem_centered,diffuse_y_max_psi_plus_elem_centered,diffuse_y_tip_d095_centered,diffuse_y_tip_d090_centered,diffuse_y_tip_d050_centered,diffuse_E_d_increment_from_c1
1,0.00485565,5.07731e-07,0.00485616,0.0768980612801551,3.18983973358806e-05,-3.59574554220648e-06,0.0117407968339646,2.52817,1.28802505196064,0.159130494101168,0.0546784541841144,0.0112818461096808,0.466689326712252,1.0,0.999958144756633,1.51702588943425,0.161633203859124,0.054678090833163,0.0113116342201754,0.971946066787072,0.0065938244121437,12.1409422762751,0.0006,-0.00035,-0.00045,-0.0004,0.000525,0.0005,-0.00045,-0.0004,,,,,,,,,0,0,0,0.0,0.0006,-0.00045,0.000525,-0.00045,,,,-0.00035,-0.0004,0.0005,-0.0004,,,,0.0,0.00486195,2.26662e-07,0.00486218,0.0523137085079859,5.42584976967315e-05,-3.49686875252348e-06,0.0206905285816242,1.08865,0.609451467159048,0.224194427264618,0.0663890760079417,0.0099406206761993,0.780689836879324,1.0,0.999915932139815,0.684621539711919,0.23573596682179,0.0663886431988258,0.0099846575971176,0.43389627217203,0.0055231945541923,8.86334774366318,0.001,0.001,0.001,-0.001,-0.000975,0.001,0.001,-0.001,,,,,,,,,0,0,0,0,0.001,0.001,-0.000975,0.001,,,,0.001,-0.001,0.001,-0.001,,,,0.0,0.00468274,0.0127191,0.0174019,1,0.140130305818613,1,1,1.03124,1.01374187938523,1.00008197622768,1.0000071102387,0.116394506877429,0.43647915100635,0.444395872886613,0.938270962764577,18.4954010346346,7.24508895499084,7.05752917044725,0.562692486731232,11.6195146047415,0.656970943104631,4.20553171257091,0.001,0.481,0.499,0.519,0.499,0.519,0.001,0.517,0.499,0.481,0.501,0.483,0.507,0.487,0.046,0.038,193,113,0,0,-0.499,-0.0010000000000000009,-0.0010000000000000009,-0.499,-0.0010000000000000009,0.0010000000000000009,0.007000000000000006,-0.019000000000000017,0.019000000000000017,0.019000000000000017,0.017000000000000015,-0.019000000000000017,-0.017000000000000015,-0.013000000000000012,0.0
2,0.00485449,2.39495e-06,0.00485689,0.138403574393864,4.55528374275051e-05,-6.64780866962098e-06,0.0163981690774703,4.89122,2.56764586607677,0.316212021514813,0.109488182532293,0.0225636388379772,0.175025042548312,1.0,0.999853280392746,1.74945623541746,0.164837108762307,0.0546573515553105,0.0113322478035542,1.0916435936611,0.0065926078246788,12.8680225838528,0.0006,-0.00035,-0.00045,-0.0004,0.000525,0.0005,-0.00045,-0.0004,,,,,,,,,0,0,0,0.0,0.0006,-0.00045,0.000525,-0.00045,,,,-0.00035,-0.0004,0.0005,-0.0004,,,,1.8872189999999998e-06,0.00486093,7.00712e-07,0.00486163,0.0840326225061894,8.04301997673355e-05,-6.47248128146986e-06,0.0291411149278794,2.13522,1.2269071841489,0.454069987632795,0.133318499249778,0.0198805865099435,0.449885523391836,0.960009834597548,0.999719579703748,0.75231392379266,0.243299904086336,0.0668583202224109,0.0100131534374714,0.461969500186776,0.0055218499090815,9.14669827306835,0.001,-0.001,0.001,-0.001,0.001,-0.001,0.001,-0.001,,,,,,,,,0,0,0,0,0.001,0.001,0.001,0.001,,,,-0.001,-0.001,-0.001,-0.001,,,,4.7405000000000004e-07,0.00468222,0.0127184,0.0174006,1,0.140143494749316,1,1,1.06143,1.02704107172651,1.00016383703849,1.00001422061976,0.121683681930251,0.429093742787366,0.44434738357608,0.93827033436771,18.4953384733035,7.24505439116442,7.05786370529534,0.562962634940348,11.6194157283941,0.657287016590015,4.20450253231997,0.001,0.481,0.499,0.519,0.499,0.519,0.001,0.517,0.499,0.481,0.501,0.483,0.507,0.487,0.046,0.038,194,113,0,0,-0.499,-0.0010000000000000009,-0.0010000000000000009,-0.499,-0.0010000000000000009,0.0010000000000000009,0.007000000000000006,-0.019000000000000017,0.019000000000000017,0.019000000000000017,0.017000000000000015,-0.019000000000000017,-0.017000000000000015,-0.013000000000000012,-7.00000000001047e-07
3,0.00485174,1.41238e-05,0.00486587,0.265931032799579,8.09106075670482e-05,-9.24768243958697e-06,0.0278999771563443,6.89289,3.83798126444267,0.479208008143106,0.16412580504185,0.0338429144141139,0.0822174777163671,0.989021358831206,0.999670330834599,2.57227169003306,0.168750998175017,0.054568347302725,0.0113862062091849,1.42474915676988,0.0065899247066571,14.7037793871643,0.0006,-0.00035,-0.00045,-0.0004,0.0006,-0.00035,0.0006,-0.00035,,,,,,,,,0,0,0,0.0,0.0006,-0.00045,0.0006,0.0006,,,,-0.00035,-0.0004,-0.00035,-0.00035,,,,1.3616069e-05,0.00485897,4.73249e-06,0.0048637,0.14321068744433,0.0001320104974292,-9.01757542781571e-06,0.0454473784540504,3.11206,1.86330247528906,0.68704345735602,0.200952745284817,0.0298193092596537,0.2500096180935,0.741405097491406,0.999418138685031,0.903380030369823,0.257061257923032,0.0672565364016114,0.0100726697305631,0.521262113363585,0.0055193135784907,9.71819358015575,0.001,-0.001,0.001,-0.001,0.001,-0.001,0.001,-0.001,,,,,,,,,0,0,0,0,0.001,0.001,0.001,0.001,,,,-0.001,-0.001,-0.001,-0.001,,,,4.505828e-06,0.00468208,0.0127175,0.0173995,1,0.140146042632412,1,1,1.09139,1.0402344578954,1.00024565792387,1.00002133116264,0.126974684908858,0.422060400768669,0.444298931751353,0.938269714093308,18.4952405351193,7.2450281064985,7.05795362840742,0.563039914464052,11.6193590164992,0.65737743773747,4.20420310134527,0.001,0.481,0.499,0.519,0.499,0.519,0.001,0.517,0.499,0.481,0.501,0.483,0.507,0.487,0.046,0.038,194,113,0,0,-0.499,-0.0010000000000000009,-0.0010000000000000009,-0.499,-0.0010000000000000009,0.0010000000000000009,0.007000000000000006,-0.019000000000000017,0.019000000000000017,0.019000000000000017,0.017000000000000015,-0.019000000000000017,-0.017000000000000015,-0.013000000000000012,-1.6000000000009063e-06
4,0.00482873,0.000125612,0.00495434,0.93538449877896,0.0003452437029909,-1.14092907282312e-05,0.100007704462523,8.16887,6.5451455473975,0.644234722946564,0.21961404017419,0.0451586646485184,0.0485786081519582,0.764882761989523,0.99938798371899,90.9928662135504,0.198612975086388,0.0550851048209193,0.0136198035636443,17.7229591334478,0.0065671073976601,51.9494625253525,0.0006,-0.00035,-0.00045,-0.0004,0.0006,-0.00035,0.0006,-0.00035,,,0.0006,-0.00035,0.00175,-0.00115,0.00175,0.0,7,1,0,0.0,0.0006,-0.00045,0.0006,0.0006,,0.0006,0.00175,-0.00035,-0.0004,-0.00035,-0.00035,,-0.00035,-0.00115,0.000125104269,0.00485572,1.51884e-05,0.00487091,0.230888578739087,0.0002249375861778,-1.11747303174912e-05,0.0750594197074831,3.95344,2.50581633086987,0.923924086584003,0.268871471791981,0.039747433380086,0.153429694602987,0.525353975130327,0.998994001149958,1.15758131525785,0.280253937689093,0.0680136449834849,0.0101731252102701,0.617112181881633,0.0055156216021767,10.5775436899327,0.001,-0.001,0.001,-0.001,0.001,-0.001,0.001,-0.001,,,,,,,,,0,0,0,0,0.001,0.001,0.001,0.001,,,,-0.001,-0.001,-0.001,-0.001,,,,1.4961738e-05,0.00468206,0.0127166,0.0173987,1,0.140145595305204,1,1,1.12128,1.05340065405806,1.00032746523586,1.00002844173707,0.132266270882507,0.415314146357806,0.444250501788382,0.938269100362916,18.4951823655872,7.24501600539203,7.05798153793695,0.563062405745103,11.6193345129875,0.657403754283173,4.20411451828948,0.001,0.481,0.499,0.519,0.499,0.519,0.001,0.517,0.499,0.481,0.501,0.483,0.507,0.487,0.046,0.038,194,113,0,0,-0.499,-0.0010000000000000009,-0.0010000000000000009,-0.499,-0.0010000000000000009,0.0010000000000000009,0.007000000000000006,-0.019000000000000017,0.019000000000000017,0.019000000000000017,0.017000000000000015,-0.019000000000000017,-0.017000000000000015,-0.013000000000000012,-2.5000000000007655e-06
5,0.00480511,0.000165082,0.0049702,1.00769154814667,0.0006524238976429,-1.3173696313682e-05,0.18495353490007,17.1267,10.332426423952,0.844953023693058,0.276259086607534,0.0564730361646372,0.0166004280013925,0.556664351708821,0.999035469050213,316.796035013926,0.238649214824346,0.0551397362138188,0.0226529950920233,85.6968870922495,0.0065437445712848,114.437761473533,0.0006,-0.00035,-0.00045,-0.0004,-0.00045,-0.0004,0.0006,-0.00035,0.00165,-0.0003,0.00265,-0.000275,0.0048,-0.00095,0.003575,7.5e-05,20,3,0,0.0,0.0006,-0.00045,-0.00045,0.0006,0.00165,0.00265,0.0048,-0.00035,-0.0004,-0.0004,-0.00035,-0.0003,-0.000275,-0.00095,0.000164574269,0.00484884,4.37291e-05,0.00489257,0.390949206235439,0.00042317137792,-1.2783318873882e-05,0.118218864403734,4.54985,3.17250277848846,1.16840385832473,0.338407353046047,0.0496641571392607,0.0971789840721485,0.386513962970522,0.998430895577186,1.95809661484806,0.268298074623321,0.0669308986146014,0.0104725424059995,0.910987326568005,0.0055072186979056,12.8614521417428,0.001,0.001,0.001,-0.001,0.001,-0.001,0.001,0.001,,,,,,,,,0,0,0,0,0.001,0.001,0.001,0.001,,,,0.001,-0.001,-0.001,0.001,,,,4.3502438e-05,0.00468207,0.0127158,0.0173979,1,0.140144488144089,1,1,1.15116,1.06655907042665,1.00040926827581,1.00003555231715,0.137558037316132,0.408826975576057,0.444202088170673,0.938268492517065,18.4951563144854,7.24501137932785,7.05798894356452,0.563068791730934,11.6193253474027,0.657411226382589,4.20408896821618,0.001,0.481,0.499,0.519,0.499,0.519,0.001,0.517,0.499,0.481,0.501,0.483,0.507,0.487,0.046,0.038,194,113,0,0,-0.499,-0.0010000000000000009,-0.0010000000000000009,-0.499,-0.0010000000000000009,0.0010000000000000009,0.007000000000000006,-0.019000000000000017,0.019000000000000017,0.019000000000000017,0.017000000000000015,-0.019000000000000017,-0.017000000000000015,-0.013000000000000012,-3.3000000000012186e-06
6,0.00477568,0.000201671,0.00497735,1.01489166540964,0.0010892269525588,0.0003125899242712,0.325763899481045,27.9367,14.6666168974779,0.979984906938176,0.333655190104442,0.0677941425996559,0.0080068148048684,0.462627588353573,0.998619592294218,572.104987575477,0.33598233844897,0.0562182683333034,0.0424835952303011,235.962605662477,0.0065141939308324,190.322989101885,0.0006,-0.00035,-0.00045,-0.0004,-0.00045,-0.0004,0.00165,-0.0003,0.004625,-7.5e-05,0.004625,-7.5e-05,0.0076,-0.000425,0.004475,0.000275,40,5,0,0.0,0.0006,-0.00045,-0.00045,0.00165,0.004625,0.004625,0.0076,-0.00035,-0.0004,-0.0004,-0.0003,-7.5e-05,-7.5e-05,-0.000425,0.000201163269,0.00482757,0.000117055,0.00494463,0.734856455563811,0.0010220761300566,0.0036580282648777,0.307157247323512,5.3297,3.83783408818682,1.38369208433126,0.401789332876001,0.0595725257898419,0.0655685165627498,0.337794697432613,0.997735934123167,7.90010926668257,0.367396613880962,0.0655236352949716,0.012355733810894,2.75989138674972,0.0054812696768669,22.4390987942472,0.001,0.001,0.001,-0.001,0.001,-0.001,0.001,0.001,,,,,0.003,-0.001,0.002,,4,0,0,0,0.001,0.001,0.001,0.001,,,0.003,0.001,-0.001,-0.001,0.001,,,-0.001,0.00011682833799999999,0.00468188,0.0127154,0.0173972,1,0.14014847808633,1,1,1.18103,1.07971546084826,1.0004910700712,1.00004266289872,0.14284874754836,0.402580223502526,0.44415368909947,0.938245334751581,18.4951465436536,7.24500965700778,7.05799098275501,0.563070671035253,11.6193219941567,0.657413425320374,4.20408133059105,0.001,0.481,0.499,0.519,0.499,0.519,0.001,0.517,0.499,0.481,0.501,0.483,0.507,0.487,0.046,0.038,194,113,0,0,-0.499,-0.0010000000000000009,-0.0010000000000000009,-0.499,-0.0010000000000000009,0.0010000000000000009,0.007000000000000006,-0.019000000000000017,0.019000000000000017,0.019000000000000017,0.017000000000000015,-0.019000000000000017,-0.017000000000000015,-0.013000000000000012,-3.700000000000578e-06
7,0.00474113,0.000243963,0.00498509,1.01747025885883,0.0016642726727526,0.0100091004686452,0.445728871717842,38.2709,18.8278615467625,1.09586578382218,0.394096608406866,0.0791312282495348,0.0052514049365161,0.394316681391793,0.998080522904941,888.810813434505,0.450848672054647,0.0570367326841622,0.0786239876507536,504.229994532687,0.0064790193627116,278.971411174369,0.0006,-0.00035,-0.00045,-0.0004,-0.00045,-0.0004,0.00165,-0.0003,0.0076,-0.000425,0.00845,-0.0004,0.011375,0.00075,0.00555,0.00105,62,11,0,0.0,0.0006,-0.00045,-0.00045,0.00165,0.0076,0.00845,0.011375,-0.00035,-0.0004,-0.0004,-0.0003,-0.000425,-0.0004,0.00075,0.00024345526900000002,0.00478182,0.00018299,0.00496481,0.998362960444939,0.0023450399446512,0.0381796599809778,0.584788645455,6.2612,4.67555644646179,1.47293270893867,0.474237377529624,0.0695728090180995,0.0541638921382956,0.26780634711934,0.996864863780183,81.7813156783248,1.37490698897291,0.0714607380182917,0.0305085704466916,20.6768646734012,0.0054242341051452,61.7409247720358,0.001,0.001,-0.000975,0.001,0.001,0.001,0.001,0.001,0.003,0.001,0.003,0.001,0.00705,0.003,0.004,0.0,13,2,0,0,0.001,-0.000975,0.001,0.001,0.003,0.003,0.00705,0.001,0.001,0.001,0.001,0.001,0.001,0.003,0.00018276333800000002,0.00467919,0.0127179,0.0173971,1,0.140220173574853,1,1,1.21069,1.0927775999163,1.00057285820909,1.00004977351503,0.148125472926445,0.396600919483709,0.444105311909724,0.937982606540847,18.495163964962,7.24500203705545,7.05803317345435,0.563102535905824,11.6193057490194,0.65745070731869,4.2039591898593,0.001,0.481,0.499,0.519,0.499,0.519,0.001,0.517,0.499,0.481,0.501,0.483,0.507,0.485,0.046,0.038,196,113,0,0,-0.499,-0.0010000000000000009,-0.0010000000000000009,-0.499,-0.0010000000000000009,0.0010000000000000009,0.007000000000000006,-0.019000000000000017,0.019000000000000017,0.019000000000000017,0.017000000000000015,-0.019000000000000017,-0.017000000000000015,-0.015000000000000013,-1.1999999999998123e-06
8,0.00471147,0.000280359,0.00499183,1.01854019781024,0.0022183592410669,0.0229168025026195,0.564078605765054,47.7169,22.6464778353505,1.20046636615496,0.452826007481176,0.090454111626096,0.0041579644644988,0.346558523342461,0.997433141683424,1155.44572954689,0.579780532528242,0.0581238777742531,0.117622095529558,733.453600406875,0.0064489899484131,337.241080731133,0.0006,-0.00035,-0.00045,-0.0004,-0.00045,-0.0004,0.00165,-0.0003,0.0102,-2.5e-05,0.011275,-0.000175,0.0144,-0.001725,0.00675,0.001475,83,14,0,0.0,0.0006,-0.00045,-0.00045,0.00165,0.0102,0.011275,0.0144,-0.00035,-0.0004,-0.0004,-0.0003,-2.5e-05,-0.000175,-0.001725,0.00027985126899999997,0.0047511,0.000222425,0.00497353,1.01127309858741,0.003295964865912,0.0720118602216678,0.743592044662767,9.13141,6.01176302097811,1.5248931058048,0.540378877450889,0.0794207928425727,0.0454867415689091,0.250636272728552,0.995914355482371,122.122385800484,1.62320332333433,0.0752076627244078,0.0526541407258809,42.9269474818966,0.0053857502444761,89.2774749656405,0.001,0.001,-0.000975,0.001,-0.000975,0.001,0.001,0.001,0.005,0.001,0.007,0.001,0.011,0.001,0.004,0.0,17,4,0,0,0.001,-0.000975,-0.000975,0.001,0.005,0.007,0.011,0.001,0.001,0.001,0.001,0.001,0.001,0.001,0.000222198338,0.00467478,0.0127231,0.0173979,1,0.140338956309636,1,1,1.23767,1.10470919228777,1.00065443687291,1.00005688458565,0.153391000660293,0.391320264689833,0.444057072364102,0.937607074980741,18.4947106650639,7.24487882926918,7.05857605859072,0.563523222132381,11.6190327965786,0.657942903709163,4.20233707888071,0.001,0.481,0.499,0.519,0.499,0.519,0.001,0.517,0.499,0.481,0.501,0.483,0.509,0.495,0.046,0.038,197,113,0,0,-0.499,-0.0010000000000000009,-0.0010000000000000009,-0.499,-0.0010000000000000009,0.0010000000000000009,0.009000000000000008,-0.019000000000000017,0.019000000000000017,0.019000000000000017,0.017000000000000015,-0.019000000000000017,-0.017000000000000015,-0.0050000000000000044,3.999999999998796e-06
9,0.00467535,0.000326106,0.00500145,1.01994368142375,0.0029270469415428,0.0459442003526544,0.687333696921991,56.2842,26.1893066054461,1.28925735898212,0.50626073402215,0.101797476183041,0.0035524272512692,0.313215970903388,0.996691725794064,1477.42666707451,0.838468442589345,0.0603391826764989,0.187883840361608,1016.72409068439,0.0064118150796292,398.208992075252,0.0006,-0.00035,-0.00045,-0.0004,-0.00045,-0.0004,0.00165,-0.0003,0.0142,-0.0001,0.0149,0.0002,0.018575,0.001025,0.0069,0.0018,104,20,0,0.0,0.0006,-0.00045,-0.00045,0.00165,0.0142,0.0149,0.018575,-0.00035,-0.0004,-0.0004,-0.0003,-0.0001,0.0002,0.001025,0.000325598269,0.00471595,0.000265789,0.00498174,1.01673760738875,0.0044081148101081,0.109103312081443,0.79754939940126,12.4474,7.41141985155124,1.54781481949107,0.604264764816153,0.089241035255036,0.0283531387056318,0.244388658940569,0.994860231339182,171.097868609377,1.89890186301756,0.0792347421620832,0.0886031254661391,79.3139230487975,0.0053411522575609,121.85889526441,0.001,0.001,-0.000975,0.001,-0.000975,0.001,0.003,0.001,0.009,0.001,0.009,0.001,0.015,0.001,0.00805,0.0,30,5,0,0,0.001,-0.000975,-0.000975,0.003,0.009,0.009,0.015,0.001,0.001,0.001,0.001,0.001,0.001,0.001,0.000265562338,0.00466687,0.0127338,0.0174007,1,0.140543776462187,1,1,1.25771,1.11365828444482,1.00073528263897,1.00006399732556,0.158661596016105,0.387464707457559,0.444009279734778,0.937177416161232,18.4932835608488,7.24447112730776,7.06021309495467,0.565059646770086,11.6181107179463,0.659740497406907,4.19644160051245,0.001,0.481,0.499,0.519,0.499,0.519,0.001,0.517,0.499,0.481,0.501,0.483,0.509,0.487,0.046,0.038,198,113,0,0,-0.499,-0.0010000000000000009,-0.0010000000000000009,-0.499,-0.0010000000000000009,0.0010000000000000009,0.009000000000000008,-0.019000000000000017,0.019000000000000017,0.019000000000000017,0.017000000000000015,-0.019000000000000017,-0.017000000000000015,-0.013000000000000012,1.4699999999999436e-05
10,0.00463956,0.000370569,0.00501013,1.02038750455919,0.003636207083585,0.0759110563235259,0.782367354263149,64.2091,29.5663378663801,1.34435650524302,0.557050159571395,0.113094770648338,0.0030638452770433,0.2955813175968,0.995917320353827,1791.43643282693,0.988861097606262,0.0614960890326919,0.287344388684377,1390.33441917705,0.0063746049681432,467.017332285275,0.0006,-0.00035,-0.00045,-0.0004,-0.00045,-0.0004,0.00165,-0.0003,0.018225,-1.0164395367051601e-20,0.018925,0.000275,0.022425,-0.001525,0.007425,0.0018,118,26,0,0.0,0.0006,-0.00045,-0.00045,0.00165,0.018225,0.018925,0.022425,-0.00035,-0.0004,-0.0004,-0.0003,-1.0164395367051601e-20,0.000275,-0.001525,0.000370061269,0.00468006,0.000309907,0.00498997,1.01883151116161,0.0055666324442055,0.170552305425341,0.820687820658796,15.6846,8.8130580079216,1.55349625834206,0.664547524834349,0.0990030101190491,0.0204146709089321,0.239024149261053,0.993736130985117,221.682262007781,2.32275717618853,0.0854165473050091,0.135768807845547,127.20124393794,0.0052954913545673,154.986027743097,0.001,0.001,-0.000975,0.001,-0.000975,0.001,0.003,0.001,0.013,0.001,0.013,0.001,0.019025,0.001,0.00805,0.0,40,7,0,0,0.001,-0.000975,-0.000975,0.003,0.013,0.013,0.019025,0.001,0.001,0.001,0.001,0.001,0.001,0.001,0.000309680338,0.00466176,0.0127417,0.0174035,1,0.140678995525413,1,1,1.27698,1.12227018802769,1.00081596584082,1.00007111037037,0.163914815682887,0.383838411759025,0.443961596633953,0.936737870050871,18.493097694044,7.2443302380789,7.06046606928615,0.565381955188088,11.6178344510474,0.660117621027191,4.19519284112015,0.001,0.481,0.499,0.519,0.499,0.519,0.001,0.517,0.499,0.481,0.501,0.483,0.511,0.491,0.046,0.038,199,113,0,0,-0.499,-0.0010000000000000009,-0.0010000000000000009,-0.499,-0.0010000000000000009,0.0010000000000000009,0.01100000000000001,-0.019000000000000017,0.019000000000000017,0.019000000000000017,0.017000000000000015,-0.019000000000000017,-0.017000000000000015,-0.009000000000000008,2.2599999999999357e-05
11,0.00460321,0.000415864,0.00501907,1.02058073713302,0.0043686478356942,0.108983765390631,0.830983802833218,71.6392,32.827376160519,1.38002483981246,0.604485634374418,0.124336702239474,0.0026033445855056,0.284583865269844,0.99508404548432,2130.03279213085,1.08471331622306,0.0626181116644803,0.398983462023158,1717.61536528576,0.0063368059077607,520.628280986779,0.0006,-0.00035,-0.00045,-0.0004,-0.00045,-0.0004,0.0142,-0.0001,0.02215,-0.000125,0.02285,-0.000125,0.02685,-0.0006,0.00795,0.00195,121,25,0,0.0,0.0006,-0.00045,-0.00045,0.0142,0.02215,0.02285,0.02685,-0.00035,-0.0004,-0.0004,-0.0001,-0.000125,-0.000125,-0.0006,0.000415356269,0.00464297,0.000356976,0.00499995,1.02227812546718,0.0067841886842237,0.229701669869436,0.837950156008755,18.8306,10.2178968451991,1.57273829985886,0.71735040786149,0.108719185212285,0.0160826789839606,0.23494005343561,0.992552695327975,273.157088064484,19.8327407142989,0.0890089741920772,0.195546669936087,185.488299201254,0.0052479012047129,188.00328346324,0.001,0.001,-0.000975,0.001,-0.000975,0.001,0.003,0.001,0.017,0.001,0.017,0.001,0.023075,0.001,0.00805,0.0,50,9,0,0,0.001,-0.000975,-0.000975,0.003,0.017,0.017,0.023075,0.001,0.001,0.001,0.001,0.001,0.001,0.001,0.000356749338,0.00465166,0.0127578,0.0174095,1,0.140930820794899,1,1,1.291,1.12859102773237,1.00088435051352,1.00007822390613,0.169169749391014,0.381225106580915,0.44392119239948,0.936275081784282,18.4914788900149,7.24390232616709,7.061717990085,0.567215186645375,11.6168333923084,0.662262447594816,4.18821353018225,0.001,0.481,0.499,0.519,0.499,0.519,0.001,0.517,0.501,0.495,0.501,0.481,0.513,0.493,0.046,0.036,191,94,0,0,-0.499,-0.0010000000000000009,-0.0010000000000000009,-0.499,0.0010000000000000009,0.0010000000000000009,0.013000000000000012,-0.019000000000000017,0.019000000000000017,0.019000000000000017,0.017000000000000015,-0.0050000000000000044,-0.019000000000000017,-0.007000000000000006,3.869999999999915e-05
12,0.00456807,0.000459282,0.00502735,1.02059518433469,0.0050769307499667,0.147618468838675,0.878553827751384,78.7079,36.0117759231307,1.39290233707082,0.646719593678834,0.135515076216482,0.002178655309304,0.281503303086695,0.994197528211672,2696.31864906382,1.23725765638898,0.0628282200590713,0.524512673094008,2029.33138228808,0.0063001443686004,567.546219347744,0.0006,-0.00035,-0.00045,-0.0004,-0.00045,-0.0004,0.0142,-0.0001,0.025775,2.5e-05,0.02655,0.000275,0.03065,-0.001175,0.0082,0.002025,117,26,0,0.0,0.0006,-0.00045,-0.00045,0.0142,0.025775,0.02655,0.03065,-0.00035,-0.0004,-0.0004,-0.0001,2.5e-05,0.000275,-0.001175,0.00045877426899999996,0.00460469,0.000404817,0.00500951,1.02365451006136,0.008046124016179,0.276388425866387,0.949494237285956,21.8359,11.6103481876987,1.59223417524687,0.764056342009599,0.118384271167194,0.0133042631952839,0.23178906674092,0.991297509269207,325.259297811278,114.730548194497,0.0947237708873292,0.268050191238974,238.332545904589,0.0051986512860686,214.114625031673,0.001,0.001,-0.000975,0.001,-0.000975,0.001,0.003,0.001,0.02105,0.001,0.02105,0.001,0.0271,0.001,0.00805,0.0,55,10,0,0,0.001,-0.000975,-0.000975,0.003,0.02105,0.02105,0.0271,0.001,0.001,0.001,0.001,0.001,0.001,0.001,0.00040459033800000003,0.00464131,0.0127755,0.0174168,1,0.14117840663471,1,1,1.3024,1.13375624898893,1.00099694655563,1.00008535737103,0.174415366895496,0.379119579737518,0.443860268931877,0.935799808799914,18.4906881834146,7.24349049014705,7.06279777611155,0.568729756792309,11.6159378085248,0.664034475286162,4.18246028024703,0.001,0.481,0.499,0.519,0.499,0.519,0.001,0.517,0.501,0.489,0.501,0.481,0.515,0.493,0.046,0.036,192,94,0,0,-0.499,-0.0010000000000000009,-0.0010000000000000009,-0.499,0.0010000000000000009,0.0010000000000000009,0.015000000000000013,-0.019000000000000017,0.019000000000000017,0.019000000000000017,0.017000000000000015,-0.01100000000000001,-0.019000000000000017,-0.007000000000000006,5.639999999999985e-05
13,0.00452826,0.000508473,0.00503673,1.02051714367943,0.0058840912356044,0.188898118473308,0.904822336404485,85.4704,39.1434253752765,1.41248648940198,0.685842239839865,0.146658837310266,0.0018011094316491,0.276233792994289,0.993245031957022,3322.87315720957,1.66901086287141,0.0645485072408695,0.674083968749282,2393.51783379468,0.0062581269172829,618.437976590902,0.0006,-0.00035,-0.00045,-0.0004,-0.00045,-0.0004,0.0142,-0.0001,0.030075,-0.00055,0.0312,-0.000475,0.0352,0.000325,0.008425,0.00225,118,22,0,0.0,0.0006,-0.00045,-0.00045,0.0142,0.030075,0.0312,0.0352,-0.00035,-0.0004,-0.0004,-0.0001,-0.00055,-0.000475,0.000325,0.000507965269,0.00456685,0.000452484,0.00501933,1.02485951159342,0.0093217883186261,0.363868530335171,0.985187328961622,24.7271,13.0016143442135,1.60939000510986,0.810813832083862,0.127993173233855,0.0112019231671566,0.229200180839829,0.989988227019395,375.66927850238,155.267242805809,0.0982835923297304,0.350098340365964,290.603973607793,0.0051498580955926,237.548965296456,0.001,0.001,-0.000975,0.001,-0.000975,0.001,0.003,0.001,0.0251,0.001,0.0271,0.001,0.031225,0.003,0.00805,0.0,61,11,0,0,0.001,-0.000975,-0.000975,0.003,0.0251,0.0271,0.031225,0.001,0.001,0.001,0.001,0.001,0.001,0.003,0.000452257338,0.00453934,0.0129211,0.0174605,1,0.142362576911003,1,1,1.3084,1.13647388535289,1.00133751897128,1.00009265254573,0.17974007093412,0.378022731200067,0.443653682290758,0.935304146972626,319.612629301415,7.30269542277851,7.07864547742067,0.647113695102358,259.306791722513,0.755670302946526,18.5242557499556,0.001,0.481,0.499,0.519,0.499,0.519,0.503,0.499,0.523,0.499,0.525,0.499,0.529,0.495,0.016,0.004,56,13,0,0,-0.499,-0.0010000000000000009,-0.0010000000000000009,0.0030000000000000027,0.02300000000000002,0.025000000000000022,0.029000000000000026,-0.019000000000000017,0.019000000000000017,0.019000000000000017,-0.0010000000000000009,-0.0010000000000000009,-0.0010000000000000009,-0.0050000000000000044,0.00020199999999999906
14,0.0044915,0.000553429,0.00504493,1.02031476293523,0.0066354902704864,0.232142261020888,0.919039512069185,91.9907,42.2286272803019,1.43632154370693,0.719576465641706,0.157719644403049,0.0014914640528875,0.268308161917513,0.992250447279084,3886.30471996263,2.08898449549947,0.0645610962239658,0.831475993500226,2723.66295108103,0.0062193692153091,661.764569916571,0.0006,-0.00035,-0.00045,-0.0004,-0.00045,-0.0004,0.0142,-0.0001,0.03415,-0.000275,0.0352,0.000325,0.03935,-0.0009,0.008575,0.002225,122,24,0,0.0,0.0006,-0.00045,-0.00045,0.0142,0.03415,0.0352,0.03935,-0.00035,-0.0004,-0.0004,-0.0001,-0.000275,0.000325,-0.0009,0.0005529212690000001,0.00452353,0.000507049,0.00503058,1.02562403131804,0.0107927709542114,0.407857057174959,0.989633330133913,27.497,14.3950618798731,1.62673625325197,0.835014314361226,0.137584411557912,0.0094182358394661,0.22629344685807,0.988580244091879,432.950909558522,216.789137762337,0.10278644899236,0.45814635851995,349.31086285404,0.0050930703480049,261.8883674088,0.001,0.001,-0.000975,0.001,-0.000975,0.001,0.003,0.001,0.029125,0.001,0.03115,0.001,0.035275,0.003,0.00805,0.0,63,11,0,0,0.001,-0.000975,-0.000975,0.003,0.029125,0.03115,0.035275,0.001,0.001,0.001,0.001,0.001,0.001,0.003,0.0005068223379999999,0.00449125,0.0129812,0.0174724,1,0.142779754584947,1,1,1.30896,1.1367318884362,1.00327634147358,1.00009985436773,0.184912229207297,0.377918966414075,0.44261553758728,0.934894659073336,418.016850238569,7.54485979410671,7.088305411734,0.686338330160708,347.010218381472,0.801525613292859,20.8071419139979,0.001,0.481,0.499,0.519,0.499,0.519,0.503,0.499,0.529,0.499,0.531,0.499,0.535,0.497,0.012,0.004,46,8,0,0,-0.499,-0.0010000000000000009,-0.0010000000000000009,0.0030000000000000027,0.029000000000000026,0.031000000000000028,0.03500000000000003,-0.019000000000000017,0.019000000000000017,0.019000000000000017,-0.0010000000000000009,-0.0010000000000000009,-0.0010000000000000009,-0.0030000000000000027,0.0002620999999999995
15,0.00445056,0.000603542,0.0050541,1.0200395843001,0.0074685185982513,0.278152790017738,0.929599974440985,98.2929,45.2756851644852,1.45144421216381,0.752643850325737,0.168724229612653,0.0012440296889968,0.265047696253798,0.991187723866683,4507.75728056421,3.04416436385425,0.0651127410339514,1.02501676757564,3089.50811103199,0.0061756146593396,707.301493541843,0.0006,-0.00035,-0.00045,-0.0004,-0.00045,-0.0004,0.0142,-0.0001,0.0383,7.5e-05,0.039225,2.5e-05,0.0439,-0.00075,0.008825,0.002075,125,25,0,0.0,0.0006,-0.00045,-0.00045,0.0142,0.0383,0.039225,0.0439,-0.00035,-0.0004,-0.0004,-0.0001,7.5e-05,2.5e-05,-0.00075,0.000603034269,0.00448098,0.000560808,0.00504178,1.02628182171112,0.0122358278080234,0.459681741192289,0.991897042512848,30.1763,15.8004282531422,1.640934583872,0.901337304234365,0.147099889216177,0.0078540258751567,0.224289680683896,0.987165809217672,487.464686070162,276.778773031388,0.108818733689754,0.576374937461422,405.108779621054,0.0050373464831054,283.586084142563,0.001,0.001,-0.000975,0.001,-0.000975,0.001,0.003,0.001,0.03515,0.001,0.03515,0.001,0.0412,0.00095,0.00805,0.0,60,10,0,0,0.001,-0.000975,-0.000975,0.003,0.03515,0.03515,0.0412,0.001,0.001,0.001,0.001,0.001,0.001,0.00095,0.0005605813379999999,0.00443961,0.0130454,0.017485,1,0.143199306354788,1,1,1.30908,1.15945004307658,1.01026651473544,1.0001070554704,0.190042263921132,0.363145083246743,0.43871867370963,0.934493805357074,509.089213579146,7.65465871877211,7.09658060972484,0.731657370511352,431.491026064131,0.854504845107545,22.4713218049057,0.001,0.481,0.533,0.499,0.533,0.499,0.503,0.499,0.535,0.499,0.537,0.499,0.541,0.497,0.012,0.0,41,6,0,0,-0.499,0.03300000000000003,0.03300000000000003,0.0030000000000000027,0.03500000000000003,0.03700000000000003,0.041000000000000036,-0.019000000000000017,-0.0010000000000000009,-0.0010000000000000009,-0.0010000000000000009,-0.0010000000000000009,-0.0010000000000000009,-0.0030000000000000027,0.00032629999999999985
16,0.00441214,0.000650327,0.00506247,1.01967766214985,0.0082791412401008,0.319789044906266,0.936476081082556,104.402,48.2774382769869,1.47469484521524,0.78233176991942,0.179659984524476,0.0010533676743577,0.258906669375761,0.990040303046601,5074.10436813647,3.9878567884099,0.0653564477433396,1.20730926941888,3424.17203392121,0.0061348302557138,747.096174473054,0.0006,-0.00035,-0.00045,-0.0004,-0.00045,-0.0004,0.0142,-0.0001,0.042975,-0.00035,0.044225,7.5e-05,0.048375,0.000775,0.008975,0.002025,122,21,0,0.0,0.0006,-0.00045,-0.00045,0.0142,0.042975,0.044225,0.048375,-0.00035,-0.0004,-0.0004,-0.0001,-0.00035,7.5e-05,0.000775,0.0006498192690000001,0.00443713,0.000616096,0.00505322,1.0266260231277,0.013697646354376,0.558268745538447,0.993214795971942,32.7722,17.2178686338306,1.6499263698978,0.921579467082607,0.156563267814079,0.0065063825406587,0.222492129631643,0.985748820519106,542.140219626934,336.495232474963,0.110839618936316,0.711407433987779,461.429858895112,0.0049796307968328,304.406747592945,0.001,0.001,-0.000975,0.001,-0.000975,0.001,0.003,0.001,0.0392,0.001,0.0412,0.00095,0.04555,0.002725,0.008075,5e-05,63,11,0,0,0.001,-0.000975,-0.000975,0.003,0.0392,0.0412,0.04555,0.001,0.001,0.001,0.001,0.001,0.00095,0.002725,0.000615869338,0.00439065,0.0131061,0.0174968,1,0.143587106695074,1,1,1.30914,1.19316667788062,1.01781274895585,1.00011426225306,0.195118648808471,0.348829546176891,0.43660290256265,0.934100812254515,585.886315309465,7.69175777436447,7.10474797720134,0.776963620904817,504.996495753549,0.907468579438788,23.5900240613488,0.001,0.481,0.539,0.499,0.539,0.499,0.503,0.499,0.541,0.499,0.543,0.499,0.547,0.497,0.008,0.0,38,6,0,0,-0.499,0.039000000000000035,0.039000000000000035,0.0030000000000000027,0.041000000000000036,0.04300000000000004,0.04700000000000004,-0.019000000000000017,-0.0010000000000000009,-0.0010000000000000009,-0.0010000000000000009,-0.0010000000000000009,-0.0010000000000000009,-0.0030000000000000027,0.0003870000000000002
17,0.00437173,0.000699466,0.0050712,1.0192563585766,0.0091435665353241,0.356119475052801,0.946814750731954,110.328,51.232947603862,1.49411274837092,0.812539828164973,0.190550112585586,0.0009066642105919,0.254092804937919,0.988827027137764,5663.46307433509,7.29752563314819,0.0679485581407069,1.41985119511354,3781.74516015163,0.0060913989792233,787.929946420937,0.0006,-0.00035,-0.00045,-0.0004,-0.00045,-0.0004,0.0142,-0.0001,0.04695,0.000125,0.048375,0.000775,0.052925,7.5e-05,0.009075,0.00215,131,22,0,0.0,0.0006,-0.00045,-0.00045,0.0142,0.04695,0.048375,0.052925,-0.00035,-0.0004,-0.0004,-0.0001,0.000125,0.000775,7.5e-05,0.0006989582690000001,0.00439066,0.000674671,0.00506533,1.02687178601202,0.0152365743747346,0.594597886511421,0.994023291707622,35.296,18.6515626608528,1.65936953974387,0.932036313647848,0.166003388421021,0.0053679066129037,0.220357752280108,0.984310293578941,598.94781843455,398.433689139864,0.113650743194077,0.869627424889077,520.040910893776,0.0049180725062588,325.178101799957,0.001,0.001,-0.000975,0.001,-0.000975,0.001,0.003,0.001,0.04525,0.000775,0.04525,0.000775,0.051175,0.0025,0.00825,0.000225,61,10,0,0,0.001,-0.000975,-0.000975,0.003,0.04525,0.04525,0.051175,0.001,0.001,0.001,0.001,0.000775,0.000775,0.0025,0.0006744443379999999,0.00434103,0.0131678,0.0175088,1,0.143977076069563,1,1,1.30935,1.21705118453372,1.02112771073067,1.00012146256736,0.200146659035727,0.339192857819043,0.433957161398338,0.9337054436875,656.559726145001,8.24997244168781,7.11408637121781,0.825679535300616,574.636547821557,0.964417731137246,24.409789203059,0.001,0.481,0.539,0.499,0.539,0.499,0.503,0.499,0.547,0.499,0.547,0.499,0.553,0.497,0.008,0.0,38,5,0,0,-0.499,0.039000000000000035,0.039000000000000035,0.0030000000000000027,0.04700000000000004,0.04700000000000004,0.05300000000000005,-0.019000000000000017,-0.0010000000000000009,-0.0010000000000000009,-0.0010000000000000009,-0.0010000000000000009,-0.0010000000000000009,-0.0030000000000000027,0.0004486999999999998
18,0.0043273,0.000753381,0.00508068,1.01878829667077,0.0100996605008886,0.396640182153313,0.956411447473926,116.074,54.1402596666525,1.51436221491747,0.838905630938877,0.201382076787293,0.0007932041797616,0.252766431384711,0.98754170416263,6302.37679605092,14.1723353153088,0.0703110683825829,1.67929773464553,4169.09247226674,0.0060430307765125,830.602743003047,0.0006,-0.00035,-0.00045,-0.0004,-0.00045,-0.0004,0.0142,-0.0001,0.051875,0.000275,0.0531,0.00095,0.05785,0.000275,0.0091,0.002125,140,26,0,0.0,0.0006,-0.00045,-0.00045,0.0142,0.051875,0.0531,0.05785,-0.00035,-0.0004,-0.0004,-0.0001,0.000275,0.00095,0.000275,0.000752873269,0.00434627,0.000730466,0.00507673,1.02701578243736,0.016701984407642,0.609720548920189,0.994832149384494,37.7628,20.1018598822382,1.66926939605133,0.951224079078271,0.175396763862631,0.0044369137571592,0.217489926749628,0.982887145766438,651.817413440712,456.301706449729,0.116909948596458,1.0362345077147,574.685854738674,0.0048591808904821,343.901223145387,0.001,0.001,-0.000975,0.001,-0.000975,0.001,0.003,0.001,0.049175,0.000625,0.051125,0.0006,0.055125,-0.001375,0.008425,0.0004,63,11,0,0,0.001,-0.000975,-0.000975,0.003,0.049175,0.051125,0.055125,0.001,0.001,0.001,0.001,0.000625,0.0006,-0.001375,0.000730239338,0.00428751,0.0132343,0.0175218,1,0.144396423656544,1,1,1.30975,1.23478602096623,1.02505232009337,1.00012870890013,0.205129625499509,0.332292832906911,0.4310028662555,0.933303597355016,728.518234321337,8.49037859943551,7.12414216848816,0.881986228347211,646.42177864137,1.03023991324782,25.0489083846242,0.001,0.481,0.539,0.499,0.539,0.499,0.503,0.499,0.553,0.499,0.553,0.499,0.559,0.497,0.008,0.0,38,5,0,0,-0.499,0.039000000000000035,0.039000000000000035,0.0030000000000000027,0.05300000000000005,0.05300000000000005,0.05900000000000005,-0.019000000000000017,-0.0010000000000000009,-0.0010000000000000009,-0.0010000000000000009,-0.0010000000000000009,-0.0010000000000000009,-0.0030000000000000027,0.0005151999999999986
19,0.00428604,0.000803308,0.00508935,1.01826163583599,0.0109864593190126,0.429086714775636,0.972082184310086,121.604,56.9786966421875,1.52878611793082,0.860739888445387,0.21211792061782,0.0007054969615974,0.250550804091174,0.986191786194036,6877.08460072276,209.843761962613,0.0702697657025464,1.92165259484528,4521.85367722997,0.0059983942362437,868.241918346994,0.0006,-0.00035,-0.00045,-0.0004,-0.00045,-0.0004,0.0142,-0.0001,0.05655,-0.000375,0.05785,0.000275,0.062475,-0.00085,0.0093,0.00225,138,25,0,0.0,0.0006,-0.00045,-0.00045,0.0142,0.05655,0.05785,0.062475,-0.00035,-0.0004,-0.0004,-0.0001,-0.000375,0.000275,-0.00085,0.000802800269,0.00429974,0.000789124,0.00508887,1.02710020403886,0.018233435101901,0.614581473220958,0.995463406730125,40.1796,21.5710515284814,1.67966386094402,0.98451250821357,0.184795971775333,0.0036849666305831,0.214605458076775,0.981417080366446,705.896509371003,515.698780028643,0.128536086865702,1.22359941549735,630.634926518037,0.0047971175097417,362.575814545432,0.001,0.001,-0.000975,0.001,-0.000975,0.001,0.003,0.001,0.0551,0.00065,0.0551,0.00065,0.0614,-0.00135,0.009225,0.0004,65,10,0,0,0.001,-0.000975,-0.000975,0.003,0.0551,0.0551,0.0614,0.001,0.001,0.001,0.001,0.00065,0.00065,-0.00135,0.0007888973379999999,0.00423716,0.013297,0.0175341,1,0.144792393614951,1,1,1.31032,1.24924526126446,1.02736481923568,1.00013593435928,0.210056728847253,0.326821659786343,0.429755615511866,0.932895691988869,792.614266751449,10.1533101837306,7.13389104688145,0.937896332377889,710.800051051651,1.09559793012097,25.4711247925265,0.001,0.481,0.539,0.499,0.539,0.499,0.503,0.499,0.559,0.499,0.559,0.499,0.565,0.497,0.008,0.0,38,5,0,0,-0.499,0.039000000000000035,0.039000000000000035,0.0030000000000000027,0.05900000000000005,0.05900000000000005,0.06499999999999995,-0.019000000000000017,-0.0010000000000000009,-0.0010000000000000009,-0.0010000000000000009,-0.0010000000000000009,-0.0010000000000000009,-0.0030000000000000027,0.0005778999999999992
20,0.00423998,0.000859058,0.00509904,1.01770895213839,0.0119887862318036,0.463339273795246,0.977540561179917,128.882,59.7404691287409,1.53640969190149,0.882635873680653,0.222796689535282,0.0006365242758743,0.245817875297382,0.984779433807346,7511.54596377319,442.989363304532,0.0715287879148916,2.20456365341158,4937.62026901747,0.005947689676688,911.139119016641,0.0006,-0.00035,-0.00045,-0.0004,-0.00045,-0.0004,0.0142,-0.0001,0.062375,0.00035,0.063025,-0.00045,0.06745,0.001,0.00945,0.00235,137,22,0,0.0,0.0006,-0.00045,-0.00045,0.0142,0.062375,0.063025,0.06745,-0.00035,-0.0004,-0.0004,-0.0001,0.00035,-0.00045,0.001,0.000858550269,0.00425042,0.00085119,0.00510161,1.02713713169378,0.0199761660047735,0.623803371689646,0.995975990757223,43.5653,23.0615622096177,1.68595222027087,1.02584266335611,0.194267412193407,0.0030820214626854,0.211705897528766,0.979791191107428,762.025778423783,577.520406645692,0.140974749997125,1.43655598091948,688.748035693645,0.0047306995637752,381.564096453522,0.001,0.001,-0.000975,0.001,-0.000975,0.001,0.003,0.001,0.06135,0.0007,0.06135,0.0007,0.067475,0.000775,0.009225,0.00025,61,10,0,0,0.001,-0.000975,-0.000975,0.003,0.06135,0.06135,0.067475,0.001,0.001,0.001,0.001,0.0007,0.0007,0.000775,0.000850963338,0.00418595,0.0133608,0.0175467,1,0.145196399918694,1,1,1.31303,1.26152380761924,1.03480496796563,1.00014316284346,0.214934510884265,0.322280956906949,0.428859273825747,0.932473515681369,855.388257572587,10.384832720386,7.14171934841773,0.998208486263888,774.120813941807,1.16610135414218,25.7653604472937,0.001,0.481,0.539,0.499,0.539,0.499,0.503,0.499,0.565,0.499,0.565,0.499,0.571,0.499,0.008,0.0,34,5,0,0,-0.499,0.039000000000000035,0.039000000000000035,0.0030000000000000027,0.06499999999999995,0.06499999999999995,0.07099999999999995,-0.019000000000000017,-0.0010000000000000009,-0.0010000000000000009,-0.0010000000000000009,-0.0010000000000000009,-0.0010000000000000009,-0.0010000000000000009,0.0006417000000000003
21,0.00419756,0.000910291,0.00510785,1.01713192586981,0.0129113225154347,0.495214017466482,0.982723923384569,139.947,62.3999686776035,1.55636022058039,0.901875897407895,0.23337339550215,0.0005818728203567,0.243835350159892,0.983286760941005,8077.15929344646,607.072569515912,0.0720488101815506,2.47747648130014,5307.52233201874,0.0059012551044485,948.361075592435,0.0006,-0.00035,-0.00045,-0.0004,-0.00045,-0.0004,0.0142,-0.0001,0.0673,0.0001,0.06815,-0.00015,0.072425,0.00165,0.0095,0.00225,141,25,0,0.0,0.0006,-0.00045,-0.00045,0.0142,0.0673,0.06815,0.072425,-0.00035,-0.0004,-0.0004,-0.0001,0.0001,-0.00015,0.00165,0.0009097832690000001,0.00420301,0.000910824,0.00511383,1.02713019982265,0.0218467071308005,0.75696593198398,0.996361231765358,48.9951,24.5716145689272,1.69186982584796,1.03479458823567,0.203801376408722,0.0026038188848534,0.209423300734421,0.977922071421211,814.376084624705,635.276437350891,0.165227822410921,1.65258351565593,742.969657501518,0.0046668807091559,398.999350653097,0.001,0.001,-0.000975,0.001,-0.000975,0.001,0.003,0.001,0.065475,0.00075,0.067475,0.000775,0.071625,-0.00125,0.009225,0.000175,65,11,0,0,0.001,-0.000975,-0.000975,0.003,0.065475,0.067475,0.071625,0.001,0.001,0.001,0.001,0.00075,0.000775,-0.00125,0.0009105973379999999,0.00413412,0.0134255,0.0175597,1,0.145605850274293,1,1,1.32793,1.27443250998021,1.03835432924091,1.00015039286118,0.219762133863257,0.318385389571656,0.426559117706761,0.932035325165656,916.548427224999,14.5548177226453,7.15011760054387,1.06258983191397,836.021503887414,1.24136106857254,25.9513325963342,0.001,0.481,0.549,0.499,0.539,0.499,0.503,0.499,0.569,0.499,0.571,0.499,0.577,0.499,0.008,0.0,39,6,0,0,-0.499,0.049000000000000044,0.039000000000000035,0.0030000000000000027,0.06899999999999995,0.07099999999999995,0.07699999999999996,-0.019000000000000017,-0.0010000000000000009,-0.0010000000000000009,-0.0010000000000000009,-0.0010000000000000009,-0.0010000000000000009,-0.0010000000000000009,0.0007063999999999994
22,0.00414989,0.000967796,0.00511769,1.01653983796364,0.0139247209193877,0.523300487343637,0.987028311321005,150.839,64.9577710579821,1.56904273944383,0.92109664098906,0.243882375080632,0.0005379080514989,0.239621195621301,0.981730326088929,8704.05058470356,800.343851592588,0.0752266531528315,2.81539997947082,5718.72650839395,0.0058482362788728,988.865461603625,0.0006,-0.00035,-0.00045,-0.0004,-0.00045,-0.0004,0.0142,-0.0001,0.072125,-7.5e-05,0.073375,0.00055,0.078,0.001175,0.009675,0.002425,141,26,0,0.0,0.0006,-0.00045,-0.00045,0.0142,0.072125,0.073375,0.078,-0.00035,-0.0004,-0.0004,-0.0001,-7.5e-05,0.00055,0.001175,0.0009672882690000001,0.00415111,0.000976153,0.00512726,1.02710473388091,0.0241315592353339,0.827385269992477,0.996699230592549,54.73,26.1033998325659,1.69764434375853,1.04447872342487,0.213441412021853,0.0022226181666196,0.2082886177162,0.975864552047945,870.200004564757,696.967905902894,0.199381836441285,1.90430263186026,800.816481191285,0.0045966164316716,417.395121433585,0.001,0.001,-0.000975,0.001,-0.000975,0.001,0.003,0.001,0.07155,0.00095,0.073525,0.001425,0.078575,0.001025,0.009,0.000825,69,11,0,0,0.001,-0.000975,-0.000975,0.003,0.07155,0.073525,0.078575,0.001,0.001,0.001,0.001,0.00095,0.001425,0.001025,0.000975926338,0.00408028,0.0134928,0.0175731,1,0.146033730090337,1,1,1.34057,1.28720347272326,1.04152711589404,1.00015762234925,0.224540939496658,0.313873469142336,0.424927919002141,0.931578169731576,977.973098518428,18.3989805548948,7.15638385639806,1.13316416345623,898.364922042158,1.3238597082043,26.0498610237702,0.001,0.481,0.549,0.499,0.549,0.499,0.503,0.499,0.575,0.499,0.577,0.499,0.583,0.499,0.008,0.0,39,6,0,0,-0.499,0.049000000000000044,0.049000000000000044,0.0030000000000000027,0.07499999999999996,0.07699999999999996,0.08299999999999996,-0.019000000000000017,-0.0010000000000000009,-0.0010000000000000009,-0.0010000000000000009,-0.0010000000000000009,-0.0010000000000000009,-0.0010000000000000009,0.0007736999999999987
23,0.00410244,0.00102508,0.00512752,1.01593229985363,0.0149518728318743,0.553119046775808,0.987940627256103,161.466,67.4047281313284,1.59763771935203,0.93940540043698,0.254313753362919,0.0005021973977592,0.235052438697912,0.980081373869754,9309.74249356404,965.813133866244,0.0752759740956242,3.14693368641045,6113.96837342095,0.0057954185129053,1027.11528460614,0.0006,-0.00035,-0.00045,-0.0004,-0.00045,-0.0004,0.0142,-0.0001,0.077975,0.00025,0.078875,0.0002,0.08315,-0.00025,0.009625,0.002325,132,21,0,0.0,0.0006,-0.00045,-0.00045,0.0142,0.077975,0.078875,0.08315,-0.00035,-0.0004,-0.0004,-0.0001,0.00025,0.0002,-0.00025,0.001024572269,0.00409956,0.00104025,0.00513981,1.02705088366991,0.0264685276928117,0.848843084475721,0.996972772100473,60.7463,27.655146549434,1.70329323684018,1.06041400731359,0.223072460724183,0.0019186242743781,0.207236185878395,0.97366325265876,924.336891971716,756.837159210154,0.228656655259519,2.2233841868835,856.930813332242,0.0045262714371236,435.113524286297,0.001,0.001,-0.000975,0.001,-0.000975,0.001,0.003,0.001,0.078575,0.001025,0.078575,0.001025,0.08465,0.001525,0.00965,0.002575,75,14,0,0,0.001,-0.000975,-0.000975,0.003,0.078575,0.078575,0.08465,0.001,0.001,0.001,0.001,0.001025,0.001025,0.001525,0.001040023338,0.0040264,0.0135602,0.0175866,1,0.146464398679575,1,1,1.35164,1.29840978698129,1.0444825987334,1.00016490607534,0.229267215791976,0.309958911961716,0.420772589137114,0.931103140127913,1037.11987040737,19.6759600657227,7.16205681797482,1.20716645100056,958.547151074379,1.41036504056009,26.0699965203561,0.001,0.481,0.549,0.499,0.549,0.499,0.503,0.499,0.583,0.499,0.583,0.499,0.589,0.499,0.008,0.0,34,5,0,0,-0.499,0.049000000000000044,0.049000000000000044,0.0030000000000000027,0.08299999999999996,0.08299999999999996,0.08899999999999997,-0.019000000000000017,-0.0010000000000000009,-0.0010000000000000009,-0.0010000000000000009,-0.0010000000000000009,-0.0010000000000000009,-0.0010000000000000009,0.0008410999999999991
24,0.00405473,0.00108268,0.0051374,1.01531798939889,0.0160269359179969,0.582959840203544,0.989592563429351,171.765,69.7375002219871,1.60040232038463,0.956548532633686,0.264679251580299,0.0004728870014804,0.233078690994377,0.978324320811819,9903.52880836814,1189.31090466201,0.0801893902629767,3.51250992542441,6501.49619391448,0.0057420053506418,1064.08141971,0.0006,-0.00035,-0.00045,-0.0004,-0.00045,-0.0004,0.0142,-0.0001,0.082325,-0.0005,0.084075,-0.000175,0.0885,-0.001075,0.009425,0.002275,156,25,0,0.0,0.0006,-0.00045,-0.00045,0.0142,0.082325,0.084075,0.0885,-0.00035,-0.0004,-0.0004,-0.0001,-0.0005,-0.000175,-0.001075,0.001082172269,0.00404518,0.00110761,0.00515278,1.03226238652772,0.0288696916569477,0.853499032737949,0.997206524369915,67.0384,29.2278846883218,1.70881859325653,1.07195156778598,0.232573464263202,0.0016742237312043,0.206215171417194,0.971501546277541,979.755890340989,818.146150662303,0.227815037038594,2.60555078265414,914.376970336612,0.0044517130677619,453.209554948883,0.001,0.001,-0.000975,0.001,-0.000975,0.001,0.003,0.001,0.08465,0.001525,0.08605,0.001125,0.09,0.001925,0.009975,0.002575,81,17,0,0,0.001,-0.000975,-0.000975,0.003,0.08465,0.08605,0.09,0.001,0.001,0.001,0.001,0.001525,0.001125,0.001925,0.001107383338,0.00397419,0.0136255,0.0175997,1,0.146883817304529,1,1,1.36159,1.30849300184178,1.04748547922454,1.00017216376286,0.233938899347952,0.306498563399885,0.417657723756391,0.930606336038544,1092.24676369234,62.6627619957802,7.16826605597759,1.28187369353141,1014.75812136881,1.49769403388661,26.0297332784976,0.001,0.481,0.549,0.499,0.549,0.499,0.503,0.499,0.587,0.499,0.589,0.499,0.595,0.499,0.008,0.0,39,6,0,0,-0.499,0.049000000000000044,0.049000000000000044,0.0030000000000000027,0.08699999999999997,0.08899999999999997,0.09499999999999997,-0.019000000000000017,-0.0010000000000000009,-0.0010000000000000009,-0.0010000000000000009,-0.0010000000000000009,-0.0010000000000000009,-0.0010000000000000009,0.0009063999999999999
25,0.00400511,0.0011423,0.00514741,1.01469784190546,0.0171882729515063,0.612997665156127,0.990996773020822,181.699,71.9568814256936,1.65435369956584,0.970129146040442,0.274970581643198,0.000448566132728,0.230281727536458,0.976449336654347,10505.1091154424,1400.85412767389,0.0833911535796778,3.9074826116755,6905.55354252715,0.005686101494927,1102.02626351384,0.0006,-0.00035,-0.00045,-0.0004,-0.00045,-0.0004,0.0142,-0.0001,0.0884,0.0001,0.08955,0.000225,0.094175,0.0006,0.009525,0.002475,151,27,0,0.0,0.0006,-0.00045,-0.00045,0.0142,0.0884,0.08955,0.094175,-0.00035,-0.0004,-0.0004,-0.0001,0.0001,0.000225,0.0006,0.001141792269,0.00400431,0.00116436,0.00516867,1.03205348786107,0.0307990534174833,0.856333535276103,0.997420761689772,75.4718,31.0249279220524,1.71587144419975,1.07988308138861,0.241914479990925,0.0014362940686396,0.204926319879099,0.969311479032504,1011.19521370336,861.306622649482,0.251783769741913,2.93437216651776,949.220539848905,0.0043945057601244,464.759787608671,0.001,0.001,-0.000975,0.001,-0.000975,0.001,0.003,0.001,0.08775,0.0007,0.09,0.001925,0.0943,0.0033,0.010075,0.002575,89,18,0,0,0.001,-0.000975,-0.000975,0.003,0.08775,0.09,0.0943,0.001,0.001,0.001,0.001,0.0007,0.001925,0.0033,0.0011641333379999999,0.00392051,0.0136927,0.0176133,1,0.147316593601057,1,1,1.37064,1.31768705376366,1.05078635536571,1.0001794927825,0.238560619905568,0.303393394391154,0.415846087955239,0.930082057958469,1147.09426464168,183.136746010535,7.17293255591684,1.36211919574201,1070.7807214356,1.59149658794021,25.9386527893058,0.001,0.481,0.549,0.499,0.549,0.499,0.503,0.499,0.595,0.499,0.595,0.499,0.601,0.499,0.008,0.0,36,5,0,0,-0.499,0.049000000000000044,0.049000000000000044,0.0030000000000000027,0.09499999999999997,0.09499999999999997,0.10099999999999998,-0.019000000000000017,-0.0010000000000000009,-0.0010000000000000009,-0.0010000000000000009,-0.0010000000000000009,-0.0010000000000000009,-0.0010000000000000009,0.0009735999999999998
26,0.00395546,0.00120186,0.00515732,1.01407757924826,0.0183393419187973,0.63719471643813,0.992372371907161,191.222,74.062617401877,1.67432194074347,0.983004309616177,0.285148173295697,0.0004281836213326,0.224214729912338,0.974486554643664,11090.6446442881,1618.18670729417,0.0846016380511767,4.34145216208737,7296.03768690097,0.0056298210337255,1138.40354550421,0.0006,-0.00035,-0.00045,-0.0004,-0.00045,-0.0004,0.0142,-0.0001,0.093475,-5e-05,0.094775,-0.00015,0.09975,0.0007,0.009725,0.002075,164,29,0,0.0,0.0006,-0.00045,-0.00045,0.0142,0.093475,0.094775,0.09975,-0.00035,-0.0004,-0.0004,-0.0001,-5e-05,-0.00015,0.0007,0.001201352269,0.00394969,0.00123384,0.00518353,1.03438350955136,0.0331931640235882,0.857191735921298,0.997582116061213,84.2055,32.8591714785031,1.72286625989111,1.0833598591556,0.251243686591889,0.001259144522788,0.203661593819151,0.966998745815237,1063.26912715078,936.871665666155,0.297626424048213,3.34631636670354,1003.8439113801,0.0043194669761569,482.078780371958,0.001,0.001,-0.000975,0.001,-0.000975,0.001,0.003,0.001,0.0941,0.0011,0.09615,0.001175,0.1014,0.00295,0.010175,0.002875,98,18,0,0,0.001,-0.000975,-0.000975,0.003,0.0941,0.09615,0.1014,0.001,0.001,0.001,0.001,0.0011,0.001175,0.00295,0.0012336133379999999,0.00386225,0.0137657,0.017628,1,0.147788102864386,1,1,1.37894,1.326127246109,1.05768819355004,1.0001867652018,0.243134903067566,0.300584046575282,0.413876916669398,0.929533186175839,1204.81614763828,270.198483923938,7.1788246253601,1.45339139428157,1129.83159807863,1.69818832814242,25.7937171108037,0.001,0.481,0.549,0.499,0.549,0.499,0.503,0.499,0.601,0.499,0.601,0.499,0.607,0.497,0.008,0.0,38,5,0,0,-0.499,0.049000000000000044,0.049000000000000044,0.0030000000000000027,0.10099999999999998,0.10099999999999998,0.10699999999999998,-0.019000000000000017,-0.0010000000000000009,-0.0010000000000000009,-0.0010000000000000009,-0.0010000000000000009,-0.0010000000000000009,-0.0030000000000000027,0.0010466
27,0.00390594,0.0012614,0.00516734,1.01346221727711,0.0194662434281714,0.659715623538776,0.992768133035362,200.304,76.0561717197258,1.69809246587293,0.994183506314102,0.295204992542262,0.0004109272034449,0.223002089288924,0.972457427617065,11660.3302523308,1818.33238670778,0.084133679233049,4.77281738685556,7678.20392763907,0.0055731982742992,1173.755321516,0.0006,-0.00035,-0.00045,-0.0004,-0.00045,-0.0004,0.0142,-0.0001,0.0996,-0.000175,0.1006,0.000425,0.105575,-0.000575,0.009825,0.0023,164,24,0,0.0,0.0006,-0.00045,-0.00045,0.0142,0.0996,0.1006,0.105575,-0.00035,-0.0004,-0.0004,-0.0001,-0.000175,0.000425,-0.000575,0.001260892269,0.00390134,0.00129759,0.00519893,1.03541147683109,0.0354205881682693,0.858120514290877,0.997706527345201,94.1386,34.8264979262727,1.73071745675935,1.08802941191881,0.260474728696333,0.0011146706467787,0.20225947343277,0.964712217342261,1119.12588824961,985.238237324191,0.337672355617328,3.73984902216528,1059.03401079337,0.0042516549483037,499.086644344563,0.001,0.001,-0.000975,0.001,-0.000975,0.001,0.0755,0.00065,0.10115,0.001125,0.10115,0.001125,0.106375,0.004525,0.010175,0.002825,86,16,0,0,0.001,-0.000975,-0.000975,0.0755,0.10115,0.10115,0.106375,0.001,0.001,0.001,0.00065,0.001125,0.001125,0.004525,0.001297363338,0.00380887,0.0138326,0.0176415,1,0.148223794192808,1,1,1.3867,1.33402319547468,1.10278267505031,1.0001939998614,0.247647718363789,0.297990972677407,0.395892070540908,0.928956929877955,1255.28280988155,333.429351098323,7.18405390142057,1.5393393861856,1181.56954519563,1.79865604817625,25.6304117466846,0.001,0.481,0.549,0.499,0.549,0.499,0.503,0.499,0.607,0.499,0.607,0.499,0.613,0.497,0.008,0.0,38,5,0,0,-0.499,0.049000000000000044,0.049000000000000044,0.0030000000000000027,0.10699999999999998,0.10699999999999998,0.11299999999999999,-0.019000000000000017,-0.0010000000000000009,-0.0010000000000000009,-0.0010000000000000009,-0.0010000000000000009,-0.0010000000000000009,-0.0030000000000000027,0.0011135
28,0.00384876,0.00133045,0.00517921,1.01285378363065,0.0206994240798499,0.68519730988333,0.994443669405239,208.971,77.9468092315905,1.73951055385766,1.00565697249869,0.305169342667674,0.0003961459285081,0.216617990197494,0.970352047044865,12302.6933821602,2045.91778809316,0.086018576248586,5.31771844443318,8077.52717881378,0.0055069063786798,1211.11495636727,0.0006,-0.00035,-0.00045,-0.0004,-0.00045,-0.0004,0.0142,-0.0001,0.105575,-0.000575,0.1065,-0.0001,0.111825,0.0001,0.009575,0.0022,150,28,0,0.0,0.0006,-0.00045,-0.00045,0.0142,0.105575,0.1065,0.111825,-0.00035,-0.0004,-0.0004,-0.0001,-0.000575,-0.0001,0.0001,0.001329942269,0.00384698,0.00136799,0.00521497,1.03639502660267,0.037920833889396,0.860402396626036,0.997828855770641,104.853,36.879645539654,1.7457345669306,1.10688012591212,0.269631233105689,0.0010016070859852,0.200794626706829,0.962321218010878,1302.42665392023,1054.32648760807,0.387564919048102,4.1848792240384,1130.44191703205,0.004176194949991,520.275942338727,0.001,0.001,-0.000975,0.001,-0.000975,0.001,0.0755,0.00065,0.106275,0.000375,0.108,0.000325,0.113425,0.001875,0.010375,0.002825,88,16,0,0,0.001,-0.000975,-0.000975,0.0755,0.106275,0.108,0.113425,0.001,0.001,0.001,0.00065,0.000375,0.000325,0.001875,0.0013677633379999999,0.0037534,0.0139022,0.0176556,1,0.148677426459712,1,1,1.394,1.34145679393565,1.12380095599578,1.00020129043415,0.252110371574501,0.295580256950945,0.379273507903658,0.928338730243181,1306.14185897296,396.642406261643,7.18890599994432,1.63229602401646,1235.00157892907,1.90731609495971,25.4461697270563,0.001,0.481,0.549,0.499,0.549,0.499,0.503,0.499,0.613,0.499,0.615,0.499,0.619,0.497,0.008,0.0,38,6,0,0,-0.499,0.049000000000000044,0.049000000000000044,0.0030000000000000027,0.11299999999999999,0.11499999999999999,0.119,-0.019000000000000017,-0.0010000000000000009,-0.0010000000000000009,-0.0010000000000000009,-0.0010000000000000009,-0.0010000000000000009,-0.0030000000000000027,0.0011830999999999994
29,0.00379339,0.00139752,0.00519091,1.01225239919215,0.0219260375760421,0.700490728303624,0.994858559618996,217.183,79.7336854050937,1.77849191114844,1.0163860814063,0.314995813552437,0.0003833717962934,0.212968785907421,0.968199551084858,12899.1124208723,2338.57698478296,0.087676616389902,5.8471721137191,8463.79091990907,0.005442860737615,1247.00688695345,0.0006,-0.00035,-0.00045,-0.0004,-0.00045,-0.0004,0.0142,-0.0001,0.112375,-0.000275,0.1135,-0.0003,0.11815,-0.000275,0.0099,0.002175,134,24,0,0.0,0.0006,-0.00045,-0.00045,0.0142,0.112375,0.1135,0.11815,-0.00035,-0.0004,-0.0004,-0.0001,-0.000275,-0.0003,-0.000275,0.001397012269,0.00379258,0.00143809,0.00523066,1.0373121416442,0.0403096645081201,0.861936059598137,0.997935747035642,116.336,39.0179449366149,1.7932420043099,1.11544437623852,0.278669156103583,0.0009121611994697,0.199267907566368,0.960034149014403,1481.59490484525,1105.09651340906,0.415485748126608,4.64600307754572,1222.8800939307,0.0041002694967018,546.117051288093,0.001,0.001,-0.000975,0.001,-0.000975,0.001,0.0755,0.00065,0.11325,-0.0003,0.115075,-0.00075,0.120725,-0.0002,0.00985,0.0022,82,15,0,0,0.001,-0.000975,-0.000975,0.0755,0.11325,0.115075,0.120725,0.001,0.001,0.001,0.00065,-0.0003,-0.00075,-0.0002,0.001437863338,0.00369328,0.0139778,0.017671,1,0.149170089048421,1,1,1.40131,1.3484810793557,1.15905312457113,1.00020853380137,0.256524532190894,0.293148152752232,0.36469311829142,0.927684978818873,1359.40157891724,476.619739092296,7.19418811398512,1.73694655670636,1291.04155703629,2.02964516098065,25.2208693336308,0.001,0.481,0.549,0.499,0.561,0.499,0.503,0.499,0.619,0.499,0.621,0.499,0.627,0.499,0.008,0.0,39,6,0,0,-0.499,0.049000000000000044,0.061000000000000054,0.0030000000000000027,0.119,0.121,0.127,-0.019000000000000017,-0.0010000000000000009,-0.0010000000000000009,-0.0010000000000000009,-0.0010000000000000009,-0.0010000000000000009,-0.0010000000000000009,0.0012586999999999997
30,0.00374121,0.00146056,0.00520177,1.01166345377419,0.0230869097462091,0.716592581678464,0.996615847784586,224.914,81.4178539191611,1.82138786089185,1.02372780313238,0.324707232599892,0.0003722240625208,0.207265177864733,0.965905819957432,13444.232305533,2555.13835645225,0.0909767793730444,6.36785370421583,8824.82010152954,0.0053820634974954,1280.49687164196,0.0006,-0.00035,-0.00045,-0.0004,-0.00045,-0.0004,0.0142,-0.0001,0.11815,-0.000275,0.11905,0.0003,0.123625,-0.000375,0.009875,0.002225,142,23,0,0.0,0.0006,-0.00045,-0.00045,0.0142,0.11815,0.11905,0.123625,-0.00035,-0.0004,-0.0004,-0.0001,-0.000275,0.0003,-0.000375,0.001460052269,0.0037344,0.00151288,0.00524728,1.03819110034724,0.0426275278214762,0.865466766072189,0.998087253066243,128.592,41.2443984663665,1.80026259618044,1.11851815710329,0.28756798050182,0.0008405612556905,0.197680750847817,0.957844928640476,1668.29430891763,1164.92343563675,0.450976283363131,5.16299324923088,1318.51014756376,0.004018798303022,572.787633782743,0.001,0.001,-0.000975,0.001,-0.000975,0.001,0.0755,0.00065,0.120725,-0.0002,0.120725,-0.0002,0.1269,-0.00195,0.01075,0.002375,83,14,0,0,0.001,-0.000975,-0.000975,0.0755,0.120725,0.120725,0.1269,0.001,0.001,0.001,0.00065,-0.0002,-0.0002,-0.00195,0.001512653338,0.00363598,0.0140496,0.0176856,1,0.149644201534589,1,1,1.44464,1.35584042917815,1.17576470791079,1.0002157828689,0.260877766423467,0.290761382190479,0.356135809788713,0.926997884409412,1408.06408770845,550.566040117911,7.19769236690925,1.83962898775328,1342.33174585058,2.14967333513741,24.9887018832978,0.001,0.481,0.561,0.499,0.561,0.499,0.503,0.499,0.627,0.499,0.627,0.499,0.633,0.497,0.008,0.0,38,5,0,0,-0.499,0.061000000000000054,0.061000000000000054,0.0030000000000000027,0.127,0.127,0.133,-0.019000000000000017,-0.0010000000000000009,-0.0010000000000000009,-0.0010000000000000009,-0.0010000000000000009,-0.0010000000000000009,-0.0030000000000000027,0.0013305
31,0.00369124,0.00152113,0.00521237,1.0110915806688,0.0242345747674003,0.733353032380624,0.997235859044097,232.158,83.0031312694778,1.86772907279692,1.03066463511275,0.334309674349454,0.0003623938788219,0.198732469000505,0.963439276214209,13948.7464728613,2789.70028413211,0.091871874348571,6.86220940960433,9160.3822864745,0.0053237387099839,1311.74202682252,0.0006,-0.00035,-0.00045,-0.0004,-0.00045,-0.0004,0.0142,-0.0001,0.123625,-0.000375,0.1247,0.000525,0.13,-0.000925,0.010075,0.00235,151,22,0,0.0,0.0006,-0.00045,-0.00045,0.0142,0.123625,0.1247,0.13,-0.00035,-0.0004,-0.0004,-0.0001,-0.000375,0.000525,-0.000925,0.0015206222690000001,0.00367925,0.00158423,0.00526348,1.03899589765292,0.0447582891434716,0.869318626472952,0.998155716921143,141.577,43.5562909288368,1.81215197371288,1.12465167292815,0.296347967198647,0.0007826238035182,0.193488776814887,0.955577080012667,1840.50491940749,1219.03887091165,0.522594352899518,5.66408991975038,1412.89417442614,0.003941413434086,598.726969095727,0.001,0.001,-0.000975,0.001,-0.000975,0.001,0.0755,0.00065,0.1268,0.000275,0.1268,0.000275,0.133475,0.0018,0.010825,0.00305,79,15,0,0,0.001,-0.000975,-0.000975,0.0755,0.1268,0.1268,0.133475,0.001,0.001,0.001,0.00065,0.000275,0.000275,0.0018,0.001584003338,0.00357947,0.0141207,0.0177001,1,0.150112479455207,1,1,1.48746,1.36299591532856,1.19889111856637,1.00022308487141,0.265174240289832,0.288523864054656,0.347735450853784,0.926267388453201,1454.18482284897,621.402377506527,7.20116607257195,1.94376878471037,1391.0152542682,2.27140477172692,24.7467789720945,0.001,0.481,0.561,0.499,0.561,0.499,0.503,0.499,0.633,0.499,0.633,0.499,0.639,0.497,0.008,0.0,38,5,0,0,-0.499,0.061000000000000054,0.061000000000000054,0.0030000000000000027,0.133,0.133,0.139,-0.019000000000000017,-0.0010000000000000009,-0.0010000000000000009,-0.0010000000000000009,-0.0010000000000000009,-0.0010000000000000009,-0.0030000000000000027,0.0014015999999999994
32,0.00363488,0.00158916,0.00522404,1.01053805426958,0.0255460885450883,0.750885622038556,0.997945344004074,238.951,84.498318213981,1.89631539765697,1.03745760649754,0.343831543479336,0.0003536342698639,0.190697681620574,0.960840364698499,14504.2178725251,2941.78979228933,0.0982715506436384,7.45771159441042,9530.42791208613,0.0052569282575052,1346.44982832425,0.0006,-0.00035,-0.00045,-0.0004,-0.00045,-0.0004,0.0142,-0.0001,0.13065,7.5e-05,0.1316,0.000175,0.1365,2.5e-05,0.00985,0.002425,151,27,0,0.0,0.0006,-0.00045,-0.00045,0.0142,0.13065,0.1316,0.1365,-0.00035,-0.0004,-0.0004,-0.0001,7.5e-05,0.000175,2.5e-05,0.001588652269,0.00361989,0.00166076,0.00528065,1.03976430618198,0.0470743827454349,0.876465743904907,0.998241184047943,155.293,45.9542188498916,1.86247946090457,1.12924429250946,0.305098289492903,0.0007352191765319,0.187464222400118,0.953220031954287,2019.09515208557,1272.30579808945,0.608318599840328,6.20814661807784,1512.07742086951,0.0038581510643253,626.03324982401,0.001,0.001,-0.000975,0.001,-0.000975,0.001,0.0755,0.00065,0.133375,-0.000125,0.135375,-0.00015,0.139325,0.0018,0.010825,0.00305,74,15,0,0,0.001,-0.000975,-0.000975,0.0755,0.133375,0.135375,0.139325,0.001,0.001,0.001,0.00065,-0.000125,-0.00015,0.0018,0.001660533338,0.00351545,0.0142012,0.0177167,1,0.150643434726052,1,1,1.52968,1.36978947309884,1.20419870764129,1.00023035432138,0.269424443885892,0.286423416736849,0.344357755379644,0.925495625532219,1504.79199560789,699.937701804353,7.20317133994325,2.06633734459527,1444.53075074203,2.41467769369835,24.4587248024157,0.001,0.481,0.561,0.499,0.561,0.499,0.503,0.499,0.641,0.499,0.641,0.499,0.647,0.497,0.008,0.0,38,5,0,0,-0.499,0.061000000000000054,0.061000000000000054,0.0030000000000000027,0.14100000000000001,0.14100000000000001,0.14700000000000002,-0.019000000000000017,-0.0010000000000000009,-0.0010000000000000009,-0.0010000000000000009,-0.0010000000000000009,-0.0010000000000000009,-0.0030000000000000027,0.0014821
33,0.00357916,0.0016567,0.00523586,1.01000222473125,0.0268629349984841,0.763582653431522,0.998517302853691,245.297,85.9070641302148,1.98020535671619,1.04438898279431,0.353250726224487,0.000345752905126,0.187376153361511,0.958031033095238,15034.980244739,3171.41310831319,0.105990568744474,8.05313962038562,9881.21417594978,0.0051904212563486,1379.76096148559,0.0006,-0.00035,-0.00045,-0.0004,-0.00045,-0.0004,0.0142,-0.0001,0.1365,2.5e-05,0.137575,-0.000675,0.14265,-0.00085,0.01005,0.002325,148,25,0,0.0,0.0006,-0.00045,-0.00045,0.0142,0.1365,0.137575,0.14265,-0.00035,-0.0004,-0.0004,-0.0001,2.5e-05,-0.000675,-0.00085,0.0016561922690000001,0.00356101,0.00173634,0.00529735,1.04051087259184,0.0492873993009278,0.886280939987529,0.998345694285586,169.714,48.4366855669017,1.88062262311561,1.13400095066089,0.313734305782495,0.0006960548128671,0.18628729307779,0.950868174258159,2190.52253608775,1329.71046981983,0.65726311022031,6.76773853223609,1613.63908442091,0.0037754209811115,653.763258769265,0.001,0.001,-0.000975,0.001,-0.000975,0.001,0.0755,0.00065,0.139275,-0.000125,0.141225,-5e-05,0.14725,-0.00175,0.0095,0.001625,71,13,0,0,0.001,-0.000975,-0.000975,0.0755,0.139275,0.141225,0.14725,0.001,0.001,0.001,0.00065,-0.000125,-5e-05,-0.00175,0.001736113338,0.00345507,0.0142771,0.0177322,1,0.151150408992663,1,1,1.57131,1.37630215853023,1.21294217244222,1.00023760887877,0.273609507137204,0.284431355972246,0.341191709017254,0.924690682405865,1550.317087207,771.294225795794,7.20531623758269,2.18464760016808,1492.76457486598,2.55297270039166,24.1809063283773,0.001,0.481,0.561,0.499,0.561,0.499,0.503,0.499,0.647,0.499,0.649,0.499,0.653,0.497,0.008,0.0,38,6,0,0,-0.499,0.061000000000000054,0.061000000000000054,0.0030000000000000027,0.14700000000000002,0.14900000000000002,0.15300000000000002,-0.019000000000000017,-0.0010000000000000009,-0.0010000000000000009,-0.0010000000000000009,-0.0010000000000000009,-0.0010000000000000009,-0.0030000000000000027,0.0015579999999999986
34,0.00352305,0.00172507,0.00524812,1.00948585589103,0.0282584668078202,0.780966463032261,0.998682890327556,251.212,87.2342772522165,2.03465159242278,1.04918938428075,0.362551004484466,0.0003385940971295,0.181389042010344,0.955122433082483,15550.807084507,3387.51528901966,0.103004319239282,8.66309422898432,10219.3387405841,0.0051230185884399,1412.36982910806,0.0006,-0.00035,-0.00045,-0.0004,-0.00045,-0.0004,0.0142,-0.0001,0.1421,0.000175,0.1443,-0.000325,0.1493,0.0,0.009975,0.00235,172,25,0,0.0,0.0006,-0.00045,-0.00045,0.0142,0.1421,0.1443,0.1493,-0.00035,-0.0004,-0.0004,-0.0001,0.000175,-0.000325,0.0,0.001724562269,0.00350164,0.00181273,0.00531438,1.04123478275932,0.0513870758952831,0.892196690229877,0.99841881801634,184.825,52.2373798910068,1.92333333898007,1.14267694002977,0.322242627582526,0.000663404010725,0.185104321657495,0.948603898348755,2358.23896616205,1392.93106977398,0.995927954864885,7.34178838014122,1718.85089954303,0.0036918823984202,682.331111258825,0.001,0.001,0.001,0.001,-0.000975,0.001,0.0755,0.00065,0.147225,0.00025,0.147225,0.00025,0.1536,-0.001475,0.00885,0.0004,64,10,0,0,0.001,0.001,-0.000975,0.0755,0.147225,0.147225,0.1536,0.001,0.001,0.001,0.00065,0.00025,0.00025,-0.001475,0.001812503338,0.00339132,0.0143575,0.0177488,1,0.151683963647341,1,1,1.61232,1.38256727113652,1.21708579599931,1.00024486982593,0.277739903202411,0.282534657837735,0.339545145843955,0.923850059972184,1596.47173156947,844.276772662378,7.20725055356549,2.3131742876806,1541.73081746334,2.70320957936709,23.8816548764567,0.001,0.481,0.561,0.499,0.561,0.499,0.503,0.499,0.655,0.499,0.655,0.499,0.661,0.497,0.008,0.0,38,5,0,0,-0.499,0.061000000000000054,0.061000000000000054,0.0030000000000000027,0.15500000000000003,0.15500000000000003,0.16100000000000003,-0.019000000000000017,-0.0010000000000000009,-0.0010000000000000009,-0.0010000000000000009,-0.0010000000000000009,-0.0010000000000000009,-0.0030000000000000027,0.0016384
35,0.00345582,0.00180657,0.00526239,1.01725613953915,0.0297593863276076,0.797657703451698,0.998980292386339,256.735,88.4877115555195,2.06869299934316,1.05873529265403,0.37174455098562,0.0003320429235954,0.176711249275277,0.952179941661609,16150.0756807138,3680.17456032827,0.110427261718945,9.45978367934947,10610.5497935838,0.0050408226143351,1450.83570968297,0.0006,-0.00035,-0.00045,-0.0004,-0.00045,-0.0004,0.0142,-0.0001,0.150575,0.00015,0.15125,-0.000475,0.156625,-0.00135,0.00985,0.002425,171,32,0,0.0,0.0006,-0.00045,-0.00045,0.0142,0.150575,0.15125,0.156625,-0.00035,-0.0004,-0.0004,-0.0001,0.00015,-0.000475,-0.00135,0.001806062269,0.0034432,0.0018882,0.0053314,1.04194721662252,0.0533796733191209,0.895193609699591,0.998466397543824,200.596,56.5224370933774,2.01381436144841,1.14373070776858,0.330667302069833,0.0006359879867549,0.183915268704506,0.946377438215381,2518.1409867139,1434.4402696836,0.934393818877602,7.91084255460562,1826.27959903637,0.0036096194131107,711.300193804296,0.001,0.001,0.001,0.001,-0.000975,0.001,0.0755,0.00065,0.153575,0.000625,0.1558,0.0008,0.1608,0.0009,0.009375,0.00095,63,11,0,0,0.001,0.001,-0.000975,0.0755,0.153575,0.1558,0.1608,0.001,0.001,0.001,0.00065,0.000625,0.0008,0.0009,0.001887973338,0.00332978,0.014435,0.0177648,1,0.152204183768317,1,1,1.65269,1.40166744900527,1.23373834960818,1.00025223637983,0.281806749528341,0.280716910350751,0.337927456453419,0.922972819726278,1639.12426675685,912.293399245687,7.20967965737602,2.4402739959146,1587.0457173829,2.85177817113399,23.5904838509269,0.001,0.481,0.999,0.01125,0.561,0.499,0.503,0.499,0.661,0.499,0.663,0.499,0.667,0.497,0.008,0.0,38,6,0,0,-0.499,0.499,0.061000000000000054,0.0030000000000000027,0.16100000000000003,0.16300000000000003,0.16700000000000004,-0.019000000000000017,-0.48875,-0.0010000000000000009,-0.0010000000000000009,-0.0010000000000000009,-0.0010000000000000009,-0.0030000000000000027,0.0017158999999999994
36,0.00340526,0.0018747,0.00527996,1.01616435879346,0.0310337399474128,0.80563924912627,0.999179270515804,273.306,91.3028859497241,2.16890128569126,1.06023151583573,0.380815581542633,0.0003211334204648,0.173617284331843,0.949121706050923,16501.7825806705,3783.61967888751,0.109230518101332,9.94774123619074,10710.0002005154,0.004975508060497,1467.15508238337,0.0006,-0.00035,-0.00045,-0.0004,-0.00045,-0.0004,0.0142,-0.0001,0.156425,-0.0004,0.157525,-0.001075,0.163425,-0.000875,0.010125,0.002475,149,26,0,0.0,0.0006,-0.00045,-0.00045,0.0142,0.156425,0.157525,0.163425,-0.00035,-0.0004,-0.0004,-0.0001,-0.0004,-0.001075,-0.000875,0.001874192269,0.00338375,0.00196554,0.00534929,1.04326879217723,0.0553752781319197,0.898010710435585,0.998571162607829,217.004,60.9897518569954,2.10458437035311,1.14902673677114,0.339074333462118,0.0006128156049498,0.182720578647462,0.944081189533885,2691.50864340511,1481.2813145924,1.14913828239335,8.48057402108607,1935.69544567308,0.0035263264675151,740.89600958196,0.001,0.001,0.001,0.001,-0.000975,0.001,0.0834,0.0016,0.1608,0.0009,0.1608,0.0009,0.1678,-0.00165,0.009625,0.001075,65,10,0,0,0.001,0.001,-0.000975,0.0834,0.1608,0.1608,0.1678,0.001,0.001,0.001,0.0016,0.0009,0.0009,-0.00165,0.001965313338,0.00326885,0.0145119,0.0177807,1,0.152720632772176,1,1,1.69242,1.43551984995191,1.24389711978496,1.00025957950894,0.28581319177938,0.275175210499747,0.330403677935053,0.922052355210191,1679.58221185467,977.319483135269,7.21023488329085,2.56897174096722,1630.08637499775,3.00221448356861,23.30153067969,0.001,0.481,0.999,0.01125,0.999,0.01125,0.503,0.499,0.669,0.499,0.669,0.499,0.675,0.497,0.008,0.0,38,5,0,0,-0.499,0.499,0.499,0.0030000000000000027,0.16900000000000004,0.16900000000000004,0.17500000000000004,-0.019000000000000017,-0.48875,-0.48875,-0.0010000000000000009,-0.0010000000000000009,-0.0010000000000000009,-0.0030000000000000027,0.001792799999999999
37,0.00335304,0.00193786,0.0052909,1.01754592455169,0.0322562106655027,0.815564773962469,0.99932217696496,288.356,93.8839483015586,2.21492204469522,1.06722540669458,0.389767463495557,0.0003133320313881,0.169858322070056,0.945837078133708,16937.021478931,3996.467789294,0.113898768220616,10.5544906059755,11011.5392072545,0.0049120485959478,1497.24436538818,0.0006,-0.00035,-0.00045,-0.0004,-0.00045,-0.0004,0.0142,-0.0001,0.162725,-0.000325,0.164,-0.000325,0.1692,0.00085,0.0102,0.00245,147,24,0,0.0,0.0006,-0.00045,-0.00045,0.0142,0.162725,0.164,0.1692,-0.00035,-0.0004,-0.0004,-0.0001,-0.000325,-0.000325,0.00085,0.001937352269,0.00332074,0.00204709,0.00536783,1.04438490918373,0.0576445944058387,0.902797303680753,0.998612225969271,234.006,65.6574099243154,2.19608974103647,1.15836001988055,0.347580325261568,0.0005938684485131,0.181517542215776,0.941536383332841,2873.41707791318,1519.53103273436,1.4513242836132,9.08759257655312,2050.19220815162,0.0034378317638666,772.24477641655,0.001,0.001,0.001,0.001,-0.000975,0.001,0.0834,0.0016,0.167175,0.0003,0.169575,0.000725,0.174875,-0.000725,0.0094,0.00165,61,10,0,0,0.001,0.001,-0.000975,0.0834,0.167175,0.169575,0.174875,0.001,0.001,0.001,0.0016,0.0003,0.000725,-0.000725,0.0020468633380000003,0.00320428,0.0145935,0.0177978,1,0.153269078671665,1,1,1.73145,1.46878783056298,1.2503993626329,1.00026683710851,0.289765038103165,0.266038456030983,0.326442135640116,0.92108365628366,1720.82922280257,1044.14708430945,7.21095833564476,2.70912586833956,1674.02204914425,3.16604203889497,22.9944088165446,0.001,0.481,0.999,0.01125,0.999,0.01125,0.503,0.499,0.675,0.499,0.677,0.499,0.683,0.499,0.008,0.0,41,6,0,0,-0.499,0.499,0.499,0.0030000000000000027,0.17500000000000004,0.17700000000000005,0.18300000000000005,-0.019000000000000017,-0.48875,-0.48875,-0.0010000000000000009,-0.0010000000000000009,-0.0010000000000000009,-0.0010000000000000009,0.0018744
38,0.00329701,0.00200856,0.00530557,1.0175683447729,0.0336796726037714,0.82973649673686,0.999355235418052,306.027,96.8810932423711,2.26197634621369,1.07202894745197,0.398691488395693,0.0003062446436804,0.163255622564659,0.942317241889753,17353.908596524,4163.29193007704,0.125853733676639,11.1665097679474,11268.9357359652,0.0048403317979635,1525.82204278263,0.0006,-0.00035,-0.00045,-0.0004,-0.00045,-0.0004,0.0142,-0.0001,0.169775,-0.00035,0.1705,-0.000275,0.175825,-0.001275,0.009975,0.0026,154,29,0,0.0,0.0006,-0.00045,-0.00045,0.0142,0.169775,0.1705,0.175825,-0.00035,-0.0004,-0.0004,-0.0001,-0.00035,-0.000275,-0.001275,0.002008052269,0.00325782,0.00212818,0.005386,1.04555998032295,0.0600971440584809,0.910587375597293,0.998649351428375,251.627,70.5228500900778,2.28904177470043,1.16651136806652,0.356171058298098,0.0005780324759142,0.179540802242645,0.938674930611387,3050.70534629818,1556.0216820485,2.23385980957067,9.70934849368242,2160.31968533482,0.0033495769647078,803.089653776992,0.001,0.001,0.001,0.001,-0.000975,0.001,0.0834,0.0016,0.176025,0.00165,0.17755,0.001575,0.181775,0.003125,0.0094,0.002275,60,11,0,0,0.001,0.001,-0.000975,0.0834,0.176025,0.17755,0.181775,0.001,0.001,0.001,0.0016,0.00165,0.001575,0.003125,0.002127953338,0.00313589,0.0146799,0.0178158,1,0.153852792223055,1,1,1.76972,1.50141600566864,1.25443118976939,1.00027408136462,0.293659473229373,0.257511781622488,0.32490836216304,0.920079182089073,1762.63678360347,1112.45229598785,7.21126685389505,2.86131135715177,1718.61574533147,3.34393290024613,22.6704748078633,0.001,0.481,0.999,0.01125,0.999,0.01125,0.503,0.499,0.683,0.499,0.685,0.499,0.691,0.499,0.008,0.0,41,6,0,0,-0.499,0.499,0.499,0.0030000000000000027,0.18300000000000005,0.18500000000000005,0.19099999999999995,-0.019000000000000017,-0.48875,-0.48875,-0.0010000000000000009,-0.0010000000000000009,-0.0010000000000000009,-0.0010000000000000009,0.0019607999999999987
39,0.00323556,0.00208465,0.0053202,1.01746237838687,0.0352142118301363,0.840224237021907,0.999457068838583,324.194,99.9618167177194,2.39693500409826,1.07866675695845,0.407530644243037,0.0003005295346089,0.159323224189349,0.938638050452853,17814.6555344318,4414.21546480677,0.136081935012444,11.9134867570345,11569.1774541502,0.00476211687286,1558.65937620394,0.0006,-0.00035,-0.00045,-0.0004,-0.00045,-0.0004,0.0142,-0.0001,0.1768,2.5e-05,0.1779,0.000125,0.1832,0.0006,0.009925,0.0024,162,32,0,0.0,0.0006,-0.00045,-0.00045,0.0142,0.1768,0.1779,0.1832,-0.00035,-0.0004,-0.0004,-0.0001,2.5e-05,0.000125,0.0006,0.002084142269,0.00318909,0.00221664,0.00540573,1.04683499015017,0.0629348155913806,0.928616681489412,0.998686148183954,269.829,75.5837763696425,2.38402861388284,1.17023124063263,0.36483406966612,0.0005647905328928,0.176358789207868,0.93551641134919,3234.96942433973,1595.36961952007,3.15950420826692,10.4197334779872,2275.43955677822,0.0032538232590672,836.249117022691,0.001,0.001,0.001,0.001,-0.000975,0.001,0.0834,0.0016,0.183675,0.001125,0.18575,0.001075,0.18975,0.0029,0.009225,0.002275,64,12,0,0,0.001,0.001,-0.000975,0.0834,0.183675,0.18575,0.18975,0.001,0.001,0.001,0.0016,0.001125,0.001075,0.0029,0.0022164133380000004,0.00307022,0.0147631,0.0178333,1,0.154416546175999,1,1,1.80722,1.53341407788402,1.25969785650992,1.00028135777135,0.297485432222916,0.249541185147189,0.322980474813933,0.919037814271694,1800.74594770782,1175.25530558216,7.21140992929003,3.0098918407332,1759.32603917217,3.517609592245,22.3639929583373,0.001,0.481,0.999,0.01125,0.999,0.01125,0.503,0.499,0.691,0.499,0.693,0.499,0.697,0.497,0.008,0.0,38,6,0,0,-0.499,0.499,0.499,0.0030000000000000027,0.19099999999999995,0.19299999999999995,0.19699999999999995,-0.019000000000000017,-0.48875,-0.48875,-0.0010000000000000009,-0.0010000000000000009,-0.0010000000000000009,-0.0030000000000000027,0.002043999999999999
40,0.00317442,0.00215985,0.00533426,1.01729612697613,0.0367348801471243,0.850123293912537,0.999526250334655,342.523,103.07059138073,2.41446727642925,1.08253410285184,0.416246522442273,0.0002959147420802,0.155518365125965,0.934869647665273,18255.31032356,4585.51130999829,0.141148855978931,12.6833074284825,11863.2044715368,0.0046836341083862,1591.51057208548,0.0006,-0.00035,-0.00045,-0.0004,-0.00045,-0.0004,0.0142,-0.0001,0.18415,0.000225,0.1849,0.0001,0.1904,7.5e-05,0.01015,0.00245,161,31,0,0.0,0.0006,-0.00045,-0.00045,0.0142,0.18415,0.1849,0.1904,-0.00035,-0.0004,-0.0004,-0.0001,0.000225,0.0001,7.5e-05,0.002159342269,0.00312131,0.0023037,0.00542501,1.04822029281472,0.0659128762491337,0.943628994599715,0.99872491026827,288.549,80.8301919696395,2.47140181978993,1.18331022379991,0.373469496026676,0.0005536433131772,0.174102267452732,0.93211716236103,3408.9502407572,1636.15895762444,19.8380155779754,11.1416433293213,2384.56273971688,0.0031595108422494,868.749268179734,0.001,0.001,0.001,0.001,-0.000975,0.001,0.0834,0.0016,0.1917,0.0011,0.193675,0.0011,0.1994,0.0011,0.01105,0.0016,71,12,0,0,0.001,0.001,-0.000975,0.0834,0.1917,0.193675,0.1994,0.001,0.001,0.001,0.0016,0.0011,0.0011,0.0011,0.0023034733380000003,0.00300174,0.0148499,0.0178516,1,0.155006192009309,1,1,1.84392,1.56473340628796,1.26552715148271,1.00028863110295,0.301251065950041,0.24209207356581,0.320852457381985,0.917956645147427,1838.75310881521,1238.42629567592,7.21028693071294,3.16846585432666,1799.98486781212,3.70296754224244,22.0475062491923,0.001,0.481,0.999,0.01125,0.999,0.01125,0.503,0.499,0.699,0.499,0.701,0.499,0.705,0.497,0.008,0.0,38,6,0,0,-0.499,0.499,0.499,0.0030000000000000027,0.19899999999999995,0.20099999999999996,0.20499999999999996,-0.019000000000000017,-0.48875,-0.48875,-0.0010000000000000009,-0.0010000000000000009,-0.0010000000000000009,-0.0030000000000000027,0.0021307999999999987
41,0.00311715,0.00223061,0.00534776,1.01707864429795,0.0381504162844666,0.860045144933378,0.999868643615548,360.86,106.181562181,2.47825298703579,1.08620586714675,0.42480705812192,0.0002921353358503,0.1509370952823,0.930997811915654,18652.6220569866,4747.66779403074,0.145042546443139,13.4003400003055,12125.1040738611,0.0046096505815125,1621.8427145357,0.0006,-0.00035,-0.00045,-0.0004,-0.00045,-0.0004,0.0142,-0.0001,0.1904,7.5e-05,0.191675,0.000275,0.196825,-0.000125,0.010025,0.002325,168,32,0,0.0,0.0006,-0.00045,-0.00045,0.0142,0.1904,0.191675,0.196825,-0.00035,-0.0004,-0.0004,-0.0001,7.5e-05,0.000275,-0.000125,0.002230102269,0.00303929,0.00241335,0.00545263,1.06418191267774,0.0695835667125249,0.983538633357578,0.999157074074492,301.67,84.5138538453497,2.54733253448021,1.18856615459398,0.381859994198146,0.0005456804018419,0.172438365115413,0.928654989826456,3610.38299579027,1689.99762755139,260.308615265763,11.9818206484532,2518.54077693338,0.0030517837381559,908.442860540495,0.001,0.001,0.001,0.001,-0.000975,0.001,0.0834,0.0016,0.20125,0.001075,0.20125,0.001075,0.2081,0.001575,0.011125,0.0001,89,11,0,0,0.001,0.001,-0.000975,0.0834,0.20125,0.20125,0.2081,0.001,0.001,0.001,0.0016,0.001075,0.001075,0.001575,0.002413123338,0.00293467,0.014935,0.0178696,1,0.155588155935777,1,1,1.8798,1.595369452174,1.27121715932888,1.000295890079,0.304949691095922,0.235122940031824,0.318795488771664,0.916833430979049,1874.1728183921,1297.81639995696,7.20936792134159,3.32666854244779,1837.93387759758,3.88789121019017,21.7424204315606,0.001,0.481,0.999,0.01125,0.999,0.01125,0.503,0.499,0.707,0.499,0.709,0.499,0.713,0.497,0.008,0.0,38,6,0,0,-0.499,0.499,0.499,0.0030000000000000027,0.20699999999999996,0.20899999999999996,0.21299999999999997,-0.019000000000000017,-0.48875,-0.48875,-0.0010000000000000009,-0.0010000000000000009,-0.0010000000000000009,-0.0030000000000000027,0.0022159
42,0.00305845,0.00230376,0.00536221,1.01682633652895,0.0395754968072502,0.86987943032576,0.999986968282053,379.101,109.276803010289,2.53617091308666,1.09114919353541,0.433239779865448,0.000288990345866,0.14794848594185,0.927025623613317,19043.7241068014,4925.19872337167,0.149055943217915,14.1118012510944,12387.4867541226,0.0045328909735783,1653.11841915196,0.0006,-0.00035,-0.00045,-0.0004,-0.00045,-0.0004,0.0142,-0.0001,0.196825,-0.000125,0.19855,2.7105054312137602e-20,0.203775,-0.000425,0.0104,0.002475,174,29,0,0.0,0.0006,-0.00045,-0.00045,0.0142,0.196825,0.19855,0.203775,-0.00035,-0.0004,-0.0004,-0.0001,-0.000125,2.7105054312137602e-20,-0.000425,0.002303252269,0.00297502,0.00248517,0.00546019,1.08535656791932,0.0724854229320882,0.989328851753104,0.999302033769852,310.646,87.2415852552274,2.62355337775266,1.19236963317206,0.389896857435239,0.0005417997004274,0.169287349403541,0.925373383025466,3763.02672059701,1732.88450830875,354.748761067084,12.7208359409062,2621.00284950968,0.0029645111748486,940.280004361175,0.001,0.001,0.001,0.001,-0.000975,0.001,0.0834,0.0016,0.20735,5e-05,0.2081,0.001575,0.214625,-0.000775,0.011025,0.002675,96,15,0,0,0.001,0.001,-0.000975,0.0834,0.20735,0.2081,0.214625,0.001,0.001,0.001,0.0016,5e-05,0.001575,-0.000775,0.0024849433380000003,0.00286682,0.0150212,0.017888,1,0.156178315483233,1,1,1.91482,1.62529437133249,1.28172767313986,1.00030313378322,0.3085847920088,0.228601461354492,0.316801085683375,0.915664966723193,1908.4214605621,1355.57738139958,7.20787565938496,3.48976066463709,1874.57444124923,4.07852993141377,21.438752903753,0.001,0.481,0.999,0.01125,0.999,0.01125,0.505,0.499,0.715,0.499,0.717,0.499,0.721,0.497,0.008,0.0,38,6,0,0,-0.499,0.499,0.499,0.0050000000000000044,0.21499999999999997,0.21699999999999997,0.22099999999999997,-0.019000000000000017,-0.48875,-0.48875,-0.0010000000000000009,-0.0010000000000000009,-0.0010000000000000009,-0.0030000000000000027,0.0023020999999999996
43,0.00299504,0.00238261,0.00537765,1.01654821276732,0.0410910222558306,0.878063724905152,1.00014289112065,397.184,113.656241959714,2.60770806931854,1.09600831496276,0.441566012712896,0.0002863306744374,0.144241650023125,0.922911603408382,19451.0846161939,5242.26706827136,0.162275017389949,14.9725075991567,12657.8084113715,0.0044483840657647,1686.85642924729,0.0006,-0.00035,0.0006,-0.00035,-0.00045,-0.0004,0.0142,-0.0001,0.204675,-0.0004,0.20595,-5e-05,0.21125,0.000125,0.010325,0.0022,160,26,0,0.0,0.0006,0.0006,-0.00045,0.0142,0.204675,0.20595,0.21125,-0.00035,-0.00035,-0.0004,-0.0001,-0.0004,-5e-05,0.000125,0.002382102269,0.00288142,0.00259504,0.00547646,1.12722499236652,0.0759179334042771,0.992960566287138,1.00088739221769,317.017,89.2656599761363,2.69960368212745,1.19932982631429,0.397618213893204,0.0005240020796282,0.16341152680574,0.922192821548965,3976.41869692015,1818.37292906329,488.286603174132,13.9650716474707,2762.57692440696,0.0028558603400926,983.532481581555,0.001,0.001,0.001,0.001,-0.000975,0.001,0.0834,0.0016,0.21645,0.00165,0.21645,0.00165,0.222,0.00335,0.011075,0.002675,82,14,0,0,0.001,0.001,-0.000975,0.0834,0.21645,0.21645,0.222,0.001,0.001,0.001,0.0016,0.00165,0.00165,0.00335,0.002594813338,0.00279806,0.0151087,0.0179068,1,0.156778879064157,1,1,1.94896,1.65447809897849,1.29355234044098,1.0003103783976,0.312156041595741,0.222498715638259,0.313793195766706,0.914442859047746,1942.04428270279,1411.82990274994,7.20602321511554,3.65814081070515,1909.99266404785,4.27534961351977,21.136351966742,0.001,0.481,0.999,0.01125,0.999,0.01125,0.505,0.499,0.723,0.499,0.725,0.499,0.729,0.497,0.008,0.0,38,6,0,0,-0.499,0.499,0.499,0.0050000000000000044,0.22299999999999998,0.22499999999999998,0.22899999999999998,-0.019000000000000017,-0.48875,-0.48875,-0.0010000000000000009,-0.0010000000000000009,-0.0010000000000000009,-0.0030000000000000027,0.0023895999999999987
44,0.0029319,0.00246092,0.00539282,1.01625156780072,0.0426349218888628,0.885941153040777,1.00023171596727,415.024,118.640657922815,2.72796404918971,1.09918218920429,0.449755113192273,0.0002840509821893,0.138111788337949,0.918637980457366,19839.2710254817,5389.25006162223,0.173605869572688,15.8585176900087,12910.3174448632,0.0043635250779533,1720.0842624197,0.0006,-0.00035,0.0006,-0.00035,-0.00045,-0.0004,0.0142,-0.0001,0.21175,-0.0005,0.21325,0.00025,0.218775,-0.000675,0.010525,0.00255,159,28,0,0.0,0.0006,0.0006,-0.00045,0.0142,0.21175,0.21325,0.218775,-0.00035,-0.00035,-0.0004,-0.0001,-0.0005,0.00025,-0.000675,0.002460412269,0.00282678,0.00268529,0.00551207,1.13411694789298,0.0783344263703864,0.994685346698807,1.00093926081492,318.118,89.7042832833565,2.77683730322324,1.20553764240201,0.405090897852728,0.0004727966576208,0.156854855723379,0.919051155327089,4091.19771879436,1828.41569030531,555.009355398027,14.4239827692046,2835.79339555061,0.002769371012571,1011.92126465239,0.001,0.001,0.001,0.001,-0.000975,0.001,0.0834,0.0016,0.224075,0.0012,0.2263,0.00115,0.2309,-0.00095,0.010875,0.003075,79,15,0,0,0.001,0.001,-0.000975,0.0834,0.224075,0.2263,0.2309,0.001,0.001,0.001,0.0016,0.0012,0.00115,-0.00095,0.002685063338,0.00272894,0.0151968,0.0179258,1,0.157385325593868,1,1,1.98219,1.68289689053406,1.29859288978312,1.00031762656823,0.315662093777126,0.216787136262691,0.309220448021442,0.913169537057223,1974.1847003964,1466.08162381606,7.20388532398514,3.83029979799727,1943.88978174705,4.4765861698616,20.8383027836682,0.001,0.481,0.999,0.01125,0.999,0.01125,0.505,0.499,0.731,0.499,0.733,0.499,0.737,0.497,0.008,0.0,38,6,0,0,-0.499,0.499,0.499,0.0050000000000000044,0.23099999999999998,0.23299999999999998,0.237,-0.019000000000000017,-0.48875,-0.48875,-0.0010000000000000009,-0.0010000000000000009,-0.0010000000000000009,-0.0030000000000000027,0.0024776999999999993
45,0.00286774,0.00254094,0.00540867,1.01594552121431,0.0442124013871717,0.897220638535727,1.00029508725226,432.579,123.54040132633,2.85360819063135,1.10207429913267,0.457829813257381,0.0002820711663535,0.130336106261289,0.914208878227169,20216.4705609881,5678.19810425112,0.190780356687837,16.7735037261525,13148.5180086427,0.0042763478312157,1753.48433891313,0.0006,-0.00035,0.0006,-0.00035,-0.00045,-0.0004,0.0142,-0.0001,0.219675,-0.0005,0.220825,-0.0001,0.226225,-0.0015,0.010275,0.00275,159,25,0,0.0,0.0006,0.0006,-0.00045,0.0142,0.219675,0.220825,0.226225,-0.00035,-0.00035,-0.0004,-0.0001,-0.0005,-0.0001,-0.0015,0.0025404322690000002,0.00275946,0.00277777,0.00553723,1.13467898102576,0.080743188053192,0.995699340789865,1.00097112272105,319.506,90.2733892268587,2.86897242372271,1.22039176869175,0.412630788008709,0.0004267760409826,0.150527765241438,0.915783627042733,4229.42125364181,1855.57071112849,633.459386075111,15.2082659002217,2932.66811075239,0.0026756807087505,1046.92197227937,0.001,0.001,0.001,0.001,-0.000975,0.001,0.0834,0.0016,0.233075,0.0012,0.233075,0.0012,0.24,0.001725,0.010125,0.001375,67,10,0,0,0.001,0.001,-0.000975,0.0834,0.233075,0.233075,0.24,0.001,0.001,0.001,0.0016,0.0012,0.0012,0.001725,0.0027775433380000003,0.00265923,0.0152858,0.017945,1,0.158000371600137,1,1,2.01448,1.71052375354498,1.30354669664834,1.00032486136678,0.319103127826139,0.21144230470381,0.30752322555438,0.911846468013407,2005.004079912,1518.57900070606,7.20131072550837,4.0068730167839,1976.43374407269,4.68298231137676,20.5437570924592,0.001,0.481,0.999,0.01125,0.999,0.01125,0.505,0.499,0.739,0.499,0.741,0.499,0.745,0.497,0.008,0.0,38,6,0,0,-0.499,0.499,0.499,0.0050000000000000044,0.239,0.241,0.245,-0.019000000000000017,-0.48875,-0.48875,-0.0010000000000000009,-0.0010000000000000009,-0.0010000000000000009,-0.0030000000000000027,0.0025667
46,0.00280796,0.00261519,0.00542315,1.0156335018253,0.0457116605183576,0.907715311616119,1.00029202857188,449.791,128.339360495403,2.96931234361554,1.1059606827037,0.465763096568034,0.0002803335984856,0.124525239346086,0.909679142351199,20552.6293870195,5894.22824770143,0.200162596544798,17.6277993912418,13350.6256889292,0.004193940714405,1784.18410665763,0.0006,-0.00035,0.0006,-0.00035,-0.00045,-0.0004,0.0142,-0.0001,0.22655,-0.000975,0.227225,-0.000825,0.2329,-0.000925,0.010375,0.002125,166,28,0,0.0,0.0006,0.0006,-0.00045,0.0142,0.22655,0.227225,0.2329,-0.00035,-0.00035,-0.0004,-0.0001,-0.000975,-0.000825,-0.000925,0.002614682269,0.0026881,0.00286993,0.00555803,1.13494989582213,0.0834919173225805,0.996373973022479,1.001058238506,320.916,90.8516452835782,2.96402152947981,1.22940068453676,0.420255129390431,0.0003889342689433,0.144091974231197,0.912147907949954,4371.93002238885,1895.37510302926,673.383204115495,16.0484773825778,3031.26285805464,0.002580801986021,1083.76334179047,0.001,0.001,0.001,0.001,-0.000975,0.001,0.0834,0.0016,0.24,0.001725,0.24185,0.002575,0.2486,0.00255,0.010325,0.001425,63,10,0,0,0.001,0.001,-0.000975,0.0834,0.24,0.24185,0.2486,0.001,0.001,0.001,0.0016,0.001725,0.002575,0.00255,0.0028697033380000003,0.00258879,0.015376,0.0179647,1,0.158623078171956,1,1,2.04579,1.73733073502178,1.30842619779407,1.00033216717828,0.322478962260889,0.206442178932433,0.305865104056948,0.910473663755976,2034.5701656307,1569.41662449637,7.19890505064441,4.18820716778273,2007.6951291018,4.8949432824048,20.2523325796579,0.001,0.481,0.999,0.01125,0.999,0.01125,0.505,0.499,0.747,0.499,0.749,0.499,0.755,0.499,0.008,0.0,41,6,0,0,-0.499,0.499,0.499,0.0050000000000000044,0.247,0.249,0.255,-0.019000000000000017,-0.48875,-0.48875,-0.0010000000000000009,-0.0010000000000000009,-0.0010000000000000009,-0.0010000000000000009,0.0026569000000000002
47,0.00274227,0.00269697,0.00543924,1.01531753208364,0.0473137254434151,0.91406658588598,1.00034281988081,466.655,133.036595232765,3.02373474231986,1.11065907367091,0.473587495015913,0.0002787905022387,0.120072253952227,0.90508427068518,20906.4543914899,6092.89858636813,0.224000460995382,18.6049569557975,13558.1905976814,0.0041018792848513,1818.06509874213,0.0006,-0.00035,0.0006,-0.00035,-0.00045,-0.0004,0.0142,-0.0001,0.234275,-0.000425,0.235425,-7.5e-05,0.240875,2.5e-05,0.0104,0.00255,165,29,0,0.0,0.0006,0.0006,-0.00045,0.0142,0.234275,0.235425,0.240875,-0.00035,-0.00035,-0.0004,-0.0001,-0.000425,-7.5e-05,2.5e-05,0.002696462269,0.00262521,0.00295147,0.00557667,1.13538843594685,0.0863107218810551,0.996788626313562,1.00115955463716,322.343,91.43653704664,3.02336931875575,1.23582220770568,0.427914326378735,0.0003576006004691,0.137787917006006,0.908158814900572,4490.03686241527,1954.13193369467,695.601388845527,16.7825417049238,3113.88601497126,0.0024983500636369,1116.41255057039,0.001,0.001,0.001,0.001,-0.000975,0.001,0.0834,0.0016,0.248175,0.00055,0.2505,0.001925,0.2561,-0.00035,0.011075,0.002025,73,12,0,0,0.001,0.001,-0.000975,0.0834,0.248175,0.2505,0.2561,0.001,0.001,0.001,0.0016,0.00055,0.001925,-0.00035,0.002951243338,0.00251569,0.0154696,0.0179853,1,0.159272550996318,1,1,2.07606,1.7632646080293,1.31324004621858,1.00033937816853,0.325791442916967,0.201771146384262,0.304242388821434,0.909050300264514,2063.70401600693,1620.00297456957,7.19575710555157,4.37968404893437,2038.53862895812,5.11875984979322,19.9561654249963,0.001,0.481,0.999,0.01125,0.999,0.01125,0.505,0.499,0.755,0.499,0.757,0.499,0.763,0.497,0.008,0.0,43,6,0,0,-0.499,0.499,0.499,0.0050000000000000044,0.255,0.257,0.263,-0.019000000000000017,-0.48875,-0.48875,-0.0010000000000000009,-0.0010000000000000009,-0.0010000000000000009,-0.0030000000000000027,0.0027504999999999995
48,0.00267784,0.00277765,0.00545549,1.01500130770061,0.0488713507068759,0.919383566827299,1.00042155712635,483.142,137.623844828848,3.10599006160033,1.11311727972113,0.481273486136473,0.0002774082867741,0.116849491766031,0.90045170516231,21239.0831199553,6318.97733368223,0.234356570295059,19.5490080683357,13741.7505081475,0.0040100808017047,1851.16217568488,0.0006,-0.00035,0.0006,-0.00035,-0.00045,-0.0004,0.0142,-0.0001,0.2417,-0.00025,0.242675,-0.000525,0.248475,-0.002075,0.0106,0.00255,166,28,0,0.0,0.0006,0.0006,-0.00045,0.0142,0.2417,0.242675,0.248475,-0.00035,-0.00035,-0.0004,-0.0001,-0.00025,-0.000525,-0.002075,0.002777142269,0.00254397,0.00305625,0.00560023,1.13551748553406,0.0901172768632737,0.997174032925989,1.00126974431505,323.796,92.0330752836976,3.08303368885973,1.24243174884192,0.435673118948524,0.0003313253451571,0.132042382010982,0.903897836909178,4638.24887187956,2041.91667522261,759.002876886808,17.7953303826388,3217.02144142691,0.0023915980349076,1159.79941081722,0.001,0.001,0.001,0.001,-0.000975,0.001,0.0834,0.0016,0.258,0.001325,0.259875,0.001275,0.265525,-0.0005,0.0112,0.002675,84,14,0,0,0.001,0.001,-0.000975,0.0834,0.258,0.259875,0.265525,0.001,0.001,0.001,0.0016,0.001325,0.001275,-0.0005,0.003056023338,0.00244104,0.0155655,0.0180065,1,0.159938391177545,1,1,2.10525,1.78828622790611,1.31799740468293,1.00034662543897,0.329036660956656,0.197412425013985,0.302651409284179,0.907576268650622,2091.83783275964,1669.36357398989,7.19181161288387,4.57827619125749,2068.36692254596,5.35089319435985,19.6607757985053,0.001,0.481,0.999,0.01125,0.999,0.01125,0.505,0.499,0.765,0.499,0.765,0.499,0.771,0.497,0.008,0.0,38,5,0,0,-0.499,0.499,0.499,0.0050000000000000044,0.265,0.265,0.271,-0.019000000000000017,-0.48875,-0.48875,-0.0010000000000000009,-0.0010000000000000009,-0.0010000000000000009,-0.0030000000000000027,0.002846399999999999
49,0.00260919,0.0028642,0.00547339,1.01471189147863,0.0505173364267869,0.923630486300769,1.00061789204007,499.247,142.100222635852,3.29018649677699,1.11640618147385,0.488840779464192,0.0002761590080593,0.112927788429141,0.895756373894528,21577.3768514758,6442.64553090414,0.245030218336486,20.5212939986137,13920.717956009,0.0039109958792334,1886.63174634061,0.0067,-0.000525,0.0006,-0.00035,-0.00045,-0.0004,0.0142,-0.0001,0.250225,-0.00065,0.251025,-0.000525,0.2567,0.000175,0.010575,0.0024,162,24,0,0.0,0.0067,0.0006,-0.00045,0.0142,0.250225,0.251025,0.2567,-0.000525,-0.00035,-0.0004,-0.0001,-0.00065,-0.000525,0.000175,0.002863692269,0.00247245,0.00314796,0.00562042,1.13561603766207,0.0934635845715281,0.997433401847927,1.00135277062385,325.263,92.6354044014652,3.19065138875486,1.24875725738145,0.443229625082826,0.0003091243858486,0.126548610691504,0.899623932721288,4761.39970350782,2141.74985347138,809.468548550329,18.7144483297992,3302.57261276782,0.0022992314979825,1198.49116637516,0.001,0.001,0.001,0.001,-0.000975,0.001,0.0834,0.0016,0.26725,0.00125,0.26905,0.00125,0.274475,-7.5e-05,0.0106,0.00265,95,15,0,0,0.001,0.001,-0.000975,0.0834,0.26725,0.26905,0.274475,0.001,0.001,0.001,0.0016,0.00125,0.00125,-7.5e-05,0.003147733338,0.00236882,0.0156584,0.0180272,1,0.160586414787552,1,1,2.13337,1.81240870971816,1.32270857663605,1.00035395472446,0.332209069120745,0.193342072813804,0.301088156391889,0.906053117180616,2117.75989601238,1714.87633865353,7.18856961870297,4.77274257409385,2095.61927799592,5.57820375424483,19.382464877141,0.001,0.481,0.999,0.01125,0.999,0.01125,0.507,0.499,0.773,0.499,0.775,0.499,0.781,0.499,0.008,0.0,41,6,0,0,-0.499,0.499,0.499,0.007000000000000006,0.273,0.275,0.281,-0.019000000000000017,-0.48875,-0.48875,-0.0010000000000000009,-0.0010000000000000009,-0.0010000000000000009,-0.0010000000000000009,0.002939299999999999
50,0.00254542,0.00294514,0.00549056,1.01631136674267,0.0520536658251882,0.927145418231066,1.00067941078198,514.937,146.456849121443,3.39322934445964,1.11838050153442,0.496286680821134,0.000275023323719,0.108818628576767,0.890888197601464,21864.8538479178,6544.48389911903,0.273231229336167,21.4257807167108,14052.1797350255,0.0038170142644747,1918.71272814064,0.0067,-0.000525,0.0006,-0.00035,-0.00045,-0.0004,0.0142,-0.0001,0.257325,-0.00065,0.259025,-0.000225,0.264625,-0.0004,0.0104,0.002375,159,25,0,0.0,0.0067,0.0006,-0.00045,0.0142,0.257325,0.259025,0.264625,-0.000525,-0.00035,-0.0004,-0.0001,-0.00065,-0.000225,-0.0004,0.002944632269,0.00240706,0.00323218,0.00563924,1.13568860303121,0.0964649316362052,0.997670071497728,1.00142996060612,326.742,93.2420622000779,3.30296099325952,1.25400687391701,0.450524737155238,0.0002902246276175,0.121654294120329,0.895524659444212,4870.26680501996,2287.64073722023,849.843765181505,19.5896429286979,3380.25281808619,0.0022150100392686,1235.3406778256,0.001,0.001,0.001,0.001,-0.000975,0.001,0.0834,0.0016,0.2742,0.001675,0.275825,0.002175,0.281525,-0.001475,0.0106,0.000925,96,12,0,0,0.001,0.001,-0.000975,0.0834,0.2742,0.275825,0.281525,0.001,0.001,0.001,0.0016,0.001675,0.002175,-0.001475,0.003231953338,0.00229348,0.0157556,0.018049,1,0.161262459446706,1,1,2.16036,1.83557301059613,1.32775143295996,1.00036208018231,0.33531721943543,0.189550122463348,0.299550381592301,0.904482463767146,2143.63039959638,1760.3107098074,7.18429494233585,4.97897063623214,2122.5689163929,5.8192622525126,19.0983978066365,0.001,0.481,0.999,0.01125,0.999,0.01125,0.507,0.499,0.781,0.499,0.783,0.499,0.789,0.497,0.008,0.0,43,6,0,0,-0.499,0.499,0.499,0.007000000000000006,0.281,0.28300000000000003,0.28900000000000003,-0.019000000000000017,-0.48875,-0.48875,-0.0010000000000000009,-0.0010000000000000009,-0.0010000000000000009,-0.0030000000000000027,0.003036500000000001
51,0.00247641,0.0030327,0.00550911,1.01733235363844,0.0538188620458608,0.930331719296216,1.00080265197971,530.228,150.698163594737,3.44017969500915,1.12071319155127,0.5036744233515,0.0002739828591901,0.104318190865352,0.88578150799751,22163.2084457546,6765.97273108873,0.315727428312031,22.4132924671613,14164.4882309595,0.003713303949913,1953.08072586384,0.0067,-0.000525,0.0006,-0.00035,-0.00045,-0.0004,0.0142,-0.0001,0.266175,-0.000325,0.2671,-0.000475,0.272675,-0.0003,0.010375,0.002375,159,22,0,0.0,0.0067,0.0006,-0.00045,0.0142,0.266175,0.2671,0.272675,-0.000525,-0.00035,-0.0004,-0.0001,-0.000325,-0.000475,-0.0003,0.003032192269,0.00233252,0.00332937,0.00566189,1.13573781845717,0.0995640318377464,0.997834042123197,1.00152053983126,328.235,93.854348510876,3.42062229696972,1.26644514758413,0.457571522660389,0.0002740227228073,0.117243610751352,0.891665265944541,4987.13886993674,2343.65199099457,892.104508760554,20.5925616737221,3479.06570813957,0.0021200848758789,1281.01640559305,0.001,0.001,0.001,0.001,-0.000975,0.001,0.0834,0.0016,0.28315,0.000375,0.2849,0.000275,0.2906,-0.00015,0.01135,0.00225,94,15,0,0,0.001,0.001,-0.000975,0.0834,0.28315,0.2849,0.2906,0.001,0.001,0.001,0.0016,0.000375,0.000275,-0.00015,0.003329143338,0.00222067,0.0158495,0.0180702,1,0.161921973327467,1,1,2.18624,1.85779627252175,1.33728850084265,1.00036927792254,0.338351640499961,0.18601553413891,0.298035305191735,0.902862241073484,2167.20702114151,1802.17207128867,7.17946628134575,5.18079034703285,2147.15716244483,6.05516765554945,18.830802602682,0.001,0.481,0.999,0.01125,0.999,0.01125,0.507,0.499,0.791,0.499,0.791,0.499,0.797,0.497,0.008,0.0,38,5,0,0,-0.499,0.499,0.499,0.007000000000000006,0.29100000000000004,0.29100000000000004,0.29700000000000004,-0.019000000000000017,-0.48875,-0.48875,-0.0010000000000000009,-0.0010000000000000009,-0.0010000000000000009,-0.0030000000000000027,0.0031303999999999985
52,0.00240813,0.00311941,0.00552754,1.01797693305008,0.0556264488650975,0.933121481757608,1.00090703805304,545.105,154.819784472232,3.58781076071974,1.12470250977232,0.510946200564078,0.0002730246607704,0.0985977215643748,0.880557670305656,22447.2790389706,6910.47210044874,0.350714197334048,23.4306645385851,14309.135505361,0.0036092638676767,1991.11975515799,0.0067,-0.000525,0.0006,-0.00035,-0.00045,-0.0004,0.0142,-0.0001,0.27385,-2.5e-05,0.275175,0.000375,0.2811,-0.00035,0.01065,0.0025,179,28,0,0.0,0.0067,0.0006,-0.00045,0.0142,0.27385,0.275175,0.2811,-0.000525,-0.00035,-0.0004,-0.0001,-2.5e-05,0.000375,-0.00035,0.003118902269,0.00225497,0.00343056,0.00568553,1.13576649427409,0.102284883946408,0.997991443757566,1.00160746397989,329.741,94.4717640491688,3.5430929833064,1.27316966898546,0.464435217291372,0.0002600316369339,0.111069828012746,0.887867824754471,5103.05446681615,2398.63923417371,932.813875622706,21.6426099513211,3577.18229356008,0.0020220220301655,1330.07948412719,0.001,0.001,0.001,0.001,-0.000975,0.001,0.0834,0.0016,0.29265,-0.0003,0.294775,-0.0004,0.29935,-0.0027,0.01175,0.00355,80,15,0,0,0.001,0.001,-0.000975,0.0834,0.29265,0.294775,0.29935,0.001,0.001,0.001,0.0016,-0.0003,-0.0004,-0.0027,0.003430333338,0.00214537,0.015947,0.0180924,1,0.16260494735,1,1,2.21094,1.8790286244494,1.34223246938085,1.00037744321926,0.341321658265248,0.182729533889959,0.295758173549443,0.901190357063074,2190.27442303654,1843.59291340337,7.17389335849983,5.39286547891169,2171.24125746907,6.30306032935497,18.5600144240862,0.001,0.481,0.999,0.01125,0.999,0.01125,0.507,0.499,0.799,0.499,0.801,0.499,0.807,0.497,0.008,0.0,43,6,0,0,-0.499,0.499,0.499,0.007000000000000006,0.29900000000000004,0.30100000000000005,0.30700000000000005,-0.019000000000000017,-0.48875,-0.48875,-0.0010000000000000009,-0.0010000000000000009,-0.0010000000000000009,-0.0030000000000000027,0.003227899999999999
53,0.00233945,0.00320689,0.00554634,1.01833374517598,0.057398769166269,0.936568527197004,1.00104195724087,559.565,158.821216111596,3.84980752054724,1.1278292358943,0.518069080651059,0.0002721370893307,0.0956103647123553,0.875265699650269,22720.0951375686,7165.30932608533,0.379521411273449,24.445974749106,14452.0260840302,0.0035031326110733,2031.12232373764,0.0067,-0.000525,0.0006,-0.00035,-0.00045,-0.0004,0.0142,-0.0001,0.282725,-0.000175,0.283675,-0.000425,0.289,-0.001275,0.01055,0.002325,173,28,0,0.0,0.0067,0.0006,-0.00045,0.0142,0.282725,0.283675,0.289,-0.000525,-0.00035,-0.0004,-0.0001,-0.000175,-0.000425,-0.001275,0.003206382269,0.00217526,0.0035346,0.00570986,1.13570350677467,0.105083582322614,0.998128138106762,1.00168643819306,331.259,95.0935545636824,3.66841674809489,1.27894507326418,0.471241611386404,0.000247867663923,0.10554747612901,0.883992401684141,5216.6707926961,2451.09493923622,995.65493718377,22.7132613385846,3673.03660458833,0.0019225090551737,1382.2240054311,0.001,0.001,0.001,0.001,-0.000975,0.001,0.0834,0.0016,0.3015,-0.00055,0.3038,-0.00055,0.308375,-0.002525,0.0116,0.000925,68,11,0,0,0.001,0.001,-0.000975,0.0834,0.3015,0.3038,0.308375,0.001,0.001,0.001,0.0016,-0.00055,-0.00055,-0.002525,0.0035343733380000003,0.00207006,0.0160446,0.0181147,1,0.163290203177375,1,1,2.23446,1.89925726978403,1.34715116295968,1.00038531083825,0.344221515675538,0.17967866769691,0.293170634511037,0.899480382699869,2211.99336246925,1883.06285586547,7.1683116841071,5.60772630826409,2193.94628875731,6.55420896570064,18.2958610668259,0.001,0.481,0.999,0.01125,0.999,0.01125,0.507,0.499,0.809,0.499,0.809,0.499,0.815,0.497,0.008,0.0,38,5,0,0,-0.499,0.499,0.499,0.007000000000000006,0.30900000000000005,0.30900000000000005,0.31499999999999995,-0.019000000000000017,-0.48875,-0.48875,-0.0010000000000000009,-0.0010000000000000009,-0.0010000000000000009,-0.0030000000000000027,0.0033254999999999986
54,0.00227514,0.00328898,0.00556411,1.01848630010583,0.0591062460379257,0.939300486592866,1.00123630000538,573.596,162.699475963821,3.97095765855142,1.13069168976927,0.525050413172029,0.0002713104215455,0.0924703376673774,0.869952751691018,22964.6506185195,7379.19631450048,0.444263119334838,25.4142637557759,14606.0583522491,0.0034021872607616,2071.98882439631,0.0067,-0.000525,0.0006,-0.00035,-0.00045,-0.0004,0.0142,-0.0001,0.289625,-5e-05,0.290925,-0.000775,0.296975,0.000525,0.010475,0.002425,184,29,0,0.0,0.0067,0.0006,-0.00045,0.0142,0.289625,0.290925,0.296975,-0.000525,-0.00035,-0.0004,-0.0001,-5e-05,-0.000775,0.000525,0.003288472269,0.00209661,0.00363725,0.00573387,1.13563318202071,0.107927971041533,0.998212383996088,1.00175966698017,332.786,95.7184346543406,3.80481907888831,1.28390180720663,0.478042705257372,0.0002372320826148,0.100688501491609,0.879971159722748,5323.96358105362,2498.62869487518,1059.85097386305,23.7697285012698,3763.01165832205,0.0018254351647178,1435.76901175038,0.001,0.001,0.001,0.001,-0.000975,0.001,0.0834,0.0016,0.310575,-0.00045,0.31285,-0.00045,0.3195,-0.00035,0.008825,0.00025,60,10,0,0,0.001,0.001,-0.000975,0.0834,0.310575,0.31285,0.3195,0.001,0.001,0.001,0.0016,-0.00045,-0.00045,-0.00035,0.003637023338,0.00199513,0.016142,0.0181371,1,0.16397542124736,1,1,2.25679,1.91847618837125,1.35204967483992,1.00040224799261,0.34705175460868,0.176849820915496,0.291622108013802,0.897724782787346,2232.33710691975,1911.99703623952,7.16209912213986,5.82430956503859,2215.2415253484,6.80737072478261,18.0393481615068,0.001,0.481,0.999,0.01125,0.999,0.01125,0.507,0.499,0.817,0.499,0.819,0.499,0.825,0.497,0.008,0.0,43,6,0,0,-0.499,0.499,0.499,0.007000000000000006,0.31699999999999995,0.31899999999999995,0.32499999999999996,-0.019000000000000017,-0.48875,-0.48875,-0.0010000000000000009,-0.0010000000000000009,-0.0010000000000000009,-0.0030000000000000027,0.0034228999999999996
55,0.00220922,0.00337311,0.00558233,1.01847596842068,0.0609628341216464,0.941747484183261,1.00145864252719,587.205,166.456101336153,4.08786742837135,1.13560761101257,0.531918749658403,0.0002705353791407,0.087646020932417,0.864646957548189,23204.0523877602,7467.7257560231,0.530238260837082,26.4386149572045,14784.1635084621,0.0032968163475516,2117.63448662528,0.0067,-0.000525,0.0006,-0.00035,-0.00045,-0.0004,0.0142,-0.0001,0.29815,-0.0003,0.2994,-0.0001,0.305,-0.0008,0.010575,0.002275,191,29,0,0.0,0.0067,0.0006,-0.00045,0.0142,0.29815,0.2994,0.305,-0.000525,-0.00035,-0.0004,-0.0001,-0.0003,-0.0001,-0.0008,0.003372602269,0.00201982,0.00373776,0.00575758,1.1355570471911,0.110904807118749,0.998306823498092,1.00181771605071,334.318,96.6264116672248,3.95646129426017,1.2887703966692,0.484844159106215,0.0002278851779672,0.0963360469189666,0.875799460808444,5423.47983993742,2547.39743669213,1157.04206318716,24.7990370914789,3846.56188001999,0.0017317442839317,1490.37130513257,0.001,0.001,-0.000975,0.001,-0.000975,0.001,0.0834,0.0016,0.3195,-0.00035,0.321675,-0.0003,0.32795,-0.0019,0.00885,0.00025,63,10,0,0,0.001,-0.000975,-0.000975,0.0834,0.3195,0.321675,0.32795,0.001,0.001,0.001,0.0016,-0.00035,-0.0003,-0.0019,0.0037375333380000003,0.00191801,0.0162423,0.0181604,1,0.164682007397603,1,1,2.27789,1.93664565235364,1.35693013341657,1.00041405146597,0.349814947983397,0.174235949730417,0.290091955509584,0.895936021851861,2252.04433184656,1949.21756829424,7.15549226497191,6.05053236281624,2235.90062297423,7.07179981656065,17.7812082858862,0.001,0.481,0.999,0.01125,0.999,0.01125,0.507,0.499,0.827,0.499,0.829,0.499,0.833,0.497,0.008,0.0,38,6,0,0,-0.499,0.499,0.499,0.007000000000000006,0.32699999999999996,0.32899999999999996,0.33299999999999996,-0.019000000000000017,-0.48875,-0.48875,-0.0010000000000000009,-0.0010000000000000009,-0.0010000000000000009,-0.0030000000000000027,0.0035232000000000006
56,0.00214272,0.00345787,0.00560059,1.01839293644646,0.0627466423600746,0.944161714166367,1.0015928888692,600.397,170.093291528074,4.19079455107284,1.14027178978492,0.538615820244728,0.0002698034924626,0.0844237174546376,0.859377367649384,23435.557013009,7666.53729358654,0.643794203738851,27.4757444780926,14988.0526860976,0.0031886659636649,2168.04400311549,0.0067,-0.000525,0.0006,-0.00035,-0.00045,-0.0004,0.0142,-0.0001,0.30645,0.00015,0.307525,-0.000275,0.312775,-0.0011,0.01065,0.0024,195,33,0,0.0,0.0067,0.0006,-0.00045,0.0142,0.30645,0.307525,0.312775,-0.000525,-0.00035,-0.0004,-0.0001,0.00015,-0.000275,-0.0011,0.003457362269,0.00194674,0.0038333,0.00578005,1.13547608668566,0.113861904904203,0.998413108769246,1.00186993312053,335.854,98.6752529397595,4.11248038968804,1.29338895406505,0.491610202290154,0.00021963009569,0.0918542298095694,0.87151294082368,5513.94577170903,2598.18955976232,1218.43609810537,25.7861924010284,3922.28409286742,0.0016436916697307,1544.75406325956,0.001,0.001,-0.000975,0.001,-0.000975,0.001,0.0834,0.0016,0.3299,0.0001,0.3299,0.0001,0.336075,0.0022,0.009825,0.00055,66,10,0,0,0.001,-0.000975,-0.000975,0.0834,0.3299,0.3299,0.336075,0.001,0.001,0.001,0.0016,0.0001,0.0001,0.0022,0.003833073338,0.00184578,0.0163365,0.0181822,1,0.16534713868112,1,1,2.29783,1.95383001427391,1.3617955825722,1.00042821722197,0.352502221709558,0.171816335801572,0.288578452455443,0.894112810846729,2269.33309459691,1982.34028317041,7.1488099216516,6.26438700297972,2254.05204126424,7.32177172324276,17.5458283829271,0.001,0.481,0.999,0.01125,0.999,0.01125,0.507,0.499,0.835,0.499,0.837,0.499,0.843,0.497,0.008,0.0,43,6,0,0,-0.499,0.499,0.499,0.007000000000000006,0.33499999999999996,0.33699999999999997,0.34299999999999997,-0.019000000000000017,-0.48875,-0.48875,-0.0010000000000000009,-0.0010000000000000009,-0.0010000000000000009,-0.0030000000000000027,0.0036173999999999998
57,0.00207182,0.00354863,0.00562045,1.018285900501,0.0645470987241136,0.945826880049572,1.0017491781216,613.102,173.590663951154,4.38303525642996,1.14367958236726,0.545141294730098,0.0002691056338601,0.0811086126079961,0.854107762890533,23672.4265002947,7783.08622913819,0.645823007223258,28.6458818052644,15236.1157804616,0.0030712445363973,2227.3062394263,0.0067,-0.000525,0.0006,-0.00035,-0.00045,-0.0004,0.0142,-0.0001,0.3142,-7.5e-05,0.3154,-0.000925,0.32145,-0.00065,0.0105,0.002375,181,26,0,0.0,0.0067,0.0006,-0.00045,0.0142,0.3142,0.3154,0.32145,-0.000525,-0.00035,-0.0004,-0.0001,-7.5e-05,-0.000925,-0.00065,0.003548122269,0.00187163,0.00393152,0.00580314,1.13539076614001,0.117079390403022,0.998482192135308,1.00190198335031,337.394,100.740268307995,4.27404870142843,1.29794629891205,0.498376264081248,0.0002123057244039,0.0875935606714492,0.867057640136052,5602.46946419484,2643.23998023053,1286.63040937182,26.816096735665,3996.84845839104,0.0015537880837593,1603.84704333709,0.001,0.001,-0.000975,0.001,-0.000975,0.001,0.0834,0.0016,0.338075,0.0002,0.3401,0.00025,0.34595,-0.0015,0.00995,0.0006,72,11,0,0,0.001,-0.000975,-0.000975,0.0834,0.338075,0.3401,0.34595,0.001,0.001,0.001,0.0016,0.0002,0.00025,-0.0015,0.003931293338,0.00176761,0.0164385,0.0182061,1,0.166066824053009,1,1,2.3165,1.96993898800073,1.36664693881165,1.00046627209538,0.355129551614449,0.16959319705686,0.287081082718814,0.892257797105115,2286.99750755587,2016.70707021991,7.14090766362725,6.50031297754638,2272.62964382803,7.59754230492396,17.2952868794996,0.001,0.481,0.999,0.01125,0.999,0.01125,0.507,0.499,0.845,0.499,0.847,0.499,0.853,0.499,0.008,0.0,39,6,0,0,-0.499,0.499,0.499,0.007000000000000006,0.345,0.347,0.353,-0.019000000000000017,-0.48875,-0.48875,-0.0010000000000000009,-0.0010000000000000009,-0.0010000000000000009,-0.0010000000000000009,0.003719400000000001
58,0.00200131,0.00363938,0.00564069,1.02036785679547,0.066341161290874,0.947624230109421,1.00203500920063,625.332,176.952704229696,4.5506926247781,1.14949895001808,0.55149174571318,0.0002684322272316,0.0770886344082029,0.848823077411892,23904.649831745,7811.67460934653,0.704338866312259,29.8088495884884,15426.9630443509,0.0029533421702087,2285.51110734635,0.0067,-0.000525,0.0006,-0.00035,-0.00045,-0.0004,0.0142,-0.0001,0.3234,-0.0001,0.324575,-2.5e-05,0.330025,-0.00095,0.010525,0.0023,167,30,0,0.0,0.0067,0.0006,-0.00045,0.0142,0.3234,0.324575,0.330025,-0.000525,-0.00035,-0.0004,-0.0001,-0.0001,-2.5e-05,-0.00095,0.003638872269,0.0017961,0.00403027,0.00582637,1.13530135127988,0.12061529660869,0.998526769475431,1.00199030160457,338.937,102.820689525567,4.43993671687147,1.3024684219457,0.505117198987302,0.0002057781522781,0.0835230281244583,0.862525712701027,5687.29135398921,2687.87398445332,1378.5680836695,27.8671417848793,4068.40059861089,0.0014643057333277,1666.84790435128,0.001,0.001,-0.000975,0.001,-0.000975,0.001,0.0834,0.0016,0.3478,0.000525,0.34965,0.0006,0.355075,0.00265,0.01015,0.0005,74,11,0,0,0.001,-0.000975,-0.000975,0.0834,0.3478,0.34965,0.355075,0.001,0.001,0.001,0.0016,0.000525,0.0006,0.00265,0.004030043338,0.00169527,0.0165329,0.0182281,1,0.166736168556159,1,1,2.33402,1.98505785126743,1.3714866061397,1.00048835572879,0.357679788943818,0.167545361138965,0.285598891739705,0.890378691476086,2302.23659074324,2046.85909815106,7.13305312825502,6.72042629091077,2288.68734820201,7.85482948907126,17.0696593206358,0.001,0.481,0.999,0.01125,0.999,0.01125,0.507,0.499,0.853,0.499,0.855,0.499,0.861,0.497,0.008,0.0,43,6,0,0,-0.499,0.499,0.499,0.007000000000000006,0.353,0.355,0.361,-0.019000000000000017,-0.48875,-0.48875,-0.0010000000000000009,-0.0010000000000000009,-0.0010000000000000009,-0.0030000000000000027,0.003813799999999999
59,0.0019379,0.00372284,0.00566073,1.02017296208911,0.0680080810757695,0.949951355009438,1.00214821017409,637.255,180.225682185627,4.64878898046892,1.15209845896293,0.557681927508439,0.0002677793600333,0.0758653399608408,0.843534313634861,24051.8894794648,7971.50896322475,0.74466005701789,30.8300295283241,15535.8264651567,0.0028422533216203,2337.95307078856,0.0067,-0.000525,0.0006,-0.00035,-0.00045,-0.0004,0.0142,-0.0001,0.330975,7.5e-05,0.332325,-0.0003,0.337275,-0.0019,0.01085,0.002425,162,26,0,0.0,0.0067,0.0006,-0.00045,0.0142,0.330975,0.332325,0.337275,-0.000525,-0.00035,-0.0004,-0.0001,7.5e-05,-0.0003,-0.0019,0.003722332269,0.0017139,0.0041376,0.0058515,1.13520706073052,0.124414976683336,0.998570425889761,1.00212230658466,340.482,104.916907408732,4.61131351804303,1.30695815327394,0.511769379111253,0.0001999335804753,0.0797990725207922,0.858035841930472,5775.58947478163,2745.84296577204,1486.65341765749,29.0494954505016,4143.14793748056,0.0013676410517507,1740.52055371682,0.001,0.001,-0.000975,0.001,-0.000975,0.001,0.0834,0.0016,0.35855,0.000725,0.35855,0.000725,0.3655,0.000575,0.011625,0.0005,86,11,0,0,0.001,-0.000975,-0.000975,0.0834,0.35855,0.35855,0.3655,0.001,0.001,0.001,0.0016,0.000725,0.000725,0.000575,0.004137373338,0.00162196,0.0166286,0.0182506,1,0.167413699790066,1,1,2.35037,1.99917460693394,1.37631578381262,1.0004989084408,0.360164649090618,0.165666228567389,0.284131314680475,0.88846618298722,2316.74652252121,2076.07626124775,7.12428982568701,6.94695370958536,2304.00760032672,8.11961382231602,16.8451261074623,0.001,0.481,0.999,0.01125,0.999,0.01125,0.507,0.499,0.863,0.499,0.863,0.499,0.869,0.497,0.008,0.0,38,5,0,0,-0.499,0.499,0.499,0.007000000000000006,0.363,0.363,0.369,-0.019000000000000017,-0.48875,-0.48875,-0.0010000000000000009,-0.0010000000000000009,-0.0010000000000000009,-0.0030000000000000027,0.0039095
60,0.00186486,0.00381764,0.0056825,1.02010351762124,0.0698648372682087,0.95147341303302,1.00229262643633,649.193,183.498539890377,4.78917279044531,1.15764336610769,0.563758481482694,0.0002671457863808,0.0719469067930036,0.838240730389606,24247.931846486,8096.47087356028,0.91634352201592,32.0971496385926,15709.3978643655,0.0027138588795317,2405.94746005003,0.0076,-0.000425,0.0006,-0.00035,-0.00045,-0.0004,0.0142,-0.0001,0.33985,-0.000425,0.341275,-7.5e-05,0.34675,-0.00045,0.01075,0.002175,160,25,0,0.0,0.0076,0.0006,-0.00045,0.0142,0.33985,0.341275,0.34675,-0.000425,-0.00035,-0.0004,-0.0001,-0.000425,-7.5e-05,-0.00045,0.003817132269,0.0016406,0.00423338,0.00587398,1.13510808069998,0.127709346034245,0.998609520344057,1.00234557409233,342.029,107.02494743646,4.77974785955286,1.31398649190669,0.518219280367973,0.0001946885503156,0.0760599032024518,0.853675309187379,5848.64198433161,2802.91893683522,1572.44343065666,30.1183113921542,4205.95398772646,0.0012827062656252,1810.79234789994,0.001,0.001,-0.000975,0.001,-0.000975,0.001,0.0834,0.0016,0.3673,0.000475,0.3673,0.000475,0.372875,0.002075,0.0115,0.000275,91,12,0,0,0.001,-0.000975,-0.000975,0.0834,0.3673,0.3673,0.372875,0.001,0.001,0.001,0.0016,0.000475,0.000475,0.002075,0.004233153338,0.00154383,0.0167306,0.0182744,1,0.168135475605692,1,1,2.36547,2.01222682046915,1.38113525442834,1.00056773158428,0.362589094169983,0.163956465323717,0.282677925796793,0.886523446225908,2331.22128450863,2105.82160196127,7.11462028626234,7.19260277829475,2319.32780912566,8.40674893003581,16.6099004289074,0.001,0.481,0.999,0.01125,0.999,0.01125,0.507,0.499,0.871,0.499,0.873,0.499,0.879,0.497,0.008,0.0,43,6,0,0,-0.499,0.499,0.499,0.007000000000000006,0.371,0.373,0.379,-0.019000000000000017,-0.48875,-0.48875,-0.0010000000000000009,-0.0010000000000000009,-0.0010000000000000009,-0.0030000000000000027,0.004011500000000001
61,0.00180073,0.00390075,0.00570148,1.02012767161204,0.0715662010323986,0.953627438013108,1.00241192839666,661.105,186.760193359996,4.94277612513186,1.16355534131779,0.56965578060852,0.00026653012161,0.0688227957425297,0.833052718909083,24413.7628343337,8189.54058437886,1.0056604195357,33.2168522421983,15854.5029119929,0.0026006015835211,2469.10411758299,0.0076,-0.000425,0.0006,-0.00035,-0.00045,-0.0004,0.0142,-0.0001,0.3478,0.000175,0.3487,-5e-05,0.354375,-0.00165,0.01075,0.002525,158,25,0,0.0,0.0076,0.0006,-0.00045,0.0142,0.3478,0.3487,0.354375,-0.000425,-0.00035,-0.0004,-0.0001,0.000175,-5e-05,-0.00165,0.003900242269,0.00157138,0.00432413,0.00589551,1.13500488199289,0.130855315596271,0.998644524253983,1.00262446430117,343.577,109.141885435372,4.95366301925359,1.31855433989319,0.524503300837905,0.0001899681776128,0.0746170040034886,0.849562151422831,5913.52008596131,2879.17864018159,1626.35778798364,31.1337920024907,4262.34463834783,0.0012033573553514,1882.03186701287,0.001,0.001,-0.000975,0.001,-0.000975,0.001,0.0834,0.0016,0.374625,-0.000325,0.376375,-0.00075,0.38145,-0.00165,0.011875,0.0015,96,13,0,0,0.001,-0.000975,-0.000975,0.0834,0.374625,0.376375,0.38145,0.001,0.001,0.001,0.0016,-0.000325,-0.00075,-0.00165,0.004323903338,0.00147094,0.0168254,0.0182964,1,0.168811693340873,1,1,2.37943,2.02430051860293,1.38594650988472,1.00060938301181,0.364936877034958,0.162398070002415,0.281238099826868,0.884584138067111,2343.7279219219,2132.11925499533,7.10437521424416,7.42418044057967,2332.60267912514,8.67743598718323,16.3955003860451,0.001,0.481,0.999,0.01125,0.999,0.01125,0.507,0.499,0.881,0.499,0.881,0.499,0.887,0.497,0.008,0.0,38,5,0,0,-0.499,0.499,0.499,0.007000000000000006,0.381,0.381,0.387,-0.019000000000000017,-0.48875,-0.48875,-0.0010000000000000009,-0.0010000000000000009,-0.0010000000000000009,-0.0030000000000000027,0.0041063
62,0.00173991,0.00398021,0.00572013,1.02001810115576,0.0732451152237981,0.95518034726472,1.00242122992191,672.976,190.007191076992,5.09490174676061,1.16795139242242,0.575388204701826,0.0002659304151919,0.0663142771637553,0.827991308088045,24564.084534929,8301.35699782186,1.20532057694129,34.2598266520085,15990.3127907571,0.0024915565744247,2533.33779909652,0.0076,-0.000425,0.0006,-0.00035,-0.00045,-0.0004,0.0142,-0.0001,0.355,-0.00045,0.355975,-0.001175,0.362075,0.0009,0.010825,0.0028,183,25,0,0.0,0.0076,0.0006,-0.00045,0.0142,0.355,0.355975,0.362075,-0.000425,-0.00035,-0.0004,-0.0001,-0.00045,-0.001175,0.0009,0.003979702268999999,0.00149227,0.00442773,0.00592,1.13489788067984,0.133808008191176,0.99867423886141,1.00280983165498,345.125,111.270448667534,5.1331586738749,1.32309274671067,0.530660343485888,0.0001856969400785,0.0727474847783762,0.845589018138847,5985.93699159078,2963.72178877811,1673.82515214437,32.3537498939459,4324.68587358282,0.001112638442765,1971.51576066655,0.001,0.001,-0.000975,0.001,-0.000975,0.001,0.0834,0.0016,0.38485,0.000375,0.38485,0.000375,0.391275,-0.001125,0.0114,0.003075,87,17,0,0,0.001,-0.000975,-0.000975,0.0834,0.38485,0.38485,0.391275,0.001,0.001,0.001,0.0016,0.000375,0.000375,-0.001125,0.0044275033380000006,0.00139206,0.0169279,0.0183199,1,0.169538422110213,1,1,2.39217,2.03532604101051,1.3907500887783,1.00063806949895,0.367226114524233,0.160994034694595,0.279811508225056,0.88265304088028,2356.31776570984,2159.28909757375,7.09257815415106,7.67972489459322,2346.0091422364,8.97613716549734,16.1666527437529,0.001,0.481,0.999,0.01125,0.999,0.01125,0.507,0.499,0.889,0.499,0.891,0.499,0.897,0.497,0.008,0.0,43,6,0,0,-0.499,0.499,0.499,0.007000000000000006,0.389,0.391,0.397,-0.019000000000000017,-0.48875,-0.48875,-0.0010000000000000009,-0.0010000000000000009,-0.0010000000000000009,-0.0030000000000000027,0.004208799999999999
63,0.00166747,0.00407418,0.00574165,1.02211389194625,0.0751593564582089,0.957018712480189,1.00277500339282,684.815,193.241796507485,5.20832929600597,1.17147045941733,0.581003373157844,0.0002653441637728,0.0648765389765273,0.823038486959828,24755.5433947224,8505.97759812509,1.39142618017067,35.6648141271575,16199.7351024657,0.0023604295606699,2619.74146480521,0.025125,-0.0003,0.0006,-0.00035,-0.00045,-0.0004,0.0142,-0.0001,0.363925,-0.000825,0.364925,-0.000575,0.37065,0.0007,0.0107,0.0027,178,25,0,0.0,0.025125,0.0006,-0.00045,0.0142,0.363925,0.364925,0.37065,-0.0003,-0.00035,-0.0004,-0.0001,-0.000825,-0.000575,0.0007,0.004073672269,0.00141372,0.00453049,0.00594421,1.1347871593796,0.136569881136035,0.998723939664649,1.00284040264496,346.67,113.411865263003,5.31811984288575,1.3284062408132,0.536728378047252,0.0001818150551046,0.070631709116584,0.841573382606224,6054.68922887278,3043.05874207393,1707.33481739124,33.5550686633721,4382.71048345832,0.0010243170962637,2068.49359592439,0.001,0.001,-0.000975,0.001,-0.000975,0.001,0.0834,0.0016,0.393475,0.0011,0.393475,0.0011,0.400575,0.003,0.011225,0.003075,77,17,0,0,0.001,-0.000975,-0.000975,0.0834,0.393475,0.393475,0.400575,0.001,0.001,0.001,0.0016,0.0011,0.0011,0.003,0.004530263338,0.00131564,0.0170265,0.0183421,1,0.170243142613791,1,1,2.40376,2.04535773406778,1.39554697375829,1.00065776377587,0.36944157641596,0.159732097513291,0.27839770077408,0.880754233379959,2367.50990045395,2184.20106649558,7.07991637664283,7.93086958229394,2357.9751433796,9.26969528404051,15.9491257513145,0.001,0.481,0.999,0.01125,0.999,0.01125,0.507,0.499,0.899,0.499,0.901,0.499,0.907,0.499,0.008,0.0,41,6,0,0,-0.499,0.499,0.499,0.007000000000000006,0.399,0.401,0.40700000000000003,-0.019000000000000017,-0.48875,-0.48875,-0.0010000000000000009,-0.0010000000000000009,-0.0010000000000000009,-0.0010000000000000009,0.004307399999999999
64,0.00160703,0.00415403,0.00576106,1.02280357957974,0.076848327910208,0.958209948177822,1.00294768130709,696.604,196.459967348128,5.33794425116352,1.17397278071115,0.586416987175205,0.0002647722465572,0.063806213325887,0.818279693506678,24855.2960227903,8631.37614132925,1.68776885676903,36.5706973733717,16359.0675263104,0.0022469692279954,2698.24083207837,0.025125,-0.0003,0.0006,-0.00035,-0.00045,-0.0004,0.0142,-0.0001,0.371075,-0.00055,0.37265,0.0002,0.378125,-0.001675,0.01085,0.002475,182,33,0,0.0,0.025125,0.0006,-0.00045,0.0142,0.371075,0.37265,0.378125,-0.0003,-0.00035,-0.0004,-0.0001,-0.00055,0.0002,-0.001675,0.004153522269,0.00133526,0.00463203,0.00596729,1.13467343896605,0.139627153919357,0.998751597831588,1.00291433570035,348.213,115.562151637006,5.50849023247174,1.33380668448143,0.542865176508131,0.0001782816340011,0.0667381677643712,0.837419585096584,6117.98941281029,3119.36286058424,1757.59863907871,34.7481888201792,4437.57592612438,0.0009375039066072,2175.63659578478,0.001,0.001,-0.000975,0.001,-0.000975,0.001,0.0834,0.0016,0.40265,0.000725,0.404825,0.0006,0.4112,0.0005,0.01165,0.00095,67,11,0,0,0.001,-0.000975,-0.000975,0.0834,0.40265,0.404825,0.4112,0.001,0.001,0.001,0.0016,0.000725,0.0006,0.0005,0.004631803338,0.00123571,0.0171289,0.0183646,1,0.1709738188184,1,1,2.41416,2.05437331598063,1.4002719698911,1.00075094729406,0.371591968513589,0.158610398835099,0.276996354041856,0.878898632636354,2378.5337021525,2208.90228367937,7.06571926240681,8.19864144818677,2369.46833617297,9.58268829953098,15.7246784634141,0.001,0.481,0.999,0.01125,0.999,0.01125,0.509,0.499,0.909,0.499,0.909,0.499,0.915,0.497,0.008,0.0,38,5,0,0,-0.499,0.499,0.499,0.009000000000000008,0.40900000000000003,0.40900000000000003,0.41500000000000004,-0.019000000000000017,-0.48875,-0.48875,-0.0010000000000000009,-0.0010000000000000009,-0.0010000000000000009,-0.0030000000000000027,0.0044097999999999984
65,0.00153077,0.00425199,0.00578276,1.02297456073354,0.0788207724445533,0.960455340648863,1.00306605502934,708.346,199.662555897931,5.53856515769559,1.18109642231245,0.591694260514776,0.0002642112135961,0.0617101359997948,0.813641620739251,25021.3545887368,8829.8699439861,1.88831787972354,37.9864665809311,16579.8774700763,0.0021038254990081,2807.28044873844,0.025125,-0.0003,0.0006,-0.00035,-0.00045,-0.0004,0.0142,-0.0001,0.3801,-0.001225,0.381825,-0.00085,0.387425,2.5e-05,0.010675,0.002425,183,29,0,0.0,0.025125,0.0006,-0.00045,0.0142,0.3801,0.381825,0.387425,-0.0003,-0.00035,-0.0004,-0.0001,-0.001225,-0.00085,2.5e-05,0.004251482268999999,0.00124906,0.00474179,0.00599084,1.13684495914397,0.143214895989245,0.998800498023765,1.00332845508298,349.758,117.708591066312,5.70131306212865,1.35120310192255,0.549094997246626,0.0001750636874325,0.0628565201193186,0.833222442309177,6185.59733440933,3200.28971633353,1767.41408706107,36.0919442447101,4496.50510579089,0.0008441247731451,2307.99159245157,0.001,0.001,-0.000975,0.001,-0.000975,0.001,0.0834,0.0016,0.413275,0.00055,0.41535,0.000625,0.42075,0.00135,0.00965,0.00065,68,10,0,0,0.001,-0.000975,-0.000975,0.0834,0.413275,0.41535,0.42075,0.001,0.001,0.001,0.0016,0.00055,0.000625,0.00135,0.004741563338,0.0011519,0.0172351,0.018387,1,0.171731516620681,1,1,2.42337,2.06235644889527,1.40476428236449,1.00082474929166,0.373673940060017,0.157626812314165,0.275685848696264,0.877102225342538,2388.95924792177,2233.28460621272,7.04988775190816,8.48493616393731,2380.36651522298,9.91733194441891,15.4926065360002,0.001,0.481,0.999,0.01125,0.999,0.01125,0.509,0.499,0.919,0.499,0.919,0.499,0.925,0.497,0.008,0.0,38,5,0,0,-0.499,0.499,0.499,0.009000000000000008,0.41900000000000004,0.41900000000000004,0.42500000000000004,-0.019000000000000017,-0.48875,-0.48875,-0.0010000000000000009,-0.0010000000000000009,-0.0010000000000000009,-0.0030000000000000027,0.004515999999999999
66,0.00146101,0.00434147,0.00580248,1.02300679942275,0.0806331848255279,0.962621721160554,1.00318041372572,720.055,202.853486069732,5.71506673021963,1.187234092226,0.59674113757139,0.0002636614182313,0.0602267347483197,0.809191652557422,25167.2219164755,9036.84305327279,2.29566144680403,39.2724903048656,16790.9954658548,0.0019727617123038,2917.43310648941,0.025125,-0.0003,0.0006,-0.00035,-0.00045,-0.0004,0.0142,-0.0001,0.3894,-0.000625,0.39015,-0.00025,0.395875,-0.000875,0.010825,0.0024,176,27,0,0.0,0.025125,0.0006,-0.00045,0.0142,0.3894,0.39015,0.395875,-0.0003,-0.00035,-0.0004,-0.0001,-0.000625,-0.00025,-0.000875,0.004340962269,0.00116676,0.00484767,0.00601443,1.13674181155251,0.146903480551451,0.998828992035318,1.00338899476768,351.38,119.84506782208,5.93191270247226,1.36146902535521,0.555382095264761,0.0001721513413106,0.0533355273976676,0.82902479529284,6239.75989418991,3265.81999253123,1801.93837229305,37.4197511557178,4545.38073498634,0.0007534678324788,2456.13806332341,0.001,0.001,-0.000975,0.001,-0.000975,0.001,0.0834,0.0016,0.423625,0.000975,0.423625,0.000975,0.430675,-0.0002,0.00965,0.0013,79,12,0,0,0.001,-0.000975,-0.000975,0.0834,0.423625,0.423625,0.430675,0.001,0.001,0.001,0.0016,0.000975,0.000975,-0.0002,0.004847443338,0.00106313,0.0173455,0.0184087,1,0.172525700057626,1,1,2.43135,2.06928753168014,1.4092541469828,1.00088016641695,0.375684294584836,0.156780093998788,0.274390195371052,0.87538797465515,2398.71238750717,2257.4532798529,7.03150841207491,8.7954824191048,2390.66239703358,10.2803222371885,15.2495055147466,0.001,0.481,0.999,0.01125,0.999,0.01125,0.509,0.499,0.929,0.499,0.929,0.499,0.935,0.497,0.008,0.0,38,5,0,0,-0.499,0.499,0.499,0.009000000000000008,0.42900000000000005,0.42900000000000005,0.43500000000000005,-0.019000000000000017,-0.48875,-0.48875,-0.0010000000000000009,-0.0010000000000000009,-0.0010000000000000009,-0.0030000000000000027,0.004626399999999999
67,0.00139082,0.00443116,0.00582198,1.02303085411732,0.0824854711509208,0.964401158334124,1.00330710808623,731.718,206.030018841848,5.90112952178326,1.19426070974759,0.601623771987562,0.0002631214220818,0.0574407656180649,0.804900691389989,25307.3176500975,9235.07552390844,2.81805913381366,40.5325425458004,16996.6395550261,0.0018395747912836,3039.64459495853,0.025125,-0.0003,0.0006,-0.00035,-0.00045,-0.0004,0.0142,-0.0001,0.3976,-0.00085,0.39865,-0.001,0.40455,-0.001,0.0108,0.00235,161,29,0,0.0,0.025125,0.0006,-0.00045,0.0142,0.3976,0.39865,0.40455,-0.0003,-0.00035,-0.0004,-0.0001,-0.00085,-0.001,-0.001,0.0044306522689999996,0.00108402,0.00494992,0.00603393,1.1366341135751,0.150621333411782,0.998855554754836,1.0034455539545,353.004,121.984785299252,6.20026279717412,1.3679382049437,0.561613157748542,0.0001694758893194,0.0491214690618729,0.824879479879176,6292.83612327376,3312.07196780032,1829.6956741083,38.8512455434308,4597.54508973743,0.0006661751585431,2627.05267935632,0.001,0.001,-0.000975,0.001,-0.000975,0.001,0.0834,0.0016,0.4312,0.001275,0.43295,0.0004,0.439125,0.002925,0.011325,0.002875,88,16,0,0,0.001,-0.000975,-0.000975,0.0834,0.4312,0.43295,0.439125,0.001,0.001,0.001,0.0016,0.001275,0.0004,0.002925,0.004949693338,0.000970707,0.0174575,0.0184282,1,0.173334722796586,1,1,2.43814,2.07518021893063,1.41374204321492,1.00097249342368,0.377613819658066,0.156065456038964,0.273104222248829,0.873781493772834,2407.37062341158,2280.67579744333,7.01137986061689,9.12627426905517,2400.19381949227,10.6669765606598,15.0003877754211,0.001,0.481,0.999,0.01125,0.999,0.01125,0.509,0.499,0.939,0.499,0.941,0.499,0.947,0.499,0.008,0.0,39,6,0,0,-0.499,0.499,0.499,0.009000000000000008,0.43899999999999995,0.44099999999999995,0.44699999999999995,-0.019000000000000017,-0.48875,-0.48875,-0.0010000000000000009,-0.0010000000000000009,-0.0010000000000000009,-0.0010000000000000009,0.0047384
68,0.00132306,0.0045173,0.00584037,1.02303953353522,0.0843233488909835,0.965722796968944,1.00341022619617,743.338,209.192785198283,6.07279734024788,1.20267161149705,0.606325934566731,0.0002625908556865,0.0551609044228595,0.800806973011792,25434.0684445682,9376.91856475934,3.25797711206661,41.768051344437,17198.9013498122,0.0017113410590667,3170.16646545578,0.025125,-0.0003,0.0006,-0.00035,-0.00045,-0.0004,0.0142,-0.0001,0.4052,-0.0006,0.406475,-0.000825,0.41235,0.00015,0.010775,0.002375,175,26,0,0.0,0.025125,0.0006,-0.00045,0.0142,0.4052,0.406475,0.41235,-0.0003,-0.00035,-0.0004,-0.0001,-0.0006,-0.000825,0.00015,0.004516792269,0.000974507,0.00508141,0.00605592,1.13651874876389,0.155451303488158,0.998886246463936,1.00353336385771,354.626,124.132002652009,6.47970459937476,1.3727006408586,0.56792345715995,0.0001670053023453,0.0464380450115182,0.820823543553604,6359.01918162281,3368.94591076677,1873.01168367073,40.7842353729558,4661.90964200706,0.0005543599487703,2899.9199043035,0.001,0.001,-0.000975,0.001,-0.000975,0.001,0.0834,0.0016,0.444575,0.0009,0.44645,0.0009,0.452075,0.00275,0.011675,0.003225,97,17,0,0,0.001,-0.000975,-0.000975,0.0834,0.444575,0.44645,0.452075,0.001,0.001,0.001,0.0016,0.0009,0.0009,0.00275,0.005081183338,0.000843692,0.0176038,0.0184475,1,0.1744073502517,1,1,2.44339,2.07974256663538,1.41822921003709,1.00104782709467,0.379487917984428,0.155515383471325,0.271827481292349,0.872364025180056,2416.75174877424,2309.51340240663,6.97985297248546,9.59926715795327,2410.76050304405,11.2198449175681,14.658300031018,0.001,0.481,0.999,0.01125,0.999,0.01125,0.509,0.499,0.953,0.499,0.953,0.499,0.959,0.497,0.008,0.0,38,5,0,0,-0.499,0.499,0.499,0.009000000000000008,0.45299999999999996,0.45299999999999996,0.45899999999999996,-0.019000000000000017,-0.48875,-0.48875,-0.0010000000000000009,-0.0010000000000000009,-0.0010000000000000009,-0.0030000000000000027,0.004884699999999999
69,0.0012491,0.00461042,0.00585952,1.0230269634836,0.0862741185106114,0.967939043993441,1.00368477623611,754.885,212.333798347575,6.25505423693751,1.21006096368253,0.610876279781316,0.0002620679006099,0.0521609556424076,0.7969065785862,25565.8364764733,9567.08117080275,3.90455252868089,43.3435628446934,17412.3339251393,0.0015696781437231,3330.60544745043,0.025125,-0.0003,0.0006,-0.00035,-0.00045,-0.0004,0.0142,-0.0001,0.414225,-0.001,0.41585,-0.00035,0.42125,-0.000575,0.010725,0.002425,182,34,0,0.0,0.025125,0.0006,-0.00045,0.0142,0.414225,0.41585,0.42125,-0.0003,-0.00035,-0.0004,-0.0001,-0.001,-0.00035,-0.000575,0.004609912268999999,5.94205e-05,0.00558911,0.00564854,1.13639492368868,0.173642791028504,0.999060721385613,1.00389064894631,356.25,126.287589072979,6.72912941934797,1.38340684164093,0.571824141555999,0.0001647164634693,0.0438277865320726,0.818596796249747,6652.02885161724,3878.9243888924,2630.6660088891,65.1286709256746,5223.13078165134,0.0003104848666125,4101.52375872416,0.001,0.001,-0.000975,0.001,-0.000975,0.001,0.0834,0.0016,0.499,0.00055,0.499,0.0025,0.499,-0.005175,0.011625,0.00385,70,30,1,0,0.001,-0.000975,-0.000975,0.0834,0.499,0.499,0.499,0.001,0.001,0.001,0.0016,0.00055,0.0025,-0.005175,0.005588883338000001,5.09912e-06,0.0180251,0.0180302,1,0.177619410388788,1,1,2.44632,2.08229505961921,1.42272643727193,1.00115170022601,0.38045456988684,0.155208901620613,0.270556852363219,0.871528672036375,2418.70757618442,2417.72944665731,6.80128324657384,14.1382624030078,2418.64974333289,16.5251982566595,12.0979880454983,0.001,0.481,0.999,0.01125,0.999,0.01125,0.533,0.499,0.999,0.499,0.999,0.497,0.999,0.493,0.012,0.004,35,15,2,0,-0.499,0.499,0.499,0.03300000000000003,0.499,0.499,0.499,-0.019000000000000017,-0.48875,-0.48875,-0.0010000000000000009,-0.0010000000000000009,-0.0030000000000000027,-0.007000000000000006,0.005305999999999998
