cycle,field,metric,FEM_projected_to_PIDL,PIDL_native,PIDL_over_FEM_projected,FEM_projected_over_PIDL
1,damage_alpha,crack_strip_mean,0.21625153528421673,0.1969757378101349,0.9108639971099031,1.097858739804096
1,damage_alpha,domain_mean,0.008654876544287829,0.007841242477297783,0.9059912567410289,1.103763411136144
1,damage_alpha,max,1.000079870223999,1.00009286403656,1.0000129927748251,0.9999870073939848
1,damage_alpha,p99,0.9866672110557566,0.935278594493866,0.9479169714103465,1.054944715793159
1,damage_alpha,p999,0.9998491406440735,0.9992989897727966,0.9994497661207945,1.0005505368032064
1,damage_alpha,right_band_mean,-3.970308575254807e-06,-4.225086740916595e-05,10.641708725739123,0.09396987135922052
1,damage_alpha,tip_2l0_integral,0.0001970158149315067,0.0004048722330480814,2.0550240252988665,0.48661231581201003
1,damage_alpha,tip_2l0_mean,0.31573045411603595,0.3203102946281433,1.0145055393054487,0.9857018628844751
1,damage_alpha,tip_4l0_integral,0.00036637857703005004,0.000729017483536154,1.9897928788460812,0.5025648702592196
1,damage_alpha,tip_4l0_mean,0.14631732458052654,0.14487628638744354,0.9901512811472307,1.0099466809166355
1,damage_alpha,tip_l0_integral,9.41657408184582e-05,0.00018844814621843398,2.0012389280910825,0.4996904597262996
1,damage_alpha,tip_l0_mean,0.5605103179136093,0.5816300511360168,1.037679472700916,0.9636887172848835
1,damage_alpha,top1_mean,0.9974781126446194,0.9709118604660034,0.9733665813396339,1.0273621667015842
1,psi_plus_raw,crack_strip_mean,22.395444501365994,46.35246658325195,2.069727465352372,0.48315539931715096
1,psi_plus_raw,domain_mean,0.9005507647544769,1.8586065769195557,2.063855420106472,0.484530064585828
1,psi_plus_raw,max,684.29248046875,2803.99072265625,4.097649474001931,0.24404234826444524
1,psi_plus_raw,p99,151.601978302013,0.05769103020429611,0.00038054272675365264,2627.8258121783997
1,psi_plus_raw,p999,649.9269409179688,2545.715087890625,3.9169250074400828,0.2553023093627092
1,psi_plus_raw,right_band_mean,0.008561660729980866,0.008582346141338348,1.0024160512790523,0.9975897719554974
1,psi_plus_raw,tip_2l0_integral,0.0016966728516215701,0.008447729051113129,4.978997007607764,0.20084366358767217
1,psi_plus_raw,tip_2l0_mean,2.7190268462207623,6.6833295822143555,2.457985875168415,0.40683716293995487
1,psi_plus_raw,tip_4l0_integral,0.005617065986030605,0.02482866682112217,4.420219894669204,0.22623308881216578
1,psi_plus_raw,tip_4l0_mean,2.2432372376424894,4.934154510498047,2.1995687427530197,0.45463457475231356
1,psi_plus_raw,tip_l0_integral,0.000628868476453402,0.0026258435100317,4.1755050671971,0.23949198573749358
1,psi_plus_raw,tip_l0_mean,3.743264446273538,8.10445499420166,2.1650767960756117,0.461877380891332
1,psi_plus_raw,top1_mean,487.9443091498481,1029.931640625,2.1107565378095376,0.4737637818891997
1,psi_plus_active,crack_strip_mean,0.007401652461324736,0.006931418087333441,0.9364690011523273,1.0678410057028023
1,psi_plus_active,domain_mean,0.0050289291215434495,0.004785244818776846,0.9515435002408995,1.0509241035715475
1,psi_plus_active,max,0.24880101566345167,0.4221639931201935,1.6967936887012012,0.5893468408439467
1,psi_plus_active,p99,0.03345344873086253,0.03529394790530205,1.0550167245609439,0.9478522725942191
1,psi_plus_active,p999,0.10799535072018826,0.11257544904947281,1.0424101435732303,0.9593153003789329
1,psi_plus_active,right_band_mean,0.00856173698076315,0.008583063259720802,1.0024908822830658,0.9975153067952168
1,psi_plus_active,tip_2l0_integral,3.422669382320785e-05,7.010441913735121e-05,2.0482381237131357,0.4882244834829831
1,psi_plus_active,tip_2l0_mean,0.05485046765128387,0.05546235293149948,1.0111555161955177,0.9889675564076529
1,psi_plus_active,tip_4l0_integral,7.601338357763526e-05,0.00015669949061702937,2.061472378176488,0.4850901766069588
1,psi_plus_active,tip_4l0_mean,0.030356782887119252,0.03114059753715992,1.0258200828775321,0.9748298134258553
1,psi_plus_active,tip_l0_integral,1.4762812011518655e-05,2.9043010727036744e-05,1.9673088503989613,0.5083085961806172
1,psi_plus_active,tip_l0_mean,0.08787387410701683,0.08963891863822937,1.0200861126148026,0.9803093950928166
1,psi_plus_active,top1_mean,0.059610846585748424,0.06411589682102203,1.0755743374453377,0.9297358306029884
1,alpha_bar,crack_strip_mean,0.011913979947640532,0.013942871242761612,1.170295006709566,0.8544854026264947
1,alpha_bar,domain_mean,0.005233573519053479,0.009575556963682175,1.8296402885755139,0.5465555203632736
1,alpha_bar,max,0.237151637673378,0.8572618961334229,3.6148259592206764,0.2766384913910464
1,alpha_bar,p99,0.08369031079113486,0.07060258835554123,0.8436172322473919,1.185371708607712
1,alpha_bar,p999,0.11918672919273376,0.22747796773910522,1.9085846996544096,0.5239484525790611
1,alpha_bar,right_band_mean,0.008561723991086437,0.017167598009109497,2.005156674868588,0.49871414664668884
1,alpha_bar,tip_2l0_integral,3.519760559041192e-05,0.00014033913612365723,3.987178496081751,0.25080392086351594
1,alpha_bar,tip_2l0_mean,0.05640641590484166,0.111027792096138,1.9683539596531587,0.5080387067050729
1,alpha_bar,tip_4l0_integral,8.004831345588345e-05,0.0003135169972665608,3.9165971615298,0.2553236799082512
1,alpha_bar,tip_4l0_mean,0.03196817662482374,0.062304649502038956,1.9489584981102273,0.5130945584370483
1,alpha_bar,tip_l0_integral,1.5004824929240027e-05,5.8242876548320055e-05,3.8816098703572126,0.2576250662480856
1,alpha_bar,tip_l0_mean,0.08931442707534876,0.17976194620132446,2.012686551184738,0.4968483539631966
1,alpha_bar,top1_mean,0.09729691925976011,0.1282937079668045,1.318579343959393,0.7583919804152461
1,fatigue_f,crack_strip_mean,0.9999998335624969,0.9999099875147904,0.9999101539373398,1.0000898541357006
1,fatigue_f,domain_mean,1.0000000133914,0.9999964195489026,0.9999964061575507,1.000003593855365
1,fatigue_f,max,1.0,1.0,1.0,1.0
1,fatigue_f,p99,1.0,1.0,1.0,1.0
1,fatigue_f,p999,1.0,1.0,1.0,1.0
1,fatigue_f,right_band_mean,0.9999999239844396,0.9999999984902388,1.0000000745058049,0.9999999254942007
1,fatigue_f,tip_2l0_integral,0.0006239999984245514,0.0012604061543113718,2.0198816626499863,0.49507850805875864
1,fatigue_f,tip_2l0_mean,0.999999938784014,0.9971567055947821,0.9971567666367167,1.0028513403894086
1,fatigue_f,tip_4l0_integral,0.0025039999936780077,0.005028406144798086,2.0081494239191655,0.4979709119694736
1,fatigue_f,tip_4l0_mean,1.0000000076275515,0.9992857736461083,0.9992857660240047,1.0007147444707805
1,fatigue_f,tip_l0_integral,0.00016799999957584077,0.0003204061566846435,1.9071795088904244,0.5243344925521923
1,fatigue_f,tip_l0_mean,0.9999999187951223,0.9889078227121216,0.988907903016267,1.0112165116184237
1,fatigue_f,top1_mean,1.0,1.0,1.0,1.0
2,damage_alpha,crack_strip_mean,0.21671047393665083,0.19771099090576172,0.9123278045322208,1.096097252579879
2,damage_alpha,domain_mean,0.008670321039870562,0.007850108668208122,0.9053999998511376,1.104484206057451
2,damage_alpha,max,1.0007953643798828,1.0001507997512817,0.9993559476277146,1.000644467443071
2,damage_alpha,p99,0.9870907098054894,0.9366544485092163,0.9489041272547163,1.0538472447085985
2,damage_alpha,p999,1.000586986541748,1.0000344514846802,0.9994477890833084,1.0005525160220705
2,damage_alpha,right_band_mean,-7.351007564800403e-06,-6.358849350363016e-05,8.650309898756952,0.11560279477891305
2,damage_alpha,tip_2l0_integral,0.00019798286441413763,0.0004063204978592694,2.0523013396216663,0.487257880065676
2,damage_alpha,tip_2l0_mean,0.3172802128113462,0.32145607471466064,1.0131614318658988,0.9870095411728613
2,damage_alpha,tip_4l0_integral,0.00036756171098067735,0.0007315116818062961,1.9901737856605841,0.502468682486478
2,damage_alpha,tip_4l0_mean,0.1467898221694398,0.1453719586133957,0.9903408592292763,1.0097533497489348
2,damage_alpha,tip_l0_integral,9.438745680462709e-05,0.00018882783479057252,2.0005606802334754,0.49985986922590875
2,damage_alpha,tip_l0_mean,0.561830055822682,0.5828019380569458,1.037327804051983,0.9640154212524004
2,damage_alpha,top1_mean,0.9982046630647448,0.9712879657745361,0.9730348912540967,1.0277123759777507
2,psi_plus_raw,crack_strip_mean,22.221577964650642,46.32623291015625,2.08474092091257,0.47967591079003824
2,psi_plus_raw,domain_mean,0.89337744366854,1.857556700706482,2.0792518479968147,0.4809422201372173
2,psi_plus_raw,max,663.5108032226562,2799.12255859375,4.218654082191998,0.2370424264509508
2,psi_plus_raw,p99,156.9044941711534,0.056424837559461594,0.0003596126284178493,2780.7699757363835
2,psi_plus_raw,p999,637.928955078125,2549.65625,3.9967714738512727,0.25020194588118494
2,psi_plus_raw,right_band_mean,0.008559900630819734,0.008581608533859253,1.002535999420526,0.9974704156040363
2,psi_plus_raw,tip_2l0_integral,0.001848226328391185,0.008482953533530235,4.589780701216578,0.21787533328878603
2,psi_plus_raw,tip_2l0_mean,2.961900993455947,6.7111968994140625,2.265841064317088,0.4413372216384447
2,psi_plus_raw,tip_4l0_integral,0.006032328656760962,0.024997953325510025,4.143997243501085,0.24131290182884946
2,psi_plus_raw,tip_4l0_mean,2.4090769640587157,4.967796802520752,2.0621162696899513,0.48493870820889967
2,psi_plus_raw,tip_l0_integral,0.0006610402045286832,0.002651812043040991,4.011574522810928,0.2492786795592907
2,psi_plus_raw,tip_l0_mean,3.9347628126069054,8.18460464477539,2.080075733803337,0.48075172636697183
2,psi_plus_raw,top1_mean,483.7835494656033,1029.3470458984375,2.127701628208471,0.46999071051235786
2,psi_plus_active,crack_strip_mean,0.006896310874563795,0.006906080991029739,1.0014167163638141,0.9985852878819934
2,psi_plus_active,domain_mean,0.004790095548665655,0.004783943295478821,0.9987156303826658,1.0012860213440757
2,psi_plus_active,max,0.25582678403890496,0.41150492429733276,1.6085294815524593,0.6216858388164934
2,psi_plus_active,p99,0.03395316533019665,0.03512914478778839,1.0346353409514333,0.9665241079822547
2,psi_plus_active,p999,0.10910113637696112,0.11390099674463272,1.0439945955382843,0.9578593646688366
2,psi_plus_active,right_band_mean,0.008560034486286528,0.008582687005400658,1.0026463116650313,0.9973606728172802
2,psi_plus_active,tip_2l0_integral,3.474393075962125e-05,7.010122499195859e-05,2.0176538307354943,0.49562515867029105
2,psi_plus_active,tip_2l0_mean,0.05567937294945071,0.055459827184677124,0.9960569641297343,1.0039586449492985
2,psi_plus_active,tip_4l0_integral,7.655384463501835e-05,0.00015634787268936634,2.042325547916995,0.48963790372201843
2,psi_plus_active,tip_4l0_mean,0.03057262196973507,0.03107072040438652,1.0162923034584517,0.9839688804067405
2,psi_plus_active,tip_l0_integral,1.5071834382323804e-05,2.896297701227013e-05,1.9216623721819694,0.5203827761192725
2,psi_plus_active,tip_l0_mean,0.0897132928361313,0.08939189463853836,0.9964174963661182,1.003595384110523
2,psi_plus_active,top1_mean,0.060601264306142676,0.06404111534357071,1.0567620342052726,0.9462868343411297
2,alpha_bar,crack_strip_mean,0.020115092754736923,0.020848942920565605,1.0364825643498894,0.9648015648263488
2,alpha_bar,domain_mean,0.010075855217434905,0.014359500259160995,1.425139598504137,0.70168564612872
2,alpha_bar,max,0.4810108840465546,1.2687549591064453,2.637684512318954,0.37912039720051177
2,alpha_bar,p99,0.11725522838532948,0.10595469176769257,0.9036244543356261,1.1066544239722156
2,alpha_bar,p999,0.22393140196800232,0.34124135971069336,1.5238655977309226,0.6562258518658255
2,alpha_bar,right_band_mean,0.017121747329085054,0.025750286877155304,1.5039520431079354,0.6649148186490625
2,alpha_bar,tip_2l0_integral,7.056037425223294e-05,0.00021044047025498003,2.9824171496414715,0.33529850112356485
2,alpha_bar,tip_2l0_mean,0.11307751620345813,0.1664877086877823,1.4723325580323525,0.6791943807426327
2,alpha_bar,tip_4l0_integral,0.0001581067969220526,0.00046986492816358805,2.971819917364044,0.3364941442639579
2,alpha_bar,tip_4l0_mean,0.06314169270255655,0.09337537735700607,1.4788228405100292,0.6762135210564582
2,alpha_bar,tip_l0_integral,3.032581627908033e-05,8.720593177713454e-05,2.875633452850924,0.3477494668204644
2,alpha_bar,tip_l0_mean,0.1805107969823896,0.2691541016101837,1.491069266269109,0.6706596552031135
2,alpha_bar,top1_mean,0.14902946333090464,0.1922696828842163,1.2901454422962069,0.7751064083288124
2,fatigue_f,crack_strip_mean,0.9999786676943995,0.9995892946906944,0.9996106186898938,1.000389532986971
2,fatigue_f,domain_mean,0.9999991667565373,0.9999835918338362,0.9999844250643212,1.0000155751782611
2,fatigue_f,max,1.0,1.0,1.0,1.0
2,fatigue_f,p99,1.0,1.0,1.0,1.0
2,fatigue_f,p999,1.0,1.0,1.0,1.0
2,fatigue_f,right_band_mean,0.9999999239844396,0.9999999984902388,1.0000000745058049,0.9999999254942007
2,fatigue_f,tip_2l0_integral,0.0006235766809932167,0.0012475784392449005,2.000681676001402,0.4998296390651299
2,fatigue_f,tip_2l0_mean,0.9993215455043831,0.9870081974712402,0.9876782922488396,1.0124754263082012
2,fatigue_f,tip_4l0_integral,0.002503576676246673,0.005015578429731615,2.0033652163795117,0.499160109112408
2,fatigue_f,tip_4l0_mean,0.9998309511436727,0.9967365457585456,0.9969050714207361,1.0031045368992386
2,fatigue_f,tip_l0_integral,0.00016757668214450598,0.0003082835580075742,1.8396566518827053,0.5435796940568228
2,fatigue_f,tip_l0_mean,0.9974801723782882,0.9514923972802293,0.9538960508975226,1.0483322570201419
2,fatigue_f,top1_mean,1.0,1.0,1.0,1.0
3,damage_alpha,crack_strip_mean,0.21682286683827937,0.19825045764446259,0.9143429405549309,1.0936815451247233
3,damage_alpha,domain_mean,0.008672068915799844,0.00785112101584673,0.9053342509239738,1.1045644180361136
3,damage_alpha,max,1.0009812116622925,1.0001670122146606,0.999186598671238,1.0008140634890856
3,damage_alpha,p99,0.9871911364793785,0.9368390440940857,0.9489945862309263,1.0537467910872382
3,damage_alpha,p999,1.0007200241088867,1.0000524520874023,0.999332908300622,1.0006675370077749
3,damage_alpha,right_band_mean,-1.0229769964227577e-05,-8.502476703142747e-05,8.311503321066855,0.1203151778169104
3,damage_alpha,tip_2l0_integral,0.00019820755469768467,0.0004073901509400457,2.0553714592837595,0.4865300602882131
3,damage_alpha,tip_2l0_mean,0.31764029337282007,0.32230231165885925,1.0146770368347673,0.985535262648151
3,damage_alpha,tip_4l0_integral,0.0003678887967748239,0.0007330892258323729,1.992692444725572,0.5018335883426894
3,damage_alpha,tip_4l0_mean,0.14692044748791716,0.14568544924259186,0.9915941023428555,1.0084771557608943
3,damage_alpha,tip_l0_integral,9.443751844762433e-05,0.00018921340233646333,2.00358295565975,0.4991058629118328
3,damage_alpha,tip_l0_mean,0.5621280417694583,0.5839919447898865,1.0388948805179783,0.9625612934981586
3,damage_alpha,top1_mean,0.9983817892604404,0.9714232087135315,0.9729977240802051,1.0277516331760392
3,psi_plus_raw,crack_strip_mean,22.258674973405235,46.33650207519531,2.0817277816652777,0.4803702044078262
3,psi_plus_raw,domain_mean,0.894860003653883,1.8579667806625366,2.0762653075074384,0.48163401680130297
3,psi_plus_raw,max,662.9354248046875,2800.01318359375,4.223659015384015,0.23676153694170315
3,psi_plus_raw,p99,158.1073292541612,0.056786783039569855,0.0003591660380796376,2784.2276105689893
3,psi_plus_raw,p999,637.9898681640625,2553.22705078125,4.0019868311210764,0.2498758847039659
3,psi_plus_raw,right_band_mean,0.008559782396319136,0.008581571280956268,1.002545495157272,0.9974609679365497
3,psi_plus_raw,tip_2l0_integral,0.0019050241141268971,0.008539366535842419,4.482550363807938,0.22308728711092435
3,psi_plus_raw,tip_2l0_mean,3.0529230806389283,6.7558274269104,2.212904566693673,0.45189476991053074
3,psi_plus_raw,tip_4l0_integral,0.00615198265633201,0.0250992588698864,4.07986502433531,0.24510614788363488
3,psi_plus_raw,tip_4l0_mean,2.4568621081425066,4.987928867340088,2.0302030182358,0.4925615768559821
3,psi_plus_raw,tip_l0_integral,0.000677771235993695,0.0027062816079705954,3.9929130424115113,0.25044372100727047
3,psi_plus_raw,tip_l0_mean,4.034352277777217,8.352720260620117,2.0703993319151013,0.4829986102608567
3,psi_plus_raw,top1_mean,484.4478908962674,1029.574951171875,2.125254275061615,0.47053193198306037
3,psi_plus_active,crack_strip_mean,0.006902757850154418,0.006907008588314056,1.0006158028793584,0.9993845761004511
3,psi_plus_active,domain_mean,0.004789058658277837,0.004783468320965767,0.99883268556287,1.0011686786525935
3,psi_plus_active,max,0.25610789100434195,0.4101242423057556,1.601372924111903,0.6244641613099489
3,psi_plus_active,p99,0.03413387534719741,0.035095587372779846,1.028174709604469,0.9725973520440824
3,psi_plus_active,p999,0.1079904364431491,0.11364968121051788,1.0524050550564084,0.9502044818156072
3,psi_plus_active,right_band_mean,0.008559965314500168,0.008583012968301773,1.0026924938308528,0.9973147362252949
3,psi_plus_active,tip_2l0_integral,3.4936035700524275e-05,6.998033495619893e-05,2.003098907846283,0.4992264715850664
3,psi_plus_active,tip_2l0_mean,0.05598723341359842,0.05536418408155441,0.988871582072268,1.0112536532846979
3,psi_plus_active,tip_4l0_integral,7.685834502418197e-05,0.0001562536635901779,2.0330084331248055,0.49188187501168634
3,psi_plus_active,tip_4l0_mean,0.03069422755769634,0.0310519989579916,1.0116559831852014,0.9884783134000724
3,psi_plus_active,tip_l0_integral,1.5158314667182775e-05,2.8868213121313602e-05,1.9044474108861376,0.5250866966889366
3,psi_plus_active,tip_l0_mean,0.09022805639598067,0.08909941464662552,0.987491232833367,1.0126672184529093
3,psi_plus_active,top1_mean,0.0609564487302527,0.06403990089893341,1.0505845112848642,0.9518510783839758
3,alpha_bar,crack_strip_mean,0.028403440744686606,0.027755942195653915,0.9772035171776217,1.0233282856863017
3,alpha_bar,domain_mean,0.014920332414317006,0.01914297044277191,1.2830123291625204,0.7794157369109187
3,alpha_bar,max,0.725378155708313,1.6788806915283203,2.3144902811264516,0.4320605742674818
3,alpha_bar,p99,0.1497040486335756,0.1411599963903427,0.9429270462541344,1.0605274331376888
3,alpha_bar,p999,0.33920958638191223,0.4542911946773529,1.3392640211702966,0.7466787610154451
3,alpha_bar,right_band_mean,0.025681703106902248,0.03433329984545708,1.336877842662608,0.7480114996956928
3,alpha_bar,tip_2l0_integral,0.00010614813597988248,0.0002804208779707551,2.6417880576245008,0.37853150146314213
3,alpha_bar,tip_2l0_mean,0.17010918229153515,0.22185194492340088,1.3041738366785418,0.7667689474179231
3,alpha_bar,tip_4l0_integral,0.00023650421021818356,0.0006261183880269527,2.6473879152059756,0.3777308169521491
3,alpha_bar,tip_4l0_mean,0.09445056414506682,0.12442734092473984,1.317380600645557,0.7590820750738012
3,alpha_bar,tip_l0_integral,4.575624640468291e-05,0.0001160740212071687,2.5367907188140575,0.3941988562885854
3,alpha_bar,tip_l0_mean,0.27235858812247576,0.3582531213760376,1.3153729568275494,0.7602406563168411
3,alpha_bar,top1_mean,0.20663531965679593,0.2562420964241028,1.2400692042855963,0.8064066074248653
3,fatigue_f,crack_strip_mean,0.9996349694407517,0.9989675809867368,0.9993323678398442,1.0006680781906412
3,fatigue_f,domain_mean,0.9999854188241379,0.9999587232816016,0.9999733040682056,1.0000266966444862
3,fatigue_f,max,1.0,1.0,1.0,1.0
3,fatigue_f,p99,1.0,1.0,1.0,1.0
3,fatigue_f,p999,1.0,1.0,1.0,1.0
3,fatigue_f,right_band_mean,0.9999999239844396,0.9999999984902388,1.0000000745058049,0.9999999254942007
3,fatigue_f,tip_2l0_integral,0.0006167027147935307,0.00122371771285923,1.9842911073756586,0.5039583135170921
3,fatigue_f,tip_2l0_mean,0.9883055746770681,0.9681310416953444,0.9795867457407433,1.0208386386892367
3,fatigue_f,tip_4l0_integral,0.0024967027100469873,0.0049908402582464215,1.9989725801805596,0.5002569869716141
3,fatigue_f,tip_4l0_mean,0.9970857569465992,0.9918203750835208,0.9947192286858026,1.0053088059041284
3,fatigue_f,tip_l0_integral,0.0001609081345310324,0.0002894280237698729,1.7987159233025254,0.5559521584508764
3,fatigue_f,tip_l0_mean,0.9577864397069105,0.8932963079727708,0.9326675247627497,1.072193438121884
3,fatigue_f,top1_mean,1.0,1.0,1.0,1.0
4,damage_alpha,crack_strip_mean,0.2168909954492011,0.19878092408180237,0.9165015065291617,1.0911056805427972
4,damage_alpha,domain_mean,0.008672455597410526,0.007851914502680302,0.9053853795486452,1.104502041438445
4,damage_alpha,max,1.0010019540786743,1.0001469850540161,0.9991458867575886,1.0008548433754585
4,damage_alpha,p99,0.9872274166345605,0.9370303153991699,0.949153457056013,1.0535704132624641
4,damage_alpha,p999,1.0007281303405762,1.0000295639038086,0.9993019418405578,1.0006985457850273
4,damage_alpha,right_band_mean,-1.2681118342975775e-05,-0.00010633902275003493,8.385618671316745,0.11925178561011
4,damage_alpha,tip_2l0_integral,0.00019853101180754122,0.00041015399619936943,2.0659442193191384,0.48404017429355584
4,damage_alpha,tip_2l0_mean,0.3181586540953721,0.32448890805244446,1.019896532360785,0.9804916168165315
4,damage_alpha,tip_4l0_integral,0.0003682682158317452,0.0007366526406258345,2.0003155552321603,0.49992112363688446
4,damage_alpha,tip_4l0_mean,0.147071972671932,0.14639361202716827,0.9953875600330939,1.004633813151887
4,damage_alpha,tip_l0_integral,9.469817975096327e-05,0.00019081824575550854,2.015014926974534,0.49627423926901665
4,damage_alpha,tip_l0_mean,0.5636795970243992,0.5889451503753662,1.0448225436654812,0.9571003287235426
4,damage_alpha,top1_mean,0.9984151698483361,0.9715631604194641,0.9731053671460631,1.0276379452441144
4,psi_plus_raw,crack_strip_mean,22.271970080726135,46.35942840576172,2.0815144882886023,0.4804194280781532
4,psi_plus_raw,domain_mean,0.8953914238944983,1.8588818311691284,2.0760549873081606,0.4816828099994658
4,psi_plus_raw,max,662.9766235351562,2805.1708984375,4.2311761815667515,0.23634090311732484
4,psi_plus_raw,p99,158.43981719971782,0.057897016406059265,0.00036541961124001083,2736.5800007465696
4,psi_plus_raw,p999,638.1068115234375,2553.006591796875,4.000907913366011,0.2499432682914934
4,psi_plus_raw,right_band_mean,0.008559759879400363,0.008581433445215225,1.0025320296503901,0.9974743653314766
4,psi_plus_raw,tip_2l0_integral,0.0019244399360580963,0.008696441538631916,4.518946720906847,0.22129050457123411
4,psi_plus_raw,tip_2l0_mean,3.0840381780614607,6.880095958709717,2.2308724994560056,0.4482551110580494
4,psi_plus_raw,tip_4l0_integral,0.0061873815676878625,0.0255063958466053,4.1223246970586755,0.24258157071263967
4,psi_plus_raw,tip_4l0_mean,2.4709990537156834,5.068838596343994,2.0513316622772053,0.4874882099220802
4,psi_plus_raw,tip_l0_integral,0.0006852936866080497,0.002776298439130187,4.051253489393486,0.2468371832614479
4,psi_plus_raw,tip_l0_mean,4.079128766006308,8.568821907043457,2.10065001586915,0.47604312591131326
4,psi_plus_raw,top1_mean,484.6967008463542,1030.083740234375,2.1252130217426526,0.47054106565750775
4,psi_plus_active,crack_strip_mean,0.006881275413064454,0.006902823690325022,1.0031314365385895,0.9968783387455239
4,psi_plus_active,domain_mean,0.004787837285919108,0.004781488329172134,0.998673940577378,1.001327820191098
4,psi_plus_active,max,0.23427519412901332,0.4139203429222107,1.766812506381996,0.5659910128481928
4,psi_plus_active,p99,0.034137353191350764,0.035393983125686646,1.0368109949032096,0.9644959446956423
4,psi_plus_active,p999,0.10731955968382674,0.11335668712854385,1.0562537478023861,0.9467422028850301
4,psi_plus_active,right_band_mean,0.008559984576948981,0.00858323648571968,1.0027163493767635,0.9972910091887385
4,psi_plus_active,tip_2l0_integral,3.456604737907471e-05,6.941737956367433e-05,2.00825332449488,0.49794514855416555
4,psi_plus_active,tip_2l0_mean,0.055394303446075176,0.0549188107252121,0.9914162162662455,1.008658103017602
4,psi_plus_active,tip_4l0_integral,7.648675238672441e-05,0.00015588279347866774,2.0380365045506084,0.4906683456195021
4,psi_plus_active,tip_4l0_mean,0.030545827940591675,0.03097829595208168,1.014158005876649,0.9860396449127169
4,psi_plus_active,tip_l0_integral,1.4847487207876204e-05,2.8174137696623802e-05,1.8975694204793225,0.5269899426116395
4,psi_plus_active,tip_l0_mean,0.08837789309329833,0.08695720881223679,0.9839248908144738,1.0163377401421563
4,psi_plus_active,top1_mean,0.060556312012495186,0.06396094709634781,1.0562226293297075,0.9467700958410756
4,alpha_bar,crack_strip_mean,0.03669056612716593,0.034658778458833694,0.9446237035075922,1.0586225989108506
4,alpha_bar,domain_mean,0.019764399336957245,0.023924456909298897,1.2104823678887526,0.8261169485220485
4,alpha_bar,max,0.9499382972717285,2.0928030014038086,2.2030936192534254,0.45390717455705565
4,alpha_bar,p99,0.18246291592717181,0.1769067794084549,0.9695492287269234,1.031407143000939
4,alpha_bar,p999,0.4545139968395233,0.5676968097686768,1.2490194223196063,0.8006280624066343
4,alpha_bar,right_band_mean,0.03424167954890387,0.04291653633117676,1.2533420351032571,0.7978668009148951
4,alpha_bar,tip_2l0_integral,0.00014145743305191187,0.00034983857767656446,2.4731014138237692,0.4043505836074294
4,alpha_bar,tip_2l0_mean,0.22669459094487387,0.27677100896835327,1.2208981600079583,0.8190691351303876
4,alpha_bar,tip_4l0_integral,0.0003146486147968166,0.0007820014143362641,2.4853165644515527,0.40236322982085587
4,alpha_bar,tip_4l0_mean,0.1256583937664643,0.1554056853055954,1.2367314323181335,0.8085829905087774
4,alpha_bar,tip_l0_integral,6.092418766286069e-05,0.00014424839173443615,2.3676703337050777,0.4223560965242732
4,alpha_bar,tip_l0_mean,0.362643945650823,0.4452110528945923,1.2276809201807832,0.8145438961882246
4,alpha_bar,top1_mean,0.26632285323407917,0.3201335072517395,1.202050456294731,0.8319118342856067
4,fatigue_f,crack_strip_mean,0.9988315098765158,0.9981504062060311,0.9993180995355574,1.0006823657699782
4,fatigue_f,domain_mean,0.9999532804363006,0.9999260362850155,0.9999727545758206,1.0000272461665127
4,fatigue_f,max,1.0,1.0,1.0,1.0
4,fatigue_f,p99,1.0,1.0,1.0,1.0
4,fatigue_f,p999,1.0,1.0,1.0,1.0
4,fatigue_f,right_band_mean,0.9999999239844396,0.9999999984902388,1.0000000745058049,0.9999999254942007
4,fatigue_f,tip_2l0_integral,0.000602446179418644,0.001192474943488161,1.9793883407790724,0.5052065728579604
4,fatigue_f,tip_2l0_mean,0.9654585641992587,0.9434136624020532,0.9771663926193567,1.0233671640296966
4,fatigue_f,tip_4l0_integral,0.002480633516128322,0.004958532974717884,1.9988978389911354,0.5002756921808023
4,fatigue_f,tip_4l0_mean,0.9906683471695205,0.9854000088908225,0.9946820363305738,1.0053463956070268
4,fatigue_f,tip_l0_integral,0.00014968541751262936,0.00027130056855131045,1.8124716025087755,0.5517327822492922
4,fatigue_f,tip_l0_mean,0.8909845579485873,0.8373473759766109,0.9398000992346363,1.0640560698114312
4,fatigue_f,top1_mean,1.0,1.0,1.0,1.0
5,damage_alpha,crack_strip_mean,0.21700233081111073,0.1995832324028015,0.9197285193057597,1.0872773639278162
5,damage_alpha,domain_mean,0.00867490660622352,0.007863800041377544,0.9064996775568656,1.1031443526765834
5,damage_alpha,max,1.000993013381958,1.0001106262207031,0.9991184881917671,1.0008822895568956
5,damage_alpha,p99,0.9873778218030937,0.937243640422821,0.9492249265952516,1.0534910872883123
5,damage_alpha,p999,1.000714898109436,1.0000346899032593,0.9993202777259919,1.0006801846106383
5,damage_alpha,right_band_mean,-1.4768512084495394e-05,-0.00012746028369292617,8.630543345442318,0.11586756012622167
5,damage_alpha,tip_2l0_integral,0.00020004895677108297,0.0004240191192366183,2.1195767580124176,0.47179230297737657
5,damage_alpha,tip_2l0_mean,0.32059125806083955,0.3354581296443939,1.0463732906301926,0.9556818861438411
5,damage_alpha,tip_4l0_integral,0.000369853800809822,0.0007515091565437615,2.0319087025691696,0.49214809638621465
5,damage_alpha,tip_4l0_mean,0.14770519351625078,0.1493460088968277,1.0111087182618017,0.9890133295646993
5,damage_alpha,tip_l0_integral,9.610856943899362e-05,0.0001997731305891648,2.0786193338979397,0.4810885685955522
5,damage_alpha,tip_l0_mean,0.5720747730783321,0.6165837049484253,1.0778026474242008,0.9278136423118477
5,damage_alpha,top1_mean,0.9984225160545773,0.9718390107154846,0.9733744933516307,1.027353815854255
5,psi_plus_raw,crack_strip_mean,22.31654150692032,46.54328536987305,2.085595805937943,0.4794792917941622
5,psi_plus_raw,domain_mean,0.8971707918136868,1.8662254810333252,2.080122868535024,0.48074083272988277
5,psi_plus_raw,max,663.5018310546875,2806.33984375,4.229588695014007,0.23642960867065782
5,psi_plus_raw,p99,159.69429794312626,0.057285375893116,0.00035871898139730506,2787.6974786913597
5,psi_plus_raw,p999,638.6530151977539,2551.25439453125,3.99474258137069,0.2503290211147664
5,psi_plus_raw,right_band_mean,0.008559598342241855,0.008580905385315418,1.0024892573484918,0.9975169236675157
5,psi_plus_raw,tip_2l0_integral,0.002009003705853798,0.009879148565232754,4.917436705789578,0.203357980962448
5,psi_plus_raw,tip_2l0_mean,3.2195570319597784,7.815781593322754,2.4275953231259284,0.4119302712745118
5,psi_plus_raw,tip_4l0_integral,0.006329997953384844,0.02716509997844696,4.291486376219277,0.23301949775289332
5,psi_plus_raw,tip_4l0_mean,2.5279544798917475,5.3984694480896,2.1355089622977603,0.46827244355089115
5,psi_plus_raw,tip_l0_integral,0.0007328245072563723,0.0035644604358822107,4.864002773634336,0.20559198802693313
5,psi_plus_raw,tip_l0_mean,4.362050295224117,11.001420021057129,2.5220754637107845,0.3964988416836181
5,psi_plus_raw,top1_mean,485.5005675591363,1034.1708984375,2.1301126456696324,0.4694587406130511
5,psi_plus_active,crack_strip_mean,0.006867229146402675,0.006863020360469818,0.9993871202135346,1.0006132556384502
5,psi_plus_active,domain_mean,0.0047838048576100195,0.004769476130604744,0.997004742577975,1.0030042559419328
5,psi_plus_active,max,0.24529010941906226,0.4304366111755371,1.7548062259622708,0.569863489885692
5,psi_plus_active,p99,0.03436633614088382,0.03545675799250603,1.0317293600095179,0.9692464310512351
5,psi_plus_active,p999,0.1064096032386351,0.10943197458982468,1.0284031822241793,0.9723812773869969
5,psi_plus_active,right_band_mean,0.008559858611938144,0.008583065122365952,1.0027110857176358,0.9972962443955674
5,psi_plus_active,tip_2l0_integral,3.399572128602136e-05,6.527510413434356e-05,1.9200976377337204,0.5208068487497823
5,psi_plus_active,tip_2l0_mean,0.054480319376235105,0.051641691476106644,0.947896269099944,1.054967756070535
5,psi_plus_active,tip_4l0_integral,7.597799387379738e-05,0.0001522977399872616,2.004498042423106,0.4988780127673089
5,psi_plus_active,tip_4l0_mean,0.030342649618669903,0.030265845358371735,0.9974687688364924,1.0025376545537963
5,psi_plus_active,tip_l0_integral,1.4198301224178639e-05,2.31202611757908e-05,1.6283822135297945,0.6141064374759599
5,psi_plus_active,tip_l0_mean,0.08451369111342016,0.071358822286129,0.8443462987596069,1.1843481773640239
5,psi_plus_active,top1_mean,0.06047642129538394,0.06370546668767929,1.0533934601805186,0.9493128995016082
5,alpha_bar,crack_strip_mean,0.04497306162996401,0.04152178391814232,0.92325900023844,1.083119687695155
5,alpha_bar,domain_mean,0.024604811118135332,0.02869393490254879,1.1661920412548712,0.8574917034453078
5,alpha_bar,max,1.1787470579147339,2.483320713043213,2.10674605409946,0.47466565704686015
5,alpha_bar,p99,0.21538816779851938,0.2127235382795334,0.9876287098487296,1.0125262560999926
5,alpha_bar,p999,0.5614694952964783,0.6747866868972778,1.2018225256226316,0.8320696098468674
5,alpha_bar,right_band_mean,0.04280153119581676,0.05149960517883301,1.203218757366941,0.8311040647241454
5,alpha_bar,tip_2l0_integral,0.00017634992080733773,0.0004151137254666537,2.3539206797839474,0.4248231508343706
5,alpha_bar,tip_2l0_mean,0.2826120359890131,0.3284127414226532,1.16206211909326,0.860539194565851
5,alpha_bar,tip_4l0_integral,0.000392498622222767,0.0009342995472252369,2.3803893678255124,0.42009933900582863
5,alpha_bar,tip_4l0_mean,0.15674865263879165,0.1856716126203537,1.184518077155097,0.8442251910597589
5,alpha_bar,tip_l0_integral,7.554659597873492e-05,0.00016736883844714612,2.2154385155124343,0.45137790690106266
5,alpha_bar,tip_l0_mean,0.44968208353999783,0.5165704488754272,1.1487458980105885,0.8705145339206971
5,alpha_bar,top1_mean,0.32727896644009485,0.3834609091281891,1.1716637744832825,0.853487170789258
5,fatigue_f,crack_strip_mean,0.997804500309957,0.9972637080278876,0.9994580177961699,1.00054227610783
5,fatigue_f,domain_mean,0.9999122000469045,0.9998905683520762,0.9999783664057431,1.0000216340622794
5,fatigue_f,max,1.0,1.0,1.0,1.0
5,fatigue_f,p99,1.0,1.0,1.0,1.0
5,fatigue_f,p999,1.0,1.0,1.0,1.0
5,fatigue_f,right_band_mean,0.9999999239844396,0.9999999984902388,1.0000000745058049,0.9999999254942007
5,fatigue_f,tip_2l0_integral,0.0005865085325930379,0.0011580550955204152,1.9744897664156535,0.5064599558879092
5,fatigue_f,tip_2l0_mean,0.9399174650162363,0.9161827717171829,0.9747481090814251,1.0259060681249965
5,fatigue_f,tip_4l0_integral,0.0024612177589980813,0.004923336626050195,2.0003661228474146,0.499908486040822
5,fatigue_f,tip_4l0_mean,0.9829144504732924,0.978405504172007,0.9954126767603079,1.0046084637525636
5,fatigue_f,tip_l0_integral,0.0001397129228163948,0.00025873202464226047,1.8518832719738878,0.539990838047864
5,fatigue_f,tip_l0_mean,0.8316244751414598,0.7985555764669855,0.9602357798947064,1.0414108919266203
5,fatigue_f,top1_mean,1.0,1.0,1.0,1.0
6,damage_alpha,crack_strip_mean,0.21724239554945446,0.20124362409114838,0.9263552060460316,1.0794995197018507
6,damage_alpha,domain_mean,0.008682802668573922,0.00791014265269041,0.9110126021082989,1.097679656335997
6,damage_alpha,max,1.000974178314209,1.0000885725021362,0.9991152560862616,1.0008855273786972
6,damage_alpha,p99,0.9876578772068031,0.9376120567321777,0.949328789219846,1.0533758286439363
6,damage_alpha,p999,1.0006955862045288,0.9998960494995117,0.9992010190551058,1.0007996198258982
6,damage_alpha,right_band_mean,-1.654598960804619e-05,-0.00014848292630631477,8.973952590548507,0.11143361745115682
6,damage_alpha,tip_2l0_integral,0.00020419221752737433,0.000462792522739619,2.2664552466480576,0.441217624516935
6,damage_alpha,tip_2l0_mean,0.3272310986267342,0.36613330245018005,1.1188829667678402,0.8937485239307362
6,damage_alpha,tip_4l0_integral,0.00037407354601563916,0.0007946487748995423,2.124311604933218,0.47074073204596417
6,damage_alpha,tip_4l0_mean,0.14939039529287113,0.15791906416416168,1.057089807243435,0.9459934181067288
6,damage_alpha,tip_l0_integral,9.926694096894332e-05,0.00021438064868561924,2.1596379075758003,0.46304058494810496
6,damage_alpha,tip_l0_mean,0.5908746021345741,0.661668598651886,1.1198122177896357,0.8930068667886751
6,damage_alpha,top1_mean,0.998431810537974,0.9723548889160156,0.9738821205947878,1.0268183169737841
6,psi_plus_raw,crack_strip_mean,22.366292435309386,46.99006652832031,2.1009323142953136,0.47597916086859565
6,psi_plus_raw,domain_mean,0.8991541562674463,1.8840667009353638,2.095376735794082,0.477241148533145
6,psi_plus_raw,max,663.7372436523438,2803.06396484375,4.223153049871578,0.236789902755338
6,psi_plus_raw,p99,161.70406616212014,0.05572235956788063,0.00034459467155275426,2901.960136220241
6,psi_plus_raw,p999,638.9423217773438,2551.38818359375,3.9931431940469397,0.25042928625520383
6,psi_plus_raw,right_band_mean,0.008559221048934416,0.008577960543334484,1.0021893925034686,0.9978153904642719
6,psi_plus_raw,tip_2l0_integral,0.002131687960495359,0.013366499915719032,6.2703829844837795,0.1594798918143477
6,psi_plus_raw,tip_2l0_mean,3.4161664028589325,10.574762344360352,3.095505633305951,0.3230490002151978
6,psi_plus_raw,tip_4l0_integral,0.0065373306214896905,0.032238442450761795,4.9314382761653075,0.2027805974644787
6,psi_plus_raw,tip_4l0_mean,2.6107550670362176,6.4066853523254395,2.4539587926945745,0.4075048052872754
6,psi_plus_raw,tip_l0_integral,0.0008111634442182134,0.006048143841326237,7.456134622973972,0.1341177500898096
6,psi_plus_raw,tip_l0_mean,4.828353454736759,18.6671085357666,3.866143750817084,0.25865566943512036
6,psi_plus_raw,top1_mean,486.33024505615236,1044.1002197265625,2.1468955104900154,0.4657888542380697
6,psi_plus_active,crack_strip_mean,0.006829169980665365,0.006810960825532675,0.9973336210426386,1.0026735075416127
6,psi_plus_active,domain_mean,0.004775625515254688,0.004737606272101402,0.9920388977251583,1.0080249900413152
6,psi_plus_active,max,0.24087620240645705,0.46457383036613464,1.9286829737634599,0.5184885300504776
6,psi_plus_active,p99,0.03400694796632045,0.035357844084501266,1.0397241210683978,0.9617935947974563
6,psi_plus_active,p999,0.10306517082934866,0.10875614732503891,1.055217261562717,0.9476721395924254
6,psi_plus_active,right_band_mean,0.008559511600715795,0.00858047604560852,1.0024492571388035,0.9975567270648749
6,psi_plus_active,tip_2l0_integral,3.253341698749825e-05,5.4150943469721824e-05,1.6644714414883204,0.600791323343962
6,psi_plus_active,tip_2l0_mean,0.052136883137935935,0.04284093528985977,0.8217011204240511,1.216987509380461
6,psi_plus_active,tip_4l0_integral,7.462017655915128e-05,0.0001437539467588067,1.9264755644856082,0.5190826286275849
6,psi_plus_active,tip_4l0_mean,0.02980039030220382,0.028567953035235405,0.9586435863936563,1.043140552123155
6,psi_plus_active,tip_l0_integral,1.2666031255716459e-05,1.0841247785720043e-05,0.8559309200209931,1.168318583438338
6,psi_plus_active,tip_l0_mean,0.07539303725685473,0.03346063941717148,0.4438160423644325,2.2531857899333567
6,psi_plus_active,top1_mean,0.05993073620813806,0.06358353048563004,1.0609502653998093,0.9425512510929617
6,alpha_bar,crack_strip_mean,0.05322770283004717,0.048332735896110535,0.9080372311094099,1.1012764297981847
6,alpha_bar,domain_mean,0.029437452278138425,0.033431537449359894,1.1356803956226762,0.8805294199445218
6,alpha_bar,max,1.373444676399231,2.557455062866211,1.862073592633602,0.5370357025393726
6,alpha_bar,p99,0.24923135280609152,0.24821700155735016,0.9959300816798496,1.0040865502458622
6,alpha_bar,p999,0.6678893566131592,0.7776698470115662,1.1643692766045854,0.8588340658696334
6,alpha_bar,right_band_mean,0.051361036840032966,0.06008008494973183,1.16975997071194,0.8548762353283293
6,alpha_bar,tip_2l0_integral,0.00020996846618763038,0.00046926451614126563,2.2349285331347097,0.44744160055865434
6,alpha_bar,tip_2l0_mean,0.33648790683385116,0.3712535500526428,1.1033191461348952,0.906356065244731
6,alpha_bar,tip_4l0_integral,0.00046924224992786863,0.0010780531447380781,2.297434097001698,0.4352681982499804
6,alpha_bar,tip_4l0_mean,0.18739706657019206,0.21423949301242828,1.1432382423776204,0.8747083179445395
6,alpha_bar,tip_l0_integral,8.878109680425376e-05,0.00017821013170760125,2.007298153800942,0.4981820952240896
6,alpha_bar,tip_l0_mean,0.5284588679699188,0.5500312447547913,1.040821297725106,0.9607797248054706
6,alpha_bar,top1_mean,0.38848458879523806,0.44443395733833313,1.144019531679762,0.8741109503014356
6,fatigue_f,crack_strip_mean,0.9966271661496017,0.9962730733028656,0.9996447088151289,1.000355417461562
6,fatigue_f,domain_mean,0.9998651066727713,0.9998509429565803,0.9999858343729604,1.0000141658277073
6,fatigue_f,max,1.0,1.0,1.0,1.0
6,fatigue_f,p99,1.0,1.0,1.0,1.0
6,fatigue_f,p999,1.0,1.0,1.0,1.0
6,fatigue_f,right_band_mean,0.9999999239844396,0.9999999984902388,1.0000000745058049,0.9999999254942007
6,fatigue_f,tip_2l0_integral,0.0005694712685273951,0.0011203810390259298,1.967405733959399,0.5082835648686976
6,fatigue_f,tip_2l0_mean,0.9126141588211965,0.8863773491302409,0.9712509285141433,1.0296000453042944
6,fatigue_f,tip_4l0_integral,0.0024415543264496133,0.00488391171029957,2.000328912361951,0.4999177854302065
6,fatigue_f,tip_4l0_mean,0.9750616418678221,0.9705706642043661,0.9953941602554962,1.0046271516635397
6,fatigue_f,tip_l0_integral,0.00013236608638722805,0.00025371016345937514,1.9167308665239462,0.5217216550665418
6,fatigue_f,tip_l0_mean,0.7878933093610022,0.7830560059852062,0.9938604588739062,1.0061774679445947
6,fatigue_f,top1_mean,1.0,1.0,1.0,1.0
7,damage_alpha,crack_strip_mean,0.21835578321815133,0.2024403214454651,0.9271122498423333,1.0786180423892167
7,damage_alpha,domain_mean,0.008725892885223652,0.007937665097415447,0.909667950526532,1.0993022227739058
7,damage_alpha,max,1.00095534324646,1.0000810623168945,0.9991265535116384,1.0008742100640722
7,damage_alpha,p99,0.9883678442239768,0.9378486275672913,0.9488862198907826,1.0538671328951332
7,damage_alpha,p999,1.0006778240203857,1.0000032186508179,0.9993258515844216,1.0006746031982556
7,damage_alpha,right_band_mean,-1.8059571958603564e-05,-0.00016978694475255907,9.401493299052014,0.1063660812374172
7,damage_alpha,tip_2l0_integral,0.0002242811272237337,0.000490238075144589,2.1858195614272415,0.4574943044919248
7,damage_alpha,tip_2l0_mean,0.35942486227628,0.38784655928611755,1.0790754897416934,0.9267192235451273
7,damage_alpha,tip_4l0_integral,0.00039528004021707796,0.0008291554404422641,2.0976405486776226,0.47672610096635093
7,damage_alpha,tip_4l0_mean,0.15785944258389895,0.1647765189409256,1.043817944899624,0.9580214680982154
7,damage_alpha,tip_l0_integral,0.00010794354363844897,0.0002194706175941974,2.0331981904290846,0.4918359679382563
7,damage_alpha,tip_l0_mean,0.6425210425323687,0.6773784160614014,1.0542509446720207,0.9485407673133285
7,damage_alpha,top1_mean,0.9985142397880554,0.9726620316505432,0.9741093245270096,1.0265788190515084
7,psi_plus_raw,crack_strip_mean,22.576679261014718,47.35776901245117,2.0976410421096916,0.4767259888251687
7,psi_plus_raw,domain_mean,0.9075397094048394,1.898751974105835,2.092197128598404,0.47796643362660374
7,psi_plus_raw,max,664.1746826171875,2807.4501953125,4.226975626727764,0.23657576676734512
7,psi_plus_raw,p99,170.50489151002037,0.05503702163696289,0.0003227885203148464,3098.003606276347
7,psi_plus_raw,p999,639.7239380493164,2554.874755859375,3.993714481983976,0.2503934631559403
7,psi_plus_raw,right_band_mean,0.008557405063949046,0.00857631117105484,1.0022093271224757,0.9977955432436264
7,psi_plus_raw,tip_2l0_integral,0.002765055596615055,0.01577899232506752,5.706573258195588,0.17523651318483183
7,psi_plus_raw,tip_2l0_mean,4.431178580657924,12.483379364013672,2.8171690977437858,0.3549662676624133
7,psi_plus_raw,tip_4l0_integral,0.00754707257326551,0.03580155968666077,4.743767777387351,0.2108028990725077
7,psi_plus_raw,tip_4l0_mean,3.0140066493153848,7.114777088165283,2.360571132044903,0.4236262938341219
7,psi_plus_raw,tip_l0_integral,0.0012367989216271,0.0077854301780462265,6.294822902823944,0.15886070433393545
7,psi_plus_raw,tip_l0_mean,7.3618977637834035,24.029104232788086,3.2639823322456905,0.3063742073971272
7,psi_plus_raw,top1_mean,489.6814282226562,1052.2728271484375,2.148892660617656,0.4653559567338138
7,psi_plus_active,crack_strip_mean,0.006797158059406296,0.006779801100492477,0.9974464388260327,1.002560098542206
7,psi_plus_active,domain_mean,0.004744437123005383,0.004713700618594885,0.9935215698693827,1.006520673860628
7,psi_plus_active,max,0.264311487421124,0.5017620325088501,1.8983739125549217,0.5267666150416872
7,psi_plus_active,p99,0.03398223868342241,0.03518960252404213,1.0355292613846747,0.9656897562342504
7,psi_plus_active,p999,0.10208240787429654,0.10686053335666656,1.0468065515093823,0.9552863406883609
7,psi_plus_active,right_band_mean,0.008557721347481149,0.008579186163842678,1.0025082396925493,0.9974980358332829
7,psi_plus_active,tip_2l0_integral,2.816002198345676e-05,4.463221557671204e-05,1.5849495999304348,0.6309348890613878
7,psi_plus_active,tip_2l0_mean,0.0451282377094719,0.0353102944791317,0.7824434604881652,1.2780476168541326
7,psi_plus_active,tip_4l0_integral,7.095424856941687e-05,0.00013674175716005266,1.9271820915173772,0.5188923269895294
7,psi_plus_active,tip_4l0_mean,0.02833636153744661,0.027174433693289757,0.9589951644772262,1.0427581254230063
7,psi_plus_active,tip_l0_integral,7.919054351460723e-06,4.2154315451625735e-06,0.5323150161717236,1.878586869842128
7,psi_plus_active,tip_l0_mean,0.04713722457374151,0.013010590337216854,0.27601519722195517,3.6229889153380888
7,psi_plus_active,top1_mean,0.05971904911167717,0.06354786455631256,1.0641138045831129,0.9397491092522471
7,alpha_bar,crack_strip_mean,0.06152997004434242,0.055112551897764206,0.8957025634507312,1.1164420431571154
7,alpha_bar,domain_mean,0.03424209102328832,0.038145244121551514,1.1139869961682138,0.8976765468894202
7,alpha_bar,max,1.512905240058899,2.6127216815948486,1.7269565947786212,0.5790533491249618
7,alpha_bar,p99,0.2827529245615008,0.28450557589530945,1.0061985259269262,0.9938396591058252
7,alpha_bar,p999,0.7661426067352295,0.8658270835876465,1.1301121696875773,0.8848679156127067
7,alpha_bar,right_band_mean,0.05991875283095476,0.06865926831960678,1.1458727873277188,0.8726972235129977
7,alpha_bar,tip_2l0_integral,0.00024064823066780126,0.0005138967535458505,2.1354686553056377,0.46828128219792364
7,alpha_bar,tip_2l0_mean,0.38565419317926425,0.4065638482570648,1.0542186638901165,0.9485698121772508
7,alpha_bar,tip_4l0_integral,0.0005438390074928164,0.0012147949310019612,2.233739975001715,0.44767968124814184
7,alpha_bar,tip_4l0_mean,0.2171881042388331,0.2414139360189438,1.1115430877994612,0.8996502348637833
7,alpha_bar,tip_l0_integral,9.86819628891343e-05,0.00018242557416670024,1.84862125585857,0.5409436880760965
7,alpha_bar,tip_l0_mean,0.5873925900287236,0.5630418658256531,0.9585443796594715,1.0432485143309231
7,alpha_bar,top1_mean,0.45008989956643847,0.503291130065918,1.118201342777803,0.8942933278150331
7,fatigue_f,crack_strip_mean,0.995311412729848,0.9951854518006318,0.9998734457099504,1.000126570308065
7,fatigue_f,domain_mean,0.9998124765273544,0.9998074380893598,0.9999949606170028,1.0000050394083928
7,fatigue_f,max,1.0,1.0,1.0,1.0
7,fatigue_f,p99,1.0,1.0,1.0,1.0
7,fatigue_f,p999,1.0,1.0,1.0,1.0
7,fatigue_f,right_band_mean,0.9999999239844396,0.9999999984902388,1.0000000745058049,0.9999999254942007
7,fatigue_f,tip_2l0_integral,0.0005507539016408292,0.0010866569025052163,1.9730353235225428,0.5068332979536616
7,fatigue_f,tip_2l0_mean,0.8826183803147531,0.8596968630369337,0.9740300929721798,1.026662325132661
7,fatigue_f,tip_4l0_integral,0.0024208440990124295,0.004840722953629776,1.9996012777545336,0.5000997004377579
7,fatigue_f,tip_4l0_mean,0.9667907841811447,0.9619878431515687,0.9950320781826194,1.0049927252862585
7,fatigue_f,tip_l0_integral,0.00012820458022173997,0.00025167057195840106,1.9630388518344422,0.5094142681208316
7,fatigue_f,tip_l0_mean,0.7631224412773103,0.7767609709230816,1.0178720070437755,0.9824417933491643
7,fatigue_f,top1_mean,1.0,1.0,1.0,1.0
8,damage_alpha,crack_strip_mean,0.2195758879857866,0.20382757484912872,0.9282784950518917,1.0772629176808615
8,damage_alpha,domain_mean,0.00877348120682164,0.007972911931574345,0.908751240656351,1.1004111524268665
8,damage_alpha,max,1.0009362697601318,1.0000776052474976,0.9991421386769809,1.0008585978809332
8,damage_alpha,p99,0.9895573043823243,0.938046932220459,0.9479460442222517,1.0549123614102491
8,damage_alpha,p999,1.0006608963012695,1.0000133514404297,0.9993528828165132,1.0006475362152987
8,damage_alpha,right_band_mean,-1.9348445908727045e-05,-0.00019102440273854882,9.87285509335858,0.10128782308095403
8,damage_alpha,tip_2l0_integral,0.0002431764762478543,0.000516076514031738,2.1222304146957622,0.4712023694860473
8,damage_alpha,tip_2l0_mean,0.3897058685505258,0.4082883596420288,1.0476833750557024,0.9544868457484426
8,damage_alpha,tip_4l0_integral,0.0004182053656238176,0.000868358532898128,2.0763926153908563,0.48160448683341217
8,damage_alpha,tip_4l0_mean,0.16701492406931615,0.17256727814674377,1.0332446582745098,0.9678249889720916
8,damage_alpha,tip_l0_integral,0.0001121639443188259,0.00022144749527797103,1.9743197925396307,0.5065035582273467
8,damage_alpha,tip_l0_mean,0.6676424731771025,0.683479905128479,1.023721426643232,0.9768282405487847
8,damage_alpha,top1_mean,0.9986278287569682,0.9731016755104065,0.9744387723719505,1.026231743186726
8,psi_plus_raw,crack_strip_mean,22.794401798887154,47.74079513549805,2.0944087744311326,0.47746171244513264
8,psi_plus_raw,domain_mean,0.9162185946766812,1.914046049118042,2.0890713856265686,0.47868158401876393
8,psi_plus_raw,max,664.5980224609375,2801.487060546875,4.215310557460372,0.2372304451519409
8,psi_plus_raw,p99,182.1324038696298,0.05454190820455551,0.0002994629568695341,3339.311180433132
8,psi_plus_raw,p999,640.496826171875,2560.272705078125,3.9973230162284756,0.2501674235332406
8,psi_plus_raw,right_band_mean,0.008555486792446599,0.008575307205319405,1.0023166902542944,0.9976886643943775
8,psi_plus_raw,tip_2l0_integral,0.0034988017394970796,0.018805477768182755,5.3748337769163985,0.18605226533604746
8,psi_plus_raw,tip_2l0_mean,5.607053740621965,14.877750396728516,2.653398930162241,0.37687510484480946
8,psi_plus_raw,tip_4l0_integral,0.008676653215039182,0.04019042104482651,4.632018826702066,0.21588858711785205
8,psi_plus_raw,tip_4l0_mean,3.4651171338367592,7.98696756362915,2.3049632249474814,0.43384640118186046
8,psi_plus_raw,tip_l0_integral,0.0017208218820932875,0.009713255800306797,5.6445445640725715,0.17716221187533585
8,psi_plus_raw,tip_l0_mean,10.242986587492942,29.979183197021484,2.926800981427346,0.34166996879723566
8,psi_plus_raw,top1_mean,493.057541402181,1060.7855224609375,2.151443662020104,0.4648041766806234
8,psi_plus_active,crack_strip_mean,0.006733512361377582,0.006745076272636652,1.0017173669013217,0.9982855773913214
8,psi_plus_active,domain_mean,0.0047118844964101556,0.004685272462666035,0.9943521464152197,1.0056799330148194
8,psi_plus_active,max,0.2784426527515649,0.5076318979263306,1.823111125073411,0.5485129163257851
8,psi_plus_active,p99,0.03414615847879718,0.03496666997671127,1.024029394065619,0.9765344684392143
8,psi_plus_active,p999,0.09560268474806051,0.10588215291500092,1.1075227980681677,0.9029159505739134
8,psi_plus_active,right_band_mean,0.008555824965956055,0.008578539825975895,1.0026549000371354,0.997352129793574
8,psi_plus_active,tip_2l0_integral,2.2388081300298074e-05,3.20581893902272e-05,1.4319310779794416,0.6983576342313014
8,psi_plus_active,tip_2l0_mean,0.03587833331140076,0.025362489745020866,0.7069026736802637,1.4146218952516028
8,psi_plus_active,tip_4l0_integral,6.644306599825414e-05,0.00012793170753866434,1.9254335364660304,0.5193635516681687
8,psi_plus_active,tip_4l0_mean,0.026534771035465123,0.025423629209399223,0.9581250644830965,1.0437050830514436
8,psi_plus_active,tip_l0_integral,3.885228958705751e-06,1.7426800695830025e-06,0.44853986421524167,2.2294562418651114
8,psi_plus_active,tip_l0_mean,0.023126361029853975,0.005378641653805971,0.23257622100003741,4.299665699701257
8,psi_plus_active,top1_mean,0.059625133864680616,0.0636441558599472,1.0674048297214354,0.936851672538313
8,alpha_bar,crack_strip_mean,0.06979275226261517,0.061857644468545914,0.886304701608397,1.12828014810852
8,alpha_bar,domain_mean,0.03901514395937277,0.042830511927604675,1.09779197462926,0.9109193937564668
8,alpha_bar,max,1.5970388650894165,2.662022590637207,1.6668489720744293,0.5999343772312369
8,alpha_bar,p99,0.3163267263770108,0.3221070170402527,1.0182731656267092,0.9820547508826251
8,alpha_bar,p999,0.8937792778611183,0.986030101776123,1.1032143239388676,0.9064421829020893
8,alpha_bar,right_band_mean,0.06847457328615436,0.0772378072142601,1.1279779268062657,0.8865421709371389
8,alpha_bar,tip_2l0_integral,0.0002658615430046487,0.0005459549138322473,2.0535309757932945,0.4869661143600195
8,alpha_bar,tip_2l0_mean,0.4260601400655578,0.43192633986473083,1.0137684783145178,0.9864185180255268
8,alpha_bar,tip_4l0_integral,0.00061424872791796,0.001342726987786591,2.1859662491086636,0.45746360466807484
8,alpha_bar,tip_4l0_mean,0.24530700245766882,0.26683762669563293,1.0877701167200864,0.9193118882648326
8,alpha_bar,tip_l0_integral,0.00010465346202653926,0.00018416831153444946,1.75979186897559,0.5682490171875382
8,alpha_bar,tip_l0_mean,0.6229372249547158,0.5684206485748291,0.9124846385864165,1.09590885995534
8,alpha_bar,top1_mean,0.5093216209279167,0.5592994093894958,1.0981261866922638,0.9106421576305033
8,fatigue_f,crack_strip_mean,0.9938928510677781,0.9939663841304698,1.0000739848994915,0.9999260205738688
8,fatigue_f,domain_mean,0.9997557340515708,0.9997586753745605,1.0000029420416303,0.9999970579670253
8,fatigue_f,max,1.0,1.0,1.0,1.0
8,fatigue_f,p99,1.0,1.0,1.0,1.0
8,fatigue_f,p999,1.0,1.0,1.0,1.0
8,fatigue_f,right_band_mean,0.9999999239844396,0.9999999984902388,1.0000000745058049,0.9999999254942007
8,fatigue_f,tip_2l0_integral,0.0005329789032890718,0.0010643366182545664,1.9969582504793852,0.5007615956717885
8,fatigue_f,tip_2l0_mean,0.8541328077049438,0.8420384114059377,0.9858401454786595,1.0143632358514527
8,fatigue_f,tip_4l0_integral,0.002399725284507959,0.004792387301102409,1.997056634791029,0.5007369258231575
8,fatigue_f,tip_4l0_mean,0.9583567527438942,0.9523821890855249,0.9937658250528695,1.0062732836951793
8,fatigue_f,tip_l0_integral,0.00012646166599650897,0.00025075933671761964,1.9828881324759866,0.5043148847491075
8,fatigue_f,tip_l0_mean,0.7527479526576776,0.7739485166704417,1.0281642267347426,0.972607268369775
8,fatigue_f,top1_mean,1.0,1.0,1.0,1.0
9,damage_alpha,crack_strip_mean,0.22197053211281884,0.2051636278629303,0.9242831735820399,1.0819195118791582
9,damage_alpha,domain_mean,0.008868354403385756,0.008006121963262558,0.9027742463929932,1.1076966406557003
9,damage_alpha,max,1.0009177923202515,1.0000814199447632,0.9991643945367886,1.0008363042836397
9,damage_alpha,p99,0.9946485483646392,0.9382468461990356,0.9432948429288547,1.0601139267284452
9,damage_alpha,p999,1.0006496906280518,1.0000109672546387,0.9993616913297478,1.000638716368448
9,damage_alpha,right_band_mean,-2.044598361380205e-05,-0.0002122239238815382,10.379736572726028,0.09634155866995864
9,damage_alpha,tip_2l0_integral,0.0002675780301644585,0.0005335596506483853,1.9940338536779327,0.5014959992557455
9,damage_alpha,tip_2l0_mean,0.42881092060893444,0.42211994528770447,0.9843964437479148,1.0158508864504605
9,damage_alpha,tip_4l0_integral,0.00046189245966452475,0.0009075411362573504,1.9648321103065918,0.5089493370728557
9,damage_alpha,tip_4l0_mean,0.18446184678666117,0.18035395443439484,0.9777303956139108,1.0227768355018831
9,damage_alpha,tip_l0_integral,0.00011599087620298935,0.00022187296417541802,1.9128484191043627,0.5227805768677801
9,damage_alpha,tip_l0_mean,0.690421827838174,0.6847930550575256,0.9918473423728897,1.0082196697806398
9,damage_alpha,top1_mean,0.9991720783710479,0.9734104871749878,0.9742170625523691,1.026465290373874
9,psi_plus_raw,crack_strip_mean,24.00969399651109,48.14337158203125,2.0051638970920282,0.4987123503720775
9,psi_plus_raw,domain_mean,0.9647760201832845,1.9301222562789917,2.0005910344997115,0.49985228502739454
9,psi_plus_raw,max,665.30029296875,2798.960693359375,4.207063671758891,0.2376954755196086
9,psi_plus_raw,p99,272.9959295654383,0.0554608516395092,0.0002031563317731263,4922.317661832684
9,psi_plus_raw,p999,641.9642346191406,2568.605224609375,4.001165619659881,0.24992716999427905
9,psi_plus_raw,right_band_mean,0.008551489573847276,0.008572211489081383,1.002423193650084,0.9975826640231052
9,psi_plus_raw,tip_2l0_integral,0.010241940600081743,0.02192394807934761,2.1406048848958013,0.4671576744760523
9,psi_plus_raw,tip_2l0_mean,16.41336538296421,17.344894409179688,1.0567542977616482,0.946293762058161
9,psi_plus_raw,tip_4l0_integral,0.020997278093336794,0.04445922374725342,2.1173803361380426,0.47228170722692736
9,psi_plus_raw,tip_4l0_mean,8.385494531352892,8.835298538208008,1.0536407250846476,0.9490901179049072
9,psi_plus_raw,tip_l0_integral,0.00538402630455698,0.011373636312782764,2.1124778501093586,0.47337774450427117
9,psi_plus_raw,tip_l0_mean,32.047773100840125,35.10381317138672,1.0953588900211753,0.9129427889891578
9,psi_plus_raw,top1_mean,514.820947672526,1069.732421875,2.0778727569482065,0.48126142308574776
9,psi_plus_active,crack_strip_mean,0.006712351879044118,0.006722190883010626,1.0014658057479413,0.9985363396937486
9,psi_plus_active,domain_mean,0.004656775465363832,0.004657825455069542,1.0002254756995521,0.9997745751282785
9,psi_plus_active,max,0.3630334501388779,0.5344464182853699,1.4721685235366555,0.6792700591082167
9,psi_plus_active,p99,0.03468907412525678,0.03492962568998337,1.0069345051948633,0.9931132510018402
9,psi_plus_active,p999,0.10223389869921075,0.10577289760112762,1.034616687292042,0.9665415339639977
9,psi_plus_active,right_band_mean,0.008551846287031916,0.008575801737606525,1.0028012021931376,0.9972066226217007
9,psi_plus_active,tip_2l0_integral,1.2385182516815429e-05,1.919112037285231e-05,1.5495226127508759,0.6453600559108297
9,psi_plus_active,tip_2l0_mean,0.01984804774024655,0.015182847157120705,0.7649541836970666,1.3072678355283238
9,psi_plus_active,tip_4l0_integral,6.021866395728168e-05,0.00011872737377416342,1.971604249778558,0.507201178995387
9,psi_plus_active,tip_4l0_mean,0.024048987447539995,0.02359446883201599,0.9811003013529995,1.019263778250742
9,psi_plus_active,tip_l0_integral,1.3408151787611863e-06,1.2863495157944271e-06,0.9593786945214318,1.042341262851195
9,psi_plus_active,tip_l0_mean,0.007981042102771941,0.003970214165747166,0.49745560975906244,2.0102296172402996
9,psi_plus_active,top1_mean,0.06215366634147718,0.063809834420681,1.0266463456894834,0.9740452534591275
9,alpha_bar,crack_strip_mean,0.07810051923729057,0.06857984513044357,0.8780971727227497,1.1388261243334397
9,alpha_bar,domain_mean,0.04373573416139716,0.047488339245319366,1.0858018084268128,0.9209783887253526
9,alpha_bar,max,1.6547868251800537,2.704389810562134,1.6342828994108503,0.6118891657989535
9,alpha_bar,p99,0.35168454140424726,0.3565753698348999,1.0139068621302603,0.9862838859764286
9,alpha_bar,p999,0.9654227496981621,1.0584198236465454,1.096327825273911,0.9121359295520534
9,alpha_bar,right_band_mean,0.07702641573999848,0.08581360429525375,1.114080195356828,0.8976014511053315
9,alpha_bar,tip_2l0_integral,0.0002823407251113951,0.0005651460960507393,2.00164569184189,0.499588915298897
9,alpha_bar,tip_2l0_mean,0.4524690841994727,0.4471092224121094,0.9881541922431094,1.0119878130861346
9,alpha_bar,tip_4l0_integral,0.0006796113975612595,0.001461454201489687,2.150426268208595,0.4650240814036589
9,alpha_bar,tip_4l0_mean,0.27141030529588034,0.29043206572532654,1.0700848864552488,0.9345053020163557
9,alpha_bar,tip_l0_integral,0.00010745983437884888,0.00018545467173680663,1.7258045558025663,0.5794398888551787
9,alpha_bar,tip_l0_mean,0.6396418209755723,0.5723909139633179,0.8948616166002337,1.1174912203735021
9,alpha_bar,top1_mean,0.5638626477453443,0.6124743819236755,1.086212013462338,0.9206305837222934
9,fatigue_f,crack_strip_mean,0.9923516335859044,0.9926572502517065,1.000307972149648,0.9996921226679958
9,fatigue_f,domain_mean,0.9996940853421908,0.9997063100108267,1.0000122284094854,0.9999877717400466
9,fatigue_f,max,1.0,1.0,1.0,1.0
9,fatigue_f,p99,1.0,1.0,1.0,1.0
9,fatigue_f,p999,1.0,1.0,1.0,1.0
9,fatigue_f,right_band_mean,0.9999999239844396,0.9999999984902388,1.0000000745058049,0.9999999254942007
9,fatigue_f,tip_2l0_integral,0.0005221328975190691,0.0010527247026657026,2.0162006793055127,0.4959823743063382
9,fatigue_f,tip_2l0_mean,0.8367513892218713,0.8328517698978579,0.9953395723338567,1.0046822489486835
9,fatigue_f,tip_4l0_integral,0.0023768404300106073,0.004740456602034083,1.9944362028598308,0.5013948295593991
9,fatigue_f,tip_4l0_mean,0.9492174337623904,0.9420620981262535,0.992461858177451,1.0075953970023512
9,fatigue_f,tip_l0_integral,0.0001258500667911287,0.0002501618626507249,1.9877769557795661,0.503074551243009
9,fatigue_f,tip_l0_mean,0.7491074814835132,0.7721044610357637,1.030699172175811,0.9702151966310356
9,fatigue_f,top1_mean,1.0,1.0,1.0,1.0
10,damage_alpha,crack_strip_mean,0.22323449410331045,0.20665208995342255,0.9257175544644379,1.0802430991800056
10,damage_alpha,domain_mean,0.008918073922303468,0.008045409806072712,0.9021465706795404,1.1084673294792349
10,damage_alpha,max,1.0008983612060547,1.0000494718551636,0.9991518725738863,1.0008488473568375
10,damage_alpha,p99,0.9955039042234421,0.9386783242225647,0.942917772838666,1.0605378632216118
10,damage_alpha,p999,1.0006334781646729,0.9997210502624512,0.9990881497350106,1.000912682494764
10,damage_alpha,right_band_mean,-2.138058823351949e-05,-0.00023348336981143802,10.920343596786251,0.09157221026399665
10,damage_alpha,tip_2l0_integral,0.0002721582764943092,0.0005430079181678593,1.9951916405496988,0.5012049868675714
10,damage_alpha,tip_2l0_mean,0.43615105852725244,0.42959484457969666,0.9849680200944735,1.0152613887952269
10,damage_alpha,tip_4l0_integral,0.0004851127340427306,0.0009483376052230597,1.9548808734002978,0.511540121757195
10,damage_alpha,tip_4l0_mean,0.19373511939606425,0.18846136331558228,0.9727785230838787,1.0279832215351798
10,damage_alpha,tip_l0_integral,0.00011617655677073879,0.0002221966569777578,1.9125774007594116,0.5228546565503378
10,damage_alpha,tip_l0_mean,0.6915270692259124,0.685792088508606,0.9917067878142122,1.0083625647093397
10,damage_alpha,top1_mean,0.9993040390809377,0.9737626314163208,0.9744408041339376,1.0262296034378187
10,psi_plus_raw,crack_strip_mean,24.0748118149868,48.49885559082031,2.01450611383925,0.4963995855511195
10,psi_plus_raw,domain_mean,0.9673483229136358,1.9443142414093018,2.0099422259327047,0.49752673837973355
10,psi_plus_raw,max,665.5909423828125,2814.78955078125,4.229008196392091,0.23646206239399906
10,psi_plus_raw,p99,288.7387417602539,0.05645343288779259,0.000195517347424985,5114.6356738686545
10,psi_plus_raw,p999,642.5999160766602,2567.2236328125,3.9950575289310155,0.25030928660183194
10,psi_plus_raw,right_band_mean,0.008549287381565737,0.008570831269025803,1.002519962951125,0.9974863713000717
10,psi_plus_raw,tip_2l0_integral,0.011262737271857842,0.02531125396490097,2.247344793183279,0.4449695494137051
10,psi_plus_raw,tip_2l0_mean,18.049257389156978,20.02472496032715,1.1094486896927362,0.9013485790649333
10,psi_plus_raw,tip_4l0_integral,0.021009750161922774,0.049100734293460846,2.3370451297630868,0.4278907528419757
10,psi_plus_raw,tip_4l0_mean,8.390475389464955,9.757697105407715,1.1629492552542897,0.859882746802517
10,psi_plus_raw,tip_l0_integral,0.0058416734399431396,0.012915926054120064,2.210997616848261,0.45228452187365215
10,psi_plus_raw,tip_l0_mean,34.77186297809266,39.86396789550781,1.146443258465137,0.872262968634666
10,psi_plus_raw,top1_mean,518.8248249647353,1077.6322021484375,2.0770636837234697,0.4814488875985447
10,psi_plus_active,crack_strip_mean,0.0065576470748612515,0.006695219315588474,1.0209789028224172,0.9794521681452745
10,psi_plus_active,domain_mean,0.0046181838557238725,0.004629635717719793,1.0024797328026962,0.9975264010617316
10,psi_plus_active,max,0.37673441033967897,0.5289169549942017,1.4039518039175363,0.7122751630145965
10,psi_plus_active,p99,0.034201035671725645,0.034790102392435074,1.0172236515397812,0.9830679796781076
10,psi_plus_active,p999,0.10061880594847887,0.10537049919366837,1.0472247031794688,0.9549048995539444
10,psi_plus_active,right_band_mean,0.008549659919912724,0.008574781939387321,1.002938364766543,0.9970702439254807
10,psi_plus_active,tip_2l0_integral,4.244614054006806e-06,7.924896635813639e-06,1.8670476361290704,0.5356049736755989
10,psi_plus_active,tip_2l0_mean,0.006802265712957038,0.006269696168601513,0.9217070360334381,1.0849434374543732
10,psi_plus_active,tip_4l0_integral,5.204814174591237e-05,0.00010824800847331062,2.0797670165008713,0.480823088387305
10,psi_plus_active,tip_4l0_mean,0.02078599931083114,0.021511925384402275,1.0349237995592961,0.9662547140435191
10,psi_plus_active,tip_l0_integral,2.3664660298864952e-07,1.1171133564857882e-06,4.720597474789736,0.21183759160582563
10,psi_plus_active,tip_l0_mean,0.0014086106212456324,0.0034478805027902126,2.447717240511261,0.40854392143396734
10,psi_plus_active,top1_mean,0.06182278084035676,0.06392477452754974,1.0340003095723065,0.9671176988463669
10,alpha_bar,crack_strip_mean,0.0861580467023383,0.07527505606412888,0.8736857315741112,1.144576320593344
10,alpha_bar,domain_mean,0.04841391152588874,0.0521179735660553,1.0765082168208173,0.9289292774310965
10,alpha_bar,max,1.6985746622085571,2.737767219543457,1.6118026957871248,0.6204233325913687
10,alpha_bar,p99,0.3860306620597842,0.39619922637939453,1.0263413384453786,0.9743347193972735
10,alpha_bar,p999,0.9981215708851815,1.1140682697296143,1.1161649063867096,0.8959249607992398
10,alpha_bar,right_band_mean,0.08557607229985388,0.09438839554786682,1.1029764864311025,0.906637641239023
10,alpha_bar,tip_2l0_integral,0.00028887754036567266,0.0005730706616304815,1.9837840660961938,0.5040871217238166
10,alpha_bar,tip_2l0_mean,0.46294474905624183,0.4533786475658417,0.9793364078328967,1.0210995853945921
10,alpha_bar,tip_4l0_integral,0.0007347297276558296,0.0015697020571678877,2.1364346617307217,0.4680695449819663
10,alpha_bar,tip_4l0_mean,0.29342241817692993,0.3119439482688904,1.0631224096885201,0.9406254546858681
10,alpha_bar,tip_l0_integral,0.00010824646499618013,0.0001865715894382447,1.7235813607846553,0.5801872906914897
10,alpha_bar,tip_l0_mean,0.6443241457103286,0.5758382081985474,0.8937088762422839,1.1189326038750236
10,alpha_bar,top1_mean,0.6104690716001723,0.6625136733055115,1.085253461848475,0.9214437319524734
10,fatigue_f,crack_strip_mean,0.9907269024527314,0.9911710352023082,1.0004482897844778,0.9995519110892036
10,fatigue_f,domain_mean,0.9996289661090426,0.9996464038605029,1.0000174442238585,0.9999825560804372
10,fatigue_f,max,1.0,1.0,1.0,1.0
10,fatigue_f,p99,1.0,1.0,1.0,1.0
10,fatigue_f,p999,1.0,1.0,1.0,1.0
10,fatigue_f,right_band_mean,0.9999973244412995,0.9999999984902388,1.0000026740560939,0.9999973259510567
10,fatigue_f,tip_2l0_integral,0.0005182671227781197,0.0010478593069979166,2.021851784425318,0.49459609636234314
10,fatigue_f,tip_2l0_mean,0.8305562377570279,0.8290025647040327,0.998129358395777,1.0018741474624386
10,fatigue_f,tip_4l0_integral,0.0023535910866740732,0.0046809303071035915,1.9888460377024744,0.5028041291497884
10,fatigue_f,tip_4l0_mean,0.9399325521439525,0.9302325485693946,0.9896801067774145,1.0104275039499269
10,fatigue_f,tip_l0_integral,0.00012570792234988296,0.00024967333662058336,1.9861384386392718,0.5034895758248918
10,fatigue_f,tip_l0_mean,0.7482613836855264,0.7705966647505602,1.0298495706874815,0.9710156011741062
10,fatigue_f,top1_mean,1.0,1.0,1.0,1.0
11,damage_alpha,crack_strip_mean,0.22453843627664455,0.20802238583564758,0.9264444399147403,1.0793955437759752
11,damage_alpha,domain_mean,0.008969495309712201,0.008079960010945797,0.90082660528255,1.1100915471810955
11,damage_alpha,max,1.000878930091858,1.0000404119491577,0.9991622182089264,1.000838484257917
11,damage_alpha,p99,0.9961214101314547,0.9387202858924866,0.9423753734683876,1.0611482729217832
11,damage_alpha,p999,1.0006167933940888,0.9995684623718262,0.9989523151828117,1.001048783611855
11,damage_alpha,right_band_mean,-2.2175168322010373e-05,-0.0002545431489124894,11.478747092974167,0.08711752179051607
11,damage_alpha,tip_2l0_integral,0.00027304065281460424,0.0005467645823955536,2.0025024726512393,0.4993751636551224
11,damage_alpha,tip_2l0_mean,0.4375651230601167,0.43256688117980957,0.9885771474532709,1.0115548418008207
11,damage_alpha,tip_4l0_integral,0.0005096109803868675,0.0009913917165249586,1.9453892374382333,0.5140359475396503
11,damage_alpha,tip_4l0_mean,0.20351876420151582,0.19701743125915527,0.9680553635048452,1.0329987702144423
11,damage_alpha,tip_l0_integral,0.00011630367392740027,0.0002225968346465379,1.9139277989230894,0.5224857492339421
11,damage_alpha,tip_l0_mean,0.6922837189084118,0.6870272159576416,0.9924070105836685,1.0076510840162907
11,damage_alpha,top1_mean,0.999422534306844,0.9740683436393738,0.97463115969758,1.0260291701635025
11,psi_plus_raw,crack_strip_mean,24.393165708675824,48.91655731201172,2.0053386221458642,0.4986688975899363
11,psi_plus_raw,domain_mean,0.9800474746583935,1.9609941244125366,2.0009174811618826,0.49977073488274243
11,psi_plus_raw,max,665.9052124023438,2819.4384765625,4.233993703684931,0.236183629448877
11,psi_plus_raw,p99,296.7036526489338,0.057939089834690094,0.00019527595739862657,5120.958121632199
11,psi_plus_raw,p999,643.288026550293,2566.46240234375,3.9896007642279674,0.2506516463918693
11,psi_plus_raw,right_band_mean,0.008546799501730762,0.008567734621465206,1.0024494689187695,0.9975565163185617
11,psi_plus_raw,tip_2l0_integral,0.013282748899502667,0.028739213943481445,2.163649569898705,0.4621820529129477
11,psi_plus_raw,tip_2l0_mean,21.286455320387518,22.736719131469727,1.0681308272915309,0.9362149040634931
11,psi_plus_raw,tip_4l0_integral,0.024030269721610646,0.054241523146629333,2.257216576218844,0.44302350538074686
11,psi_plus_raw,tip_4l0_mean,9.596753181139524,10.779316902160645,1.1232253970379493,0.8902932596049679
11,psi_plus_raw,tip_l0_integral,0.006810376960323361,0.014490233734250069,2.127669851267978,0.46999772986586863
11,psi_plus_raw,tip_l0_mean,40.53795490763143,44.72294235229492,1.1032362746023887,0.9064241477741515
11,psi_plus_raw,top1_mean,524.0701033528646,1086.9150390625,2.0739878732037935,0.48216289637954807
11,psi_plus_active,crack_strip_mean,0.006519113963120222,0.006661792751401663,1.021886223969791,0.978582523713092
11,psi_plus_active,domain_mean,0.004581641815232071,0.004599964711815119,1.0039991988291472,0.9960167310553525
11,psi_plus_active,max,0.3794619708438212,0.5343214869499207,1.4081028614322895,0.710175390867982
11,psi_plus_active,p99,0.03429188267668329,0.03495879843831062,1.019448210759242,0.9809228065202471
11,psi_plus_active,p999,0.10151310544837143,0.1063181608915329,1.0473343360144298,0.9548049420450035
11,psi_plus_active,right_band_mean,0.008547185374403974,0.008572041057050228,1.0029080547054343,0.9971003775552602
11,psi_plus_active,tip_2l0_integral,1.6191033280527334e-06,3.71064243154251e-06,2.2917885271752443,0.4363404337452353
11,psi_plus_active,tip_2l0_mean,0.002594716719592259,0.002935634693130851,1.1313892846045115,0.8838690746037603
11,psi_plus_active,tip_4l0_integral,4.481328391736756e-05,9.612771100364625e-05,2.145071786769717,0.46618486437971807
11,psi_plus_active,tip_4l0_mean,0.017896679062430455,0.0191032811999321,1.0674204489722676,0.9368379638621489
11,psi_plus_active,tip_l0_integral,1.843137678102951e-07,9.502915645498433e-07,5.155836028092761,0.19395496570318946
11,psi_plus_active,tip_l0_mean,0.0010971056744551527,0.002932998351752758,2.673396392019712,0.3740560146580113
11,psi_plus_active,top1_mean,0.06180295250931309,0.06389563530683517,1.0338605634934146,0.9672484233473422
11,alpha_bar,crack_strip_mean,0.09420798293534598,0.08193683624267578,0.8697440884485154,1.1497634916770063
11,alpha_bar,domain_mean,0.053056784752990596,0.05671793967485428,1.069004462650883,0.9354497899103545
11,alpha_bar,max,1.7474607229232788,2.7626819610595703,1.5809694174058206,0.6325233043665569
11,alpha_bar,p99,0.420699611306191,0.4316965937614441,1.0261397495022864,0.9745261310508971
11,alpha_bar,p999,1.0598203203678829,1.146828055381775,1.082096685015145,0.924131839463129
11,alpha_bar,right_band_mean,0.0941232548614784,0.10296043008565903,1.0938893925543303,0.9141692083373346
11,alpha_bar,tip_2l0_integral,0.0002917320774319885,0.0005767809925600886,1.977091438272,0.50579350081755
11,alpha_bar,tip_2l0_mean,0.4675193274196705,0.4563140571117401,0.9760324982289514,1.0245560489169556
11,alpha_bar,tip_4l0_integral,0.0007828901214046719,0.0016658295644447207,2.1277948448958166,0.4699701206621558
11,alpha_bar,tip_4l0_mean,0.3126558024571941,0.3310472071170807,1.0588231675706852,0.9444447671978633
11,alpha_bar,tip_l0_integral,0.0001090179527108177,0.0001875215966720134,1.7200983141688175,0.5813621185270552
11,alpha_bar,tip_l0_mean,0.6489163341266192,0.5787703394889832,0.8919028679836731,1.1211983231545184
11,alpha_bar,top1_mean,0.6534273844957351,0.7089120745658875,1.084913322255343,0.9217326209260448
11,fatigue_f,crack_strip_mean,0.9889105076898594,0.9895856723958778,1.0006827359005372,0.9993177299097472
11,fatigue_f,domain_mean,0.9995541035352113,0.999579656547341,1.0000255644112104,0.9999744362423121
11,fatigue_f,max,1.0,1.0,1.0,1.0
11,fatigue_f,p99,1.0,1.0,1.0,1.0
11,fatigue_f,p999,1.0,1.0,1.0,1.0
11,fatigue_f,right_band_mean,0.9999531890171015,0.9999722446006709,1.0000190564756217,0.9999809438875206
11,fatigue_f,tip_2l0_integral,0.0005169703780175425,0.0010454474211613251,2.022257880945453,0.49449677482897314
11,fatigue_f,tip_2l0_mean,0.8284781212755061,0.8270944272938339,0.998329836423994,1.0016729576890024
11,fatigue_f,tip_4l0_integral,0.0023285408345977508,0.004615892144157183,1.982311014509035,0.5044617079160371
11,fatigue_f,tip_4l0_mean,0.9299284577627063,0.9173076357630459,0.9864281796149947,1.013758548939977
11,fatigue_f,tip_l0_integral,0.00012557648033981213,0.0002492643177325465,1.9849602175346286,0.5037884342296923
11,fatigue_f,tip_l0_mean,0.7474789908299972,0.7693342608623142,1.0292386412199344,0.9715919709492461
11,fatigue_f,top1_mean,1.0,1.0,1.0,1.0
12,damage_alpha,crack_strip_mean,0.2259589941268057,0.20924882590770721,0.9260477845386366,1.0798578828177932
12,damage_alpha,domain_mean,0.009025693952405394,0.008108622394502163,0.8983932357180329,1.1130983184671452
12,damage_alpha,max,1.0015313625335693,1.0000370740890503,0.9985079963539645,1.00149423304719
12,damage_alpha,p99,0.9967770600318908,0.938789963722229,0.9418254104806479,1.0617679124729322
12,damage_alpha,p999,1.0006003468036653,0.9995047450065613,0.9989050555492972,1.0010961446682245
12,damage_alpha,right_band_mean,-2.284963939149002e-05,-0.0002760892966762185,12.082873254404335,0.08276177188529968
12,damage_alpha,tip_2l0_integral,0.00027337464636554795,0.0005482895066961646,2.005634077576489,0.4985954373134463
12,damage_alpha,tip_2l0_mean,0.43810036910393274,0.43377330899238586,0.9901231306415075,1.0099753950320232
12,damage_alpha,tip_4l0_integral,0.0005346216140013189,0.001028944505378604,1.9246219726837785,0.5195825539732124
12,damage_alpha,tip_4l0_mean,0.21350703651316397,0.20448021590709686,0.9577212032283041,1.0441452028306168
12,damage_alpha,tip_l0_integral,0.00011641106760913215,0.00022281281417235732,1.9140174448058942,0.5224612778288511
12,damage_alpha,tip_l0_mean,0.6929229669636625,0.6876938343048096,0.9924535151695626,1.007603867299667
12,damage_alpha,top1_mean,0.9995526540279388,0.9743238091468811,0.974759864045789,1.0258936963709715
12,psi_plus_raw,crack_strip_mean,24.752501339462373,49.2678337097168,1.9904183837441174,0.5024069352288284
12,psi_plus_raw,domain_mean,0.9943825088122972,1.9750192165374756,1.9861765457806202,0.5034799157831025
12,psi_plus_raw,max,666.1943969726562,2818.6474609375,4.230968428654002,0.23635250814625672
12,psi_plus_raw,p99,312.8628567504883,0.057572804391384125,0.00018401930158586736,5434.212560215476
12,psi_plus_raw,p999,643.981630065918,2569.501953125,3.990023679498413,0.25062507902853104
12,psi_plus_raw,right_band_mean,0.008543975500407273,0.008566244505345821,1.0026063985011997,0.9974003771518953
12,psi_plus_raw,tip_2l0_integral,0.015333500830266942,0.031625740230083466,2.062525745435584,0.48484243273715383
12,psi_plus_raw,tip_2l0_mean,24.572916555007907,25.020362854003906,1.0182089211101322,0.9821167142296501
12,psi_plus_raw,tip_4l0_integral,0.027546526702331983,0.05889616161584854,2.1380612609452,0.4677134459458459
12,psi_plus_raw,tip_4l0_mean,11.001009178112152,11.704324722290039,1.063931911408384,0.9399097717411691
12,psi_plus_raw,tip_l0_integral,0.007833965640479626,0.015889056026935577,2.0282264125379528,0.4930416021693967
12,psi_plus_raw,tip_l0_mean,46.6307441910849,49.0402946472168,1.0516730002476042,0.9508659058134626
12,psi_plus_raw,top1_mean,529.9582091606987,1094.7218017578125,2.065675713357732,0.48410309204561036
12,psi_plus_active,crack_strip_mean,0.006488034211672454,0.0066363816149532795,1.0228647689640626,0.9776463422557611
12,psi_plus_active,domain_mean,0.004542009212100529,0.004573519341647625,1.0069374869304863,0.9931103102024392
12,psi_plus_active,max,0.38006502154326355,0.4874710440635681,1.2825990723486727,0.7796668667230655
12,psi_plus_active,p99,0.034376070457402125,0.03499601408839226,1.0180341622163693,0.9822853074231742
12,psi_plus_active,p999,0.10442458005856166,0.10690072923898697,1.0237123211703287,0.9768369290083172
12,psi_plus_active,right_band_mean,0.008544372516743682,0.008570916950702667,1.0031066569144742,0.9969029645122383
12,psi_plus_active,tip_2l0_integral,7.30838862783282e-07,2.6458237698534504e-06,3.62025598881983,0.2762235607338891
12,psi_plus_active,tip_2l0_mean,0.0011712160575151457,0.002093214774504304,1.7872148875291827,0.559529806391942
12,psi_plus_active,tip_4l0_integral,3.59273676008547e-05,8.432725007878616e-05,2.3471591633331923,0.4260469488485406
12,psi_plus_active,tip_4l0_mean,0.014347990401597614,0.01675819791853428,1.1679822364997048,0.856177404715395
12,psi_plus_active,tip_l0_integral,1.6162173789360482e-07,8.847375738696428e-07,5.47412486340212,0.1826776014346353
12,psi_plus_active,tip_l0_mean,0.0009620340784356368,0.002730671316385269,2.838435121576579,0.3523068018706591
12,psi_plus_active,top1_mean,0.06190980237308027,0.06371380388736725,1.0291391903242677,0.9716858607676905
12,alpha_bar,crack_strip_mean,0.10226083628002208,0.08857322484254837,0.8661500146547525,1.1545344144554452
12,alpha_bar,domain_mean,0.05766138547987358,0.06129145994782448,1.062955033732548,0.940773568274584
12,alpha_bar,max,1.8025062084197998,2.787339448928833,1.5463688479455533,0.6466762450165509
12,alpha_bar,p99,0.45404923260211943,0.4709075689315796,1.0371288730802306,0.9642003283835313
12,alpha_bar,p999,1.0931820371151473,1.1937299966812134,1.0919773250495473,0.9157699313533146
12,alpha_bar,right_band_mean,0.10266762490650397,0.11153135448694229,1.0863342225800026,0.9205270157328175
12,alpha_bar,tip_2l0_integral,0.0002934908173888594,0.0005794267635792494,1.9742585772676506,0.5065192632385508
12,alpha_bar,tip_2l0_mean,0.47033782077487596,0.4584072232246399,0.9746339821650307,1.0260261988594135
12,alpha_bar,tip_4l0_integral,0.0008224845329218506,0.0017501566326245666,2.1278900241530256,0.46994909917773353
12,alpha_bar,tip_4l0_mean,0.3284682672811372,0.34780535101890564,1.058870477497961,0.9444025697674866
12,alpha_bar,tip_l0_integral,0.00010981054392299658,0.00018840626580640674,1.7157393003947283,0.5828391293303924
12,alpha_bar,tip_l0_mean,0.6536341385898199,0.581500768661499,0.8896425910618061,1.124046903831886
12,alpha_bar,top1_mean,0.6927931420670616,0.7524678707122803,1.0861364309513362,0.9206946489439727
12,fatigue_f,crack_strip_mean,0.986889498019267,0.9879329990129612,1.0010573635607518,0.9989437532760452
12,fatigue_f,domain_mean,0.9994685043249619,0.999501786678687,1.000033300052559,0.9999667010562975
12,fatigue_f,max,1.0,1.0,1.0,1.0
12,fatigue_f,p99,1.0,1.0,1.0,1.0
12,fatigue_f,p999,1.0,1.0,1.0,1.0
12,fatigue_f,right_band_mean,0.9998580128221094,0.9998645527017009,1.0000065408083025,0.9999934592344795
12,fatigue_f,tip_2l0_integral,0.0005164508332087975,0.0010438362870237093,2.0211726265173695,0.4947622913947109
12,fatigue_f,tip_2l0_mean,0.8276455174642046,0.8258197959351715,0.997794077910762,1.0022107989394533
12,fatigue_f,tip_4l0_integral,0.002301821327298792,0.0045445992814450295,1.9743492805230705,0.5064959933204255
12,fatigue_f,tip_4l0_mean,0.9192577279023934,0.9031397381391715,0.9824662994131138,1.0178466178405918
12,fatigue_f,tip_l0_integral,0.00012544076589861693,0.00024891237421074334,1.9843020921278334,0.5039555236912877
12,fatigue_f,tip_l0_mean,0.7466711668388234,0.7682480154996617,1.0288973910057195,0.9719142149077926
12,fatigue_f,top1_mean,1.0,1.0,1.0,1.0
13,damage_alpha,crack_strip_mean,0.22734298968176878,0.21070319414138794,0.9268075274118944,1.0789726781702942
13,damage_alpha,domain_mean,0.009080526672757945,0.008146476931869984,0.8971370522273604,1.1146568938572512
13,damage_alpha,max,1.0022222995758057,1.0000405311584473,0.9978230693746469,1.002181679991341
13,damage_alpha,p99,0.9972619229555131,0.9388467669487,0.9414244596507882,1.0622201173431798
13,damage_alpha,p999,1.00059175491333,0.9994223713874817,0.9988313080533532,1.0011700593856279
13,damage_alpha,right_band_mean,-2.3421890040940412e-05,-0.0002976108808070421,12.706527111468445,0.07869971009603692
13,damage_alpha,tip_2l0_integral,0.00027361858277743416,0.0005494828801602125,2.0082074637714604,0.49795651995136825
13,damage_alpha,tip_2l0_mean,0.4384912928179861,0.43471744656562805,0.9913935662710536,1.0086811474491588
13,damage_alpha,tip_4l0_integral,0.00055420179216651,0.00107288989238441,1.935919204068651,0.5165504830461604
13,damage_alpha,tip_4l0_mean,0.22132659656267478,0.21321341395378113,0.9633429387389681,1.0380519333115334
13,damage_alpha,tip_l0_integral,0.00011649974751861436,0.00022299616830423474,1.9141343483907924,0.5224293690987246
13,damage_alpha,tip_l0_mean,0.6934508235261916,0.6882597208023071,0.9925141011478107,1.0075423601977362
13,damage_alpha,top1_mean,0.9996886421574487,0.9745742678642273,0.9748778037139428,1.0257695848549946
13,psi_plus_raw,crack_strip_mean,25.0944621555005,49.76082229614258,1.982940378948724,0.5043015970707905
13,psi_plus_raw,domain_mean,1.008024298049856,1.9947059154510498,1.9788272160800568,0.5053498313920215
13,psi_plus_raw,max,666.3826293945312,2816.108642578125,4.225963460567413,0.23663242934564602
13,psi_plus_raw,p99,324.2615133667067,0.057449135929346085,0.00017716914762060267,5644.323593752572
13,psi_plus_raw,p999,644.5686661376953,2575.5966796875,3.9958453070960958,0.250259938297444
13,psi_plus_raw,right_band_mean,0.008541188587175891,0.008563246577978134,1.0025825434688753,0.9974241088819084
13,psi_plus_raw,tip_2l0_integral,0.017226133658179633,0.035145945847034454,2.040268962521709,0.4901314573565002
13,psi_plus_raw,tip_2l0_mean,27.605981806340836,27.805335998535156,1.00722141286598,0.9928303620497583
13,psi_plus_raw,tip_4l0_integral,0.0310234078475143,0.06505890190601349,2.0970907588808374,0.4768510832281164
13,psi_plus_raw,tip_4l0_mean,12.389540000987825,12.929034233093262,1.043544331110148,0.9582726580826476
13,psi_plus_raw,tip_l0_integral,0.008776574982118562,0.017616666853427887,2.007237092979912,0.4981972500893833
13,psi_plus_raw,tip_l0_mean,52.24151364033681,54.3724250793457,1.0407896190313208,0.9608089682242561
13,psi_plus_raw,top1_mean,535.6177826605903,1105.6778564453125,2.0643038604003134,0.48442480740508725
13,psi_plus_active,crack_strip_mean,0.006436336386444389,0.006610881071537733,1.027118639333543,0.9735973642235339
13,psi_plus_active,domain_mean,0.004503298751369738,0.004539883229881525,1.0081239288201032,0.991941537555198
13,psi_plus_active,max,0.3596344096011398,0.5204111933708191,1.4470561755978584,0.6910581751166951
13,psi_plus_active,p99,0.03434216104534454,0.0349404513835907,1.0174214528158607,0.9828768572083433
13,psi_plus_active,p999,0.10548975543437795,0.10749248415231705,1.0189850541381238,0.9813686628071483
13,psi_plus_active,right_band_mean,0.008541594913209485,0.008568285033106804,1.0031247232125282,0.9968850102681935
13,psi_plus_active,tip_2l0_integral,5.066533266450055e-07,1.959186874955776e-06,3.866918012616763,0.258603879559188
13,psi_plus_active,tip_2l0_mean,0.0008119443860719538,0.0015499895671382546,1.9089848932102795,0.5238386136824433
13,psi_plus_active,tip_4l0_integral,2.5713171141957423e-05,6.779401155654341e-05,2.636548062557739,0.37928381211829343
13,psi_plus_active,tip_4l0_mean,0.01026883841973062,0.013472577556967735,1.31198651748979,0.7622029545801199
13,psi_plus_active,tip_l0_integral,1.5230413937351086e-07,8.000376965355827e-07,5.252895291135648,0.1903712037983162
13,psi_plus_active,tip_l0_mean,0.0009065721868464453,0.002469251863658428,2.723723382963952,0.3671444781267771
13,psi_plus_active,top1_mean,0.061777841716452876,0.06378849595785141,1.0325465277765289,0.9684793596210971
13,alpha_bar,crack_strip_mean,0.11028364922062552,0.09518411010503769,0.8630845168590606,1.158635082041794
13,alpha_bar,domain_mean,0.062228142175212706,0.06583134084939957,1.0579030411038388,0.9452662116904197
13,alpha_bar,max,1.8640315532684326,2.808838367462158,1.5068620284549803,0.6636307645400837
13,alpha_bar,p99,0.48761084467172644,0.5051985383033752,1.0360691191015026,0.9651865706288183
13,alpha_bar,p999,1.1263322076797528,1.21620774269104,1.0797948725948545,0.9261018230220898
13,alpha_bar,right_band_mean,0.11120921726095208,0.12009963393211365,1.0799431637963985,0.9259746563741661
13,alpha_bar,tip_2l0_integral,0.0002950887736752934,0.0005813860334455967,1.9702072234213015,0.5075608231013798
13,alpha_bar,tip_2l0_mean,0.4728986480066838,0.4599572718143463,0.9726339327742071,1.02813603998756
13,alpha_bar,tip_4l0_integral,0.0008518895734749554,0.0018179509788751602,2.134021867951182,0.46859875946823054
13,alpha_bar,tip_4l0_mean,0.3402114944583073,0.3612779974937439,1.0619217850619045,0.9416889398701856
13,alpha_bar,tip_l0_integral,0.00011063976148894292,0.00018920637376140803,1.7101119092733843,0.5847570527854482
13,alpha_bar,tip_l0_mean,0.6585699570463878,0.5839702486991882,0.886724701682763,1.127745734501668
13,alpha_bar,top1_mean,0.72861673090193,0.7917789816856384,1.0866878951647487,0.9202274217367571
13,fatigue_f,crack_strip_mean,0.9846362573172254,0.9862033882888661,1.0015915836533489,0.9984109454598814
13,fatigue_f,domain_mean,0.9993720112310066,0.9994140475416337,1.0000420627255462,0.9999579390436522
13,fatigue_f,max,1.0,1.0,1.0,1.0
13,fatigue_f,p99,1.0,1.0,1.0,1.0
13,fatigue_f,p999,1.0,1.0,1.0,1.0
13,fatigue_f,right_band_mean,0.9997309922102405,0.9996984279673756,0.999967426994743,1.0000325740662923
13,fatigue_f,tip_2l0_integral,0.0005161169656597443,0.0010427824097174053,2.0204381547202828,0.49494214790179697
13,fatigue_f,tip_2l0_mean,0.8271104733464829,0.8249860322953634,0.9974314905691811,1.0025751236602256
13,fatigue_f,tip_4l0_integral,0.002277632967443652,0.00448116819999724,1.9674672188411335,0.5082676806117331
13,fatigue_f,tip_4l0_mean,0.9095978396832609,0.8905341976413467,0.9790416806084845,1.0214069735810325
13,fatigue_f,tip_l0_integral,0.00012529911724880517,0.00024862003287487347,1.9842121663250925,0.5039783632876689
13,fatigue_f,tip_l0_mean,0.7458280201800925,0.7673457274882974,1.0288507628112566,0.9719582627003901
13,fatigue_f,top1_mean,1.0,1.0,1.0,1.0
14,damage_alpha,crack_strip_mean,0.2289167590059044,0.21207720041275024,0.9264380700378524,1.0794029653370592
14,damage_alpha,domain_mean,0.009143035585664204,0.008181178011000156,0.8947988810005083,1.117569569244278
14,damage_alpha,max,1.0028325319290161,1.000056266784668,0.9972315765035985,1.002776108941624
14,damage_alpha,p99,0.9977876567840576,0.9389191269874573,0.9410009440422045,1.0626981899766823
14,damage_alpha,p999,1.0006765253543854,0.9993939399719238,0.9987182817324436,1.001283363177585
14,damage_alpha,right_band_mean,-2.3906630732025864e-05,-0.0003187837137375027,13.334531214825384,0.07499326252190974
14,damage_alpha,tip_2l0_integral,0.0002738289872958946,0.0005504133296199143,2.0100623204845283,0.49749701280851266
14,damage_alpha,tip_2l0_mean,0.43882847952649817,0.4354535639286041,0.9923092603252742,1.0077503455648542
14,damage_alpha,tip_4l0_integral,0.000567002178913719,0.0011058870004490018,1.950410495013786,0.5127125815598792
14,damage_alpha,tip_4l0_mean,0.2264385721525959,0.2197708636522293,0.9705540074865281,1.0303393652350465
14,damage_alpha,tip_l0_integral,0.00011657681280744033,0.00022314416128210723,1.9141384629436824,0.5224282461061553
14,damage_alpha,tip_l0_mean,0.6939095454473967,0.688716471195221,0.9925162086524872,1.0075402207865938
14,damage_alpha,top1_mean,0.9998513385984633,0.9749009609222412,0.9750459126141731,1.0255927306222157
14,psi_plus_raw,crack_strip_mean,25.48720371637578,50.1963996887207,1.9694745742730897,0.5077496369147535
14,psi_plus_raw,domain_mean,1.0236919265461186,2.012098789215088,1.965531559874464,0.5087682235251764
14,psi_plus_raw,max,665.8297729492188,2810.48681640625,4.221029053653627,0.23690905399820045
14,psi_plus_raw,p99,336.3111239624081,0.05701897293329239,0.00016954233407892214,5898.231880743714
14,psi_plus_raw,p999,645.04058984375,2580.9892578125,4.001281932409401,0.24991990489354063
14,psi_plus_raw,right_band_mean,0.008537874571935056,0.008561071008443832,1.0027168865404776,0.9972904749317115
14,psi_plus_raw,tip_2l0_integral,0.01933873257175242,0.038318559527397156,1.9814410993700833,0.5046831825169612
14,psi_plus_raw,tip_2l0_mean,30.99155678964494,30.3153133392334,0.9781797521498665,1.0223069919431234
14,psi_plus_raw,tip_4l0_integral,0.035220554485080005,0.07102226465940475,2.0165004696189817,0.495908637298235
14,psi_plus_raw,tip_4l0_mean,14.065716790195667,14.11412239074707,1.0034413888231521,0.996570413716751
14,psi_plus_raw,tip_l0_integral,0.00982734802694402,0.01919618621468544,1.9533434820924744,0.5119427326364397
14,psi_plus_raw,tip_l0_mean,58.4961146055184,59.24748611450195,1.0128448105322994,0.9873180862470443
14,psi_plus_raw,top1_mean,542.0329287380642,1115.3580322265625,2.0577311323562704,0.4859721390592552
14,psi_plus_active,crack_strip_mean,0.006418679091365622,0.006578209809958935,1.0248541353014382,0.9757486119777155
14,psi_plus_active,domain_mean,0.004460557938189753,0.004508357960730791,1.0107161532712738,0.9893974651175902
14,psi_plus_active,max,0.3729699532379947,0.5046072602272034,1.3529434632639428,0.7391291854779538
14,psi_plus_active,p99,0.03446144801497144,0.034761205315589905,1.0086983373562317,0.9913766712662283
14,psi_plus_active,p999,0.10431543736402907,0.10892593115568161,1.0441976174203567,0.9576731294124718
14,psi_plus_active,right_band_mean,0.008538288603313602,0.008566465228796005,1.0033000319843333,0.996710822406926
14,psi_plus_active,tip_2l0_integral,4.4821082484563686e-07,1.7191375718539348e-06,3.8355556728153615,0.2607184161313407
14,psi_plus_active,tip_2l0_mean,0.0007182865361211422,0.0013600770616903901,1.8935020960228706,0.5281219398174469
14,psi_plus_active,tip_4l0_integral,1.4028481166761452e-05,5.016685099690221e-05,3.576071450683174,0.27963647085657634
14,psi_plus_active,tip_4l0_mean,0.005602428637852606,0.009969565086066723,1.779507733254774,0.5619531634015265
14,psi_plus_active,tip_l0_integral,1.491251890442439e-07,7.587601089653617e-07,5.088074750002466,0.19653799307872105
14,psi_plus_active,tip_l0_mean,0.0008876498649467623,0.002341852057725191,2.6382610421121915,0.3790375493697925
14,psi_plus_active,top1_mean,0.061968252929855264,0.0635414868593216,1.025387740578182,0.9752408385886624
14,alpha_bar,crack_strip_mean,0.11833815636518605,0.1017623171210289,0.8599281943094932,1.1628877929778565
14,alpha_bar,domain_mean,0.06675413232702054,0.07033970952033997,1.0537131870092193,0.9490248507170392
14,alpha_bar,max,1.9333606958389282,2.8274147510528564,1.4624352078420515,0.6837909772943621
14,alpha_bar,p99,0.5198479157686233,0.5361515879631042,1.031362388306155,0.969591301116126
14,alpha_bar,p999,1.1488723789453565,1.2319087982177734,1.0722764519316261,0.9325953192374733
14,alpha_bar,right_band_mean,0.11974750401397832,0.12866610288619995,1.0744783696800941,0.9306841610015205
14,alpha_bar,tip_2l0_integral,0.00029670109190201564,0.0005831052549183369,1.9652952780871635,0.5088293912624201
14,alpha_bar,tip_2l0_mean,0.4754824911670897,0.46131742000579834,0.9702090583261591,1.0307056931886798
14,alpha_bar,tip_4l0_integral,0.0008701500352994331,0.0018681182991713285,2.1468921719097307,0.46578957857509323
14,alpha_bar,tip_4l0_mean,0.3475040112354093,0.37124767899513245,1.068326312767764,0.9360435927195805
14,alpha_bar,tip_l0_integral,0.00011151929069466719,0.00018996528524439782,1.703429819729672,0.587050894857938
14,alpha_bar,tip_l0_mean,0.6638052495256902,0.5863125920295715,0.883259950789046,1.1321695262042235
14,alpha_bar,top1_mean,0.7614023045698801,0.827883243560791,1.0873138137248828,0.9196976874360071
14,fatigue_f,crack_strip_mean,0.9820226734915812,0.9844574901520075,1.0024793894541857,0.9975267427138471
14,fatigue_f,domain_mean,0.9992576679025946,0.9993195967376777,1.0000619748409967,0.9999380289996461
14,fatigue_f,max,1.0,1.0,1.0,1.0
14,fatigue_f,p99,1.0,1.0,1.0,1.0
14,fatigue_f,p999,1.0,1.0,1.0,1.0
14,fatigue_f,right_band_mean,0.9995444373987857,0.9994898481826899,0.9999453859037645,1.000054617079098
14,fatigue_f,tip_2l0_integral,0.0005158310559183492,0.001041963849193697,2.0199711460541248,0.49505657640379247
14,fatigue_f,tip_2l0_mean,0.8266522846852414,0.8243384369846306,0.9972009419879704,1.0028069147291914
14,fatigue_f,tip_4l0_integral,0.002264821400616514,0.004439194257927707,1.9600637192492527,0.5101874955284729
14,fatigue_f,tip_4l0_mean,0.9044813992051441,0.8821927944280598,0.9753575863509504,1.0252650043367613
14,fatigue_f,tip_l0_integral,0.00012515145511619955,0.0002483602326053296,1.9844773868169112,0.5039110078265964
14,fatigue_f,tip_l0_mean,0.7449490789837379,0.7665438748598928,1.028988284549079,0.9718283628838571
14,fatigue_f,top1_mean,1.0,1.0,1.0,1.0
15,damage_alpha,crack_strip_mean,0.23049728249617182,0.21355225145816803,0.9264848988478412,1.0793484073443407
15,damage_alpha,domain_mean,0.009205890135262688,0.008219854906201363,0.8928908324373361,1.1199577413851214
15,damage_alpha,max,1.003313422203064,1.0000557899475098,0.9967531260088187,1.0032574505225604
15,damage_alpha,p99,0.998197021484375,0.938910722732544,0.9406066162533034,1.0631437018626095
15,damage_alpha,p999,1.0008962293863297,0.999359130859375,0.9984642778323811,1.0015380842376784
15,damage_alpha,right_band_mean,-2.431661461709125e-05,-0.00034028684603981674,13.994005802133398,0.07145916717052876
15,damage_alpha,tip_2l0_integral,0.00027400195261621644,0.0005513802170753479,2.0123222181837663,0.49693830886713364
15,damage_alpha,tip_2l0_mean,0.43910566752356595,0.4362185001373291,0.9934248915471311,1.0066186266408415
15,damage_alpha,tip_4l0_integral,0.0005703413158915577,0.0011306928936392069,1.98248463180632,0.5044175293751763
15,damage_alpha,tip_4l0_mean,0.22777209332341808,0.22470049560070038,0.986514600283555,1.0136697416465694
15,damage_alpha,tip_l0_integral,0.0001166400139963219,0.00022333927336148918,1.9147740617429272,0.5222548289011957
15,damage_alpha,tip_l0_mean,0.6942857429706639,0.6893187165260315,0.9928458469802651,1.0072057037268114
15,damage_alpha,top1_mean,1.0000364655918546,0.9751722812652588,0.97513672232754,1.0254972221875864
15,psi_plus_raw,crack_strip_mean,25.861851055848707,50.636356353759766,1.9579556097670843,0.510736808848776
15,psi_plus_raw,domain_mean,1.0386367721638503,2.0296647548675537,1.9541622338664548,0.51172823968736
15,psi_plus_raw,max,664.564697265625,2815.032958984375,4.235905052686259,0.23607705733768417
15,psi_plus_raw,p99,347.63635559082184,0.057917430996894836,0.00016660349260209524,6002.275128699335
15,psi_plus_raw,p999,650.4290198974617,2584.848876953125,3.9740675736771696,0.2516313528797672
15,psi_plus_raw,right_band_mean,0.00853447323815839,0.008558430708944798,1.0028071411225818,0.9972007168602336
15,psi_plus_raw,tip_2l0_integral,0.021340354837041647,0.041595663875341415,1.9491552128805982,0.5130427753478544
15,psi_plus_raw,tip_2l0_mean,34.199284590625,32.907958984375,0.9622411514829177,1.0392405255781172
15,psi_plus_raw,tip_4l0_integral,0.039365020332211,0.07764460146427155,1.9724263015491883,0.5069897918186232
15,psi_plus_raw,tip_4l0_mean,15.720854924862957,15.430167198181152,0.9815094199347852,1.0188389226732468
15,psi_plus_raw,tip_l0_integral,0.01082228357432011,0.020881962031126022,1.9295338075114052,0.5182599009704519
15,psi_plus_raw,tip_l0_mean,64.41834954060437,64.45049285888672,1.0004989776750193,0.999501271179528
15,psi_plus_raw,top1_mean,548.001478407118,1125.1341552734375,2.053158977862391,0.487054344442987
15,psi_plus_active,crack_strip_mean,0.006375814381179826,0.006553248967975378,1.0278293212737348,0.9729241804084288
15,psi_plus_active,domain_mean,0.004417794259495404,0.004475146532058716,1.0129821058189936,0.9871842693524211
15,psi_plus_active,max,0.3764955760311715,0.4986138343811035,1.3243550950511604,0.7550844963988829
15,psi_plus_active,p99,0.03441678755797909,0.034685440361499786,1.007805865177513,0.9922545944142346
15,psi_plus_active,p999,0.10406977326362292,0.10680665075778961,1.0262984861822828,0.9743754019553217
15,psi_plus_active,right_band_mean,0.00853489362825696,0.008564187213778496,1.0034322144829728,0.9965795253197633
15,psi_plus_active,tip_2l0_integral,4.447633294115666e-07,1.6135377336468082e-06,3.6278569453591425,0.2756448269767716
15,psi_plus_active,tip_2l0_mean,0.0007127617040190068,0.0012765328865498304,1.7909672746893115,0.5583574943732432
15,psi_plus_active,tip_4l0_integral,6.271084235445923e-06,3.083677074755542e-05,4.917294934942408,0.20336384398950275
15,psi_plus_active,tip_4l0_mean,0.002504426637025522,0.006128133740276098,2.446920843947903,0.4086768897626387
15,psi_plus_active,tip_l0_integral,1.5114431580806466e-07,7.345718131546164e-07,4.860069061991291,0.20575839298676035
15,psi_plus_active,tip_l0_mean,0.0008996684756905458,0.002267196774482727,2.520035808459918,0.39681975813317305
15,psi_plus_active,top1_mean,0.06191432679062409,0.06362946331501007,1.0277017713555388,0.9730449317811332
15,alpha_bar,crack_strip_mean,0.12639137884736118,0.10831556469202042,0.856985386818429,1.1668810406587153
15,alpha_bar,domain_mean,0.07123902204351493,0.07481484860181808,1.0501947732538908,0.9522043200630596
15,alpha_bar,max,2.010880708694458,2.844181776046753,1.4143960722032618,0.7070155380467507
15,alpha_bar,p99,0.5517069166898727,0.5697779655456543,1.0327547984429923,0.968284051071586
15,alpha_bar,p999,1.1581814845800424,1.2494786977767944,1.0788280717765544,0.926931756932553
15,alpha_bar,right_band_mean,0.1282823958959355,0.1372302919626236,1.0697515508982756,0.934796494719073
15,alpha_bar,tip_2l0_integral,0.0002983840992256062,0.0005847185966558754,1.9596171450603126,0.5103037613856058
15,alpha_bar,tip_2l0_mean,0.4781796181299306,0.46259379386901855,0.9674059209761695,1.0336922467777965
15,alpha_bar,tip_4l0_integral,0.000880050752794591,0.0018989548552781343,2.157778797697775,0.46343953377748554
15,alpha_bar,tip_4l0_mean,0.35145797193655676,0.3773757517337799,1.0737436105216633,0.9313210250575218
15,alpha_bar,tip_l0_integral,0.00011245578433120566,0.0001906997204059735,1.6957751132153698,0.5897008348612297
15,alpha_bar,tip_l0_mean,0.669379615971256,0.5885793566703796,0.879290827845666,1.1372801447844978
15,alpha_bar,top1_mean,0.7916788936985864,0.8603963851928711,1.0867997012946102,0.9201327519770081
15,fatigue_f,crack_strip_mean,0.9791616362932191,0.9826803385494975,1.0035935867234334,0.9964192809011806
15,fatigue_f,domain_mean,0.999129814119874,0.9992168499987639,1.0000871116822458,0.9999128959055384
15,fatigue_f,max,1.0,1.0,1.0,1.0
15,fatigue_f,p99,1.0,1.0,1.0,1.0
15,fatigue_f,p999,1.0,1.0,1.0,1.0
15,fatigue_f,right_band_mean,0.9993059497138845,0.9992267362455758,0.9999207315153769,1.000079274768614
15,fatigue_f,tip_2l0_integral,0.0005155549039639187,0.0010412657136406691,2.0196989799432545,0.49512328813875817
15,fatigue_f,tip_2l0_mean,0.8262097335021918,0.8237861145878106,0.9970665815033335,1.002942048756908
15,fatigue_f,tip_4l0_integral,0.0022594328480836177,0.004416208163123518,1.954564910778035,0.5116228141033902
15,fatigue_f,tip_4l0_mean,0.9023294213346955,0.8776248106836939,0.9726212954305985,1.0281493986385322
15,fatigue_f,tip_l0_integral,0.00012500059012801498,0.00024812448416589765,1.984986502158027,0.5037817632073696
15,fatigue_f,tip_l0_mean,0.7440510731723422,0.765816256269917,1.02925227028405,0.9715791054063189
15,fatigue_f,top1_mean,1.0,1.0,1.0,1.0
16,damage_alpha,crack_strip_mean,0.23213476583477174,0.21506255865097046,0.9264556210595664,1.0793825168401727
16,damage_alpha,domain_mean,0.009271096354775195,0.008260022848844528,0.8909434799035498,1.1224056548550714
16,damage_alpha,max,1.003936529159546,0.9999796748161316,0.9960586608530653,1.003956934768841
16,damage_alpha,p99,0.9985708624124527,0.9389461278915405,0.940289931575948,1.0635017630402324
16,damage_alpha,p999,1.0011680171489716,0.9993211627006531,0.998155300192691,1.0018481090136502
16,damage_alpha,right_band_mean,-2.4662213707458666e-05,-0.0003613778098952025,14.653097008315598,0.06824495868910868
16,damage_alpha,tip_2l0_integral,0.00027416436909908195,0.000552074343431741,2.013661896496198,0.49660769851185793
16,damage_alpha,tip_2l0_mean,0.4393659503333946,0.4367676377296448,0.994086222198652,1.0059489586207808
16,damage_alpha,tip_4l0_integral,0.0005709896946155756,0.001142284832894802,2.00053493726162,0.4998663014447645
16,damage_alpha,tip_4l0_mean,0.22803103051614984,0.22700414061546326,0.9954967098190005,1.004523661541602
16,damage_alpha,tip_l0_integral,0.00011670726603606147,0.00022346412879414856,1.914740498891476,0.5222639833329593
16,damage_alpha,tip_l0_mean,0.6946860526995221,0.6897040605545044,0.9928284264155616,1.0072233765609735
16,damage_alpha,top1_mean,1.0002373266220093,0.9754613041877747,0.9752298561803248,1.025399287832196
16,psi_plus_raw,crack_strip_mean,26.23419500470036,51.11874008178711,1.9485537891529816,0.5132011266851868
16,psi_plus_raw,domain_mean,1.0534888941884735,2.04892635345459,1.944896016234632,0.5141663058861241
16,psi_plus_raw,max,685.5623168945312,2817.310791015625,4.109488986759825,0.24333925780598378
16,psi_plus_raw,p99,358.60481597900394,0.058956071734428406,0.00016440401552744412,6082.576491771085
16,psi_plus_raw,p999,657.2536061401368,2582.497802734375,3.9292257640101043,0.2545030649955365
16,psi_plus_raw,right_band_mean,0.008530838764584662,0.008555103093385696,1.0028443075142583,0.9971637596255509
16,psi_plus_raw,tip_2l0_integral,0.023322626416560792,0.0451539009809494,1.9360555785812694,0.516514097561597
16,psi_plus_raw,tip_2l0_mean,37.376001679049985,35.7230224609375,0.9557743165706509,1.0462720986142757
16,psi_plus_raw,tip_4l0_integral,0.04328036946928056,0.0851164162158966,1.9666286877775,0.5084843957656828
16,psi_plus_raw,tip_4l0_mean,17.284492775030444,16.91502571105957,0.9786243618033956,1.0218425363509382
16,psi_plus_raw,tip_l0_integral,0.01180611571253078,0.022698573768138885,1.9226114939774022,0.5201258824949861
16,psi_plus_raw,tip_l0_mean,70.27449275966767,70.05731964111328,0.996909645163899,1.003099934734399
16,psi_plus_raw,top1_mean,553.8036631944444,1135.8544921875,2.0510057402576143,0.4875656758885502
16,psi_plus_active,crack_strip_mean,0.006340690278136957,0.0065143113024532795,1.0273820383428878,0.9733477544662417
16,psi_plus_active,domain_mean,0.004374751626211886,0.004439758602529764,1.014859581039614,0.9853579930492533
16,psi_plus_active,max,0.35512164262280727,0.4894479513168335,1.3782543573011714,0.7255554787130511
16,psi_plus_active,p99,0.03443033408186966,0.034930165857076645,1.0145171921369822,0.9856905410282865
16,psi_plus_active,p999,0.10547458388761483,0.10593530535697937,1.0043680804643462,0.9956509166815349
16,psi_plus_active,right_band_mean,0.008531264337332626,0.008561214432120323,1.003510627921425,0.9965016534715765
16,psi_plus_active,tip_2l0_integral,4.643373379174207e-07,1.5271905340341618e-06,3.2889677596975035,0.3040467627119498
16,psi_plus_active,tip_2l0_mean,0.000744130305552711,0.0012082202592864633,1.6236675892255783,0.6158896110483786
16,psi_plus_active,tip_4l0_integral,3.3523287495983043e-06,1.5189885743893683e-05,4.53114443078228,0.22069479692735258
16,psi_plus_active,tip_4l0_mean,0.0013387894503323406,0.0030186576768755913,2.2547665550593043,0.44350489311462143
16,psi_plus_active,tip_l0_integral,1.5866104198649177e-07,6.853272225271212e-07,4.3194423403917215,0.23151136679123074
16,psi_plus_active,tip_l0_mean,0.0009444108898989397,0.0021152072586119175,2.2397107882123883,0.4464862183381024
16,psi_plus_active,top1_mean,0.06186366395123242,0.06364645063877106,1.0288179938540987,0.971989220614093
16,alpha_bar,crack_strip_mean,0.13446396096752203,0.11482986807823181,0.8539824890772586,1.1709841979084554
16,alpha_bar,domain_mean,0.07568304858112998,0.07925460487604141,1.0471909676191602,0.9549356620918426
16,alpha_bar,max,2.0959463119506836,2.86053466796875,1.364793865023417,0.7327113827426548
16,alpha_bar,p99,0.5848842984437943,0.6003130674362183,1.026379181375659,0.9742987953630324
16,alpha_bar,p999,1.1686270207166727,1.2593761682510376,1.0776545004741651,0.9279411903908004
16,alpha_bar,right_band_mean,0.13681365831398656,0.14579150080680847,1.0656209519097706,0.9384199871519352
16,alpha_bar,tip_2l0_integral,0.0003001527544672644,0.0005862456746399403,1.9531577369011885,0.5119914183616142
16,alpha_bar,tip_2l0_mean,0.48101400136367056,0.46380192041397095,0.9642170895215035,1.0371108445052077
16,alpha_bar,tip_4l0_integral,0.0008858142557857679,0.0019141444936394691,2.1608869818216165,0.4627729300109001
16,alpha_bar,tip_4l0_mean,0.3537596904068801,0.3803943693637848,1.0752903162207954,0.9299814058724066
16,alpha_bar,tip_l0_integral,0.00011344753515389825,0.00019138499919790775,1.6869912505219504,0.5927713019795465
16,alpha_bar,tip_l0_mean,0.6752828942132887,0.5906944274902344,0.8747362513578836,1.143201734748806
16,alpha_bar,top1_mean,0.8204547617170546,0.8891032338142395,1.083671245875296,0.9227890873788818
16,fatigue_f,crack_strip_mean,0.9761668825398206,0.980850034028823,1.004797490647109,0.995225415377959
16,fatigue_f,domain_mean,0.998993127444302,0.9991040971734737,1.00011108157416,0.9998889307635854
16,fatigue_f,max,1.0,1.0,1.0,1.0
16,fatigue_f,p99,1.0,1.0,1.0,1.0
16,fatigue_f,p999,1.0,1.0,1.0,1.0
16,fatigue_f,right_band_mean,0.9990241278878471,0.9989043451020511,0.9998801002073401,1.000119914170344
16,fatigue_f,tip_2l0_integral,0.0005152772634430934,0.001040654008130405,2.0196000909815686,0.49514753166503317
16,fatigue_f,tip_2l0_mean,0.825764796796214,0.8233021703851242,0.9970177629021676,1.002991157438511
16,fatigue_f,tip_4l0_integral,0.0022572960617473457,0.004405375227579198,1.9516160517150107,0.512395867579197
16,fatigue_f,tip_4l0_mean,0.9014760721502046,0.8754720016096968,0.9711538982077663,1.0297029151048749
16,fatigue_f,tip_l0_integral,0.0001248498828239178,0.0002479124444573418,1.985684238142101,0.5036047427841028
16,fatigue_f,tip_l0_mean,0.7431540059566307,0.7651618127701846,1.029614059316311,0.9712377088790187
16,fatigue_f,top1_mean,1.0,1.0,1.0,1.0
17,damage_alpha,crack_strip_mean,0.23378851516338242,0.2165955901145935,0.9264594967944696,1.079378001369708
17,damage_alpha,domain_mean,0.009337015799161874,0.008301038295030594,0.8890461870885692,1.1248009546891824
17,damage_alpha,max,1.0046956539154053,0.9998756051063538,0.9952024786906689,1.0048206484731057
17,damage_alpha,p99,0.9988988792896272,0.9389785528182983,0.9400136212847275,1.0638143717888773
17,damage_alpha,p999,1.0014518593549728,0.9993055462837219,0.9978567985558154,1.0021478046221526
17,damage_alpha,right_band_mean,-2.495280090058228e-05,-0.00038273457903414965,15.338341397386712,0.06519609741965818
17,damage_alpha,tip_2l0_integral,0.00027431872047934595,0.0005527496105059981,2.0149904809271515,0.4962802601131262
17,damage_alpha,tip_2l0_mean,0.43961330830006917,0.4373018741607666,0.9947421197319057,1.0052856716970135
17,damage_alpha,tip_4l0_integral,0.0005714133343055333,0.0011467840522527695,2.006925606044025,0.49827457330177866
17,damage_alpha,tip_4l0_mean,0.22820021569756307,0.2278982549905777,0.9986767729116192,1.001324980338256
17,damage_alpha,tip_l0_integral,0.00011677427476964168,0.00022359384456649423,1.914752585769198,0.5222606865410123
17,damage_alpha,tip_l0_mean,0.6950849141775456,0.6901044249534607,0.9928347039009212,1.007217008099058
17,damage_alpha,top1_mean,1.0004540688461727,0.9757381081581116,0.9752952569661032,1.0253305271992679
17,psi_plus_raw,crack_strip_mean,26.590925063362683,51.59364700317383,1.940272738922506,0.5153914601487063
17,psi_plus_raw,domain_mean,1.0677173661958874,2.067888021469116,1.9367372742439162,0.5163322941622996
17,psi_plus_raw,max,717.6762084960938,2812.9853515625,3.9195744797743437,0.2551297354241299
17,psi_plus_raw,p99,368.9585891723633,0.058867473155260086,0.0001595503530282621,6267.613834880479
17,psi_plus_raw,p999,656.3019435424804,2583.505126953125,3.936458138472513,0.2540354716913199
17,psi_plus_raw,right_band_mean,0.008527124631503914,0.008551915176212788,1.002907257226813,0.9971011704164432
17,psi_plus_raw,tip_2l0_integral,0.02520525150175868,0.048784565180540085,1.9354921008082848,0.5166644697657965
17,psi_plus_raw,tip_2l0_mean,40.39302888210177,38.59538269042969,0.9554961278858536,1.046576716341715
17,psi_plus_raw,tip_4l0_integral,0.04699889516652808,0.09248564392328262,1.9678259158132196,0.5081750331490792
17,psi_plus_raw,tip_4l0_mean,18.769527014247355,18.379499435424805,0.9792201700913138,1.0212207944069907
17,psi_plus_raw,tip_l0_integral,0.012734145881282657,0.024597419425845146,1.9316112486193344,0.517702514268735
17,psi_plus_raw,tip_l0_mean,75.7984814247531,75.91795349121094,1.001576180211162,0.9984263002232843
17,psi_plus_raw,top1_mean,559.2341037326389,1146.407958984375,2.0499607433320173,0.48781421949309844
17,psi_plus_active,crack_strip_mean,0.006301381965436988,0.006483657285571098,1.028926245248088,0.9718869594573188
17,psi_plus_active,domain_mean,0.004332446860528118,0.004404048901051283,1.0165269287375487,0.9837417698731562
17,psi_plus_active,max,0.3591010083419674,0.48684069514274597,1.3557207689016948,0.7376150184747309
17,psi_plus_active,p99,0.034538116260500074,0.034839801490306854,1.008734848986301,0.9913407879235272
17,psi_plus_active,p999,0.10133368231625232,0.10408113151788712,1.0271128921680777,0.9736028119451927
17,psi_plus_active,right_band_mean,0.008527554396964914,0.008558386005461216,1.0036155276250451,0.9963974973229032
17,psi_plus_active,tip_2l0_integral,4.94768152762609e-07,1.498657638876466e-06,3.029009912033538,0.33014088069743097
17,psi_plus_active,tip_2l0_mean,0.00079289763417317,0.0011856467463076115,1.4953339437618558,0.6687469405558135
17,psi_plus_active,tip_4l0_integral,2.32914357946274e-06,1.001609143713722e-05,4.300332330498756,0.2325401673977181
17,psi_plus_active,tip_4l0_mean,0.0009301691705706569,0.0019904791843146086,2.139910940171726,0.4673091675113129
17,psi_plus_active,tip_l0_integral,1.735483449445573e-07,6.480775027739583e-07,3.734276480602547,0.2677894915372319
17,psi_plus_active,tip_l0_mean,0.0010330257814866223,0.0020002389792352915,1.9362914412036818,0.5164511801892576
17,psi_plus_active,top1_mean,0.06173806620280908,0.06378939002752304,1.0332262403227106,0.9678422411026524
17,alpha_bar,crack_strip_mean,0.14255878741185685,0.12131351232528687,0.8509718308336075,1.1751270297871144
17,alpha_bar,domain_mean,0.08008723260682796,0.08365864306688309,1.0445940051092568,0.9573097252222956
17,alpha_bar,max,2.1896913051605225,2.8767974376678467,1.3137913234107461,0.7611558869211364
17,alpha_bar,p99,0.6182935410737993,0.628671407699585,1.0167846919567722,0.9834923833044038
17,alpha_bar,p999,1.1806050025225407,1.2788565158843994,1.0832213256355254,0.9231723714572371
17,alpha_bar,right_band_mean,0.14534121108200812,0.15434987843036652,1.061982883459498,0.9416347622688762
17,alpha_bar,tip_2l0_integral,0.0003020180704940556,0.0005877442308701575,1.9460565055219952,0.5138596937768607
17,alpha_bar,tip_2l0_mean,0.4840032896926986,0.46498748660087585,0.9607114176767347,1.0408953007119202
17,alpha_bar,tip_4l0_integral,0.0008906588077372681,0.0019241607515141368,2.160379187629094,0.46288170415928187
17,alpha_bar,tip_4l0_mean,0.35569441564676973,0.38238486647605896,1.0750375874773215,0.9302000336068208
17,alpha_bar,tip_l0_integral,0.00011450328539087322,0.00019203315605409443,1.6770973461465495,0.5962683098257179
17,alpha_bar,tip_l0_mean,0.6815671213198864,0.592694878578186,0.8696060300420667,1.1499460278025275
17,alpha_bar,top1_mean,0.8485638782713149,0.914950966835022,1.0782346388570654,0.9274419165943374
17,fatigue_f,crack_strip_mean,0.9730511730144844,0.978998837039433,1.0061123856482521,0.9939247486310251
17,fatigue_f,domain_mean,0.9988480711854091,0.9989822348135955,1.000134318353368,0.9998656996856291
17,fatigue_f,max,1.0,1.0,1.0,1.0
17,fatigue_f,p99,1.0,1.0,1.0,1.0
17,fatigue_f,p999,1.0,1.0,1.0,1.0
17,fatigue_f,right_band_mean,0.9987043557574965,0.9985433493264966,0.9998387846913136,1.0001612413032528
17,fatigue_f,tip_2l0_integral,0.000514996082287168,0.0010400747307356655,2.0195779473050584,0.49515296071360276
17,fatigue_f,tip_2l0_mean,0.8253141859958575,0.8228438813355285,0.9970068312138023,1.003002154742063
17,fatigue_f,tip_4l0_integral,0.0022560663910470395,0.004399165459701919,1.9499273058450501,0.512839630996718
17,fatigue_f,tip_4l0_mean,0.9009849895971732,0.8742379460225543,0.9703135525192519,1.0305946952958376
17,fatigue_f,tip_l0_integral,0.00012470032946574055,0.00024771537806136446,1.9864853535083913,0.50340164765568
17,fatigue_f,tip_l0_mean,0.7422638074660928,0.7645535831949725,1.0300294524732003,0.9708460254208299
17,fatigue_f,top1_mean,1.0,1.0,1.0,1.0
18,damage_alpha,crack_strip_mean,0.23559665500477275,0.2181280553340912,0.9258537873963971,1.0800841489368533
18,damage_alpha,domain_mean,0.009409148083721279,0.008342075161635876,0.8865919727704635,1.1279145657896652
18,damage_alpha,max,1.0054395198822021,0.9997782707214355,0.9943693787156587,1.0056625047038494
18,damage_alpha,p99,0.9992048186063766,0.9389984011650085,0.9397456694360823,1.064117699632577
18,damage_alpha,p999,1.0017337846755983,0.9992895126342773,0.9975599584652998,1.0024460099004515
18,damage_alpha,right_band_mean,-2.5195704725913525e-05,-0.00040389501373283565,16.030312234824443,0.06238181673265153
18,damage_alpha,tip_2l0_integral,0.0002744704788787548,0.0005534004303626716,2.016247549184085,0.4959708446538075
18,damage_alpha,tip_2l0_mean,0.4398565108489506,0.4378167688846588,0.9953627105340445,1.0046588941065187
18,damage_alpha,tip_4l0_integral,0.0005717933314377277,0.0011493442580103874,2.010069363908906,0.49749526954400114
18,damage_alpha,tip_4l0_mean,0.2283519717423123,0.22840704023838043,1.0002411562100733,0.999758901932223
18,damage_alpha,tip_l0_integral,0.00011684033084218684,0.000223689858103171,1.9144918239345197,0.5223318206420309
18,damage_alpha,tip_l0_mean,0.6954781050546162,0.6904007196426392,0.9926994316929959,1.0073542585740716
18,damage_alpha,top1_mean,1.0006852902306451,0.976021945476532,0.9753535452205673,1.0252692522626339
18,psi_plus_raw,crack_strip_mean,26.994432593205712,52.088932037353516,1.9296175927203558,0.5182373977997422
18,psi_plus_raw,domain_mean,1.083811707323988,2.08766508102417,1.926224884743837,0.5191501822659648
18,psi_plus_raw,max,761.8399047851562,2811.388916015625,3.690262085717937,0.27098346317195277
18,psi_plus_raw,p99,379.8683172607484,0.05900510400533676,0.00015533041668446015,6437.889122717095
18,psi_plus_raw,p999,654.7962065429688,2582.794921875,3.9444256030605347,0.2535223377578946
18,psi_plus_raw,right_band_mean,0.008522793708221866,0.008548909798264503,1.003064264012098,0.9969450970171729
18,psi_plus_raw,tip_2l0_integral,0.027273470560255125,0.05207507312297821,1.9093673101825837,0.523733696846614
18,psi_plus_raw,tip_2l0_mean,43.707482306957736,41.198631286621094,0.9425990496840569,1.0608964652947432
18,psi_plus_raw,tip_4l0_integral,0.05108943738893909,0.09904758632183075,1.9387096704117286,0.5158069902171724
18,psi_plus_raw,tip_4l0_mean,20.40313015479826,19.683542251586914,0.9647314947387072,1.0365578458396294
18,psi_plus_raw,tip_l0_integral,0.01374885331955875,0.02628943882882595,1.9121186485732087,0.5229800989317182
18,psi_plus_raw,tip_l0_mean,81.83840617736496,81.1402359008789,0.9914689165014658,1.0086044891136248
18,psi_plus_raw,top1_mean,565.2942740207249,1157.4151611328125,2.047456014193378,0.4884109807819061
18,psi_plus_active,crack_strip_mean,0.006291819727269463,0.00645570969209075,1.0260481024449841,0.9746131761435807
18,psi_plus_active,domain_mean,0.004286101202151394,0.004368695430457592,1.019270246877218,0.9810940749656365
18,psi_plus_active,max,0.34804110851257136,0.4824087917804718,1.3860684269227554,0.7214651027151124
18,psi_plus_active,p99,0.03445014397058766,0.034915465861558914,1.013507110198684,0.9866729004041856
18,psi_plus_active,p999,0.1067793187723741,0.10380994528532028,0.9721914924988073,1.0286039403921514
18,psi_plus_active,right_band_mean,0.008523226781111106,0.00855573546141386,1.0038141282800075,0.9962003640190411
18,psi_plus_active,tip_2l0_integral,5.336747008343872e-07,1.487839654146228e-06,2.7879149073771488,0.358691005006603
18,psi_plus_active,tip_2l0_mean,0.0008552478678082743,0.0011770882410928607,1.3763123948024096,0.7265792299600448
18,psi_plus_active,tip_4l0_integral,1.9216841981408864e-06,7.828990419511683e-06,4.074025496533593,0.24545747218588976
18,psi_plus_active,tip_4l0_mean,0.0007674457738220519,0.0015558407176285982,2.027297264118301,0.4932675723976343
18,psi_plus_active,tip_l0_integral,1.9495198617163417e-07,6.053929837435135e-07,3.1053440164006862,0.3220255130248245
18,psi_plus_active,tip_l0_mean,0.0011604283978142165,0.001868496765382588,1.6101784210918049,0.6210491874074027
18,psi_plus_active,top1_mean,0.06185037310013327,0.06380366533994675,1.0315809289727513,0.9693858929670214
18,alpha_bar,crack_strip_mean,0.15073249382950452,0.12776924669742584,0.8476556278697763,1.1797243681529925
18,alpha_bar,domain_mean,0.08444860865518855,0.08802735060453415,1.0423777490989572,0.9593451134815676
18,alpha_bar,max,2.2936229705810547,2.8928563594818115,1.261260632888129,0.7928575378667969
18,alpha_bar,p99,0.6526063412427904,0.6511585712432861,0.9977815569540021,1.0022233754778656
18,alpha_bar,p999,1.2056676324606062,1.3116925954818726,1.0879387985268243,0.9191693515794253
18,alpha_bar,right_band_mean,0.1538644363298094,0.16290561854839325,1.058760701525621,0.9445004886931014
18,alpha_bar,tip_2l0_integral,0.0003039973669255917,0.0005892320768907666,1.9382801991011676,0.5159212793195364
18,alpha_bar,tip_2l0_mean,0.48717523891604597,0.46616458892822266,0.9568725002638239,1.0450713127655828
18,alpha_bar,tip_4l0_integral,0.0008952135979711375,0.0019319899147376418,2.158132896010736,0.46336349436518914
18,alpha_bar,tip_4l0_mean,0.35751342134968944,0.38394075632095337,1.0739198401880834,0.9311681957797361
18,alpha_bar,tip_l0_integral,0.00011563761130581951,0.00019263870490249246,1.6658827757435513,0.6002823335235334
18,alpha_bar,tip_l0_mean,0.6883190607585613,0.5945638418197632,0.8637910465017847,1.157687387534103
18,alpha_bar,top1_mean,0.8764599658383263,0.9386268258094788,1.0709294918127725,0.9337682897380017
18,fatigue_f,crack_strip_mean,0.9698224529077484,0.9770806612873438,1.007484058920098,0.9925715361411078
18,fatigue_f,domain_mean,0.998695457601504,0.9988515543876033,1.0001563006869723,0.9998437237391146
18,fatigue_f,max,1.0,1.0,1.0,1.0
18,fatigue_f,p99,1.0,1.0,1.0,1.0
18,fatigue_f,p999,1.0,1.0,1.0,1.0
18,fatigue_f,right_band_mean,0.9983555769335521,0.9981470352150421,0.9997911147858255,1.0002089288563234
18,fatigue_f,tip_2l0_integral,0.0005147112172065769,0.0010395076352338862,2.019593901363694,0.4951490491849715
18,fatigue_f,tip_2l0_mean,0.8248576714704215,0.8223952298588775,0.9970147072680376,1.0029942313891662
18,fatigue_f,tip_4l0_integral,0.00225516428333371,0.0043950967997807705,1.9489031607416614,0.5131091272998125
18,fatigue_f,tip_4l0_mean,0.9006247229348381,0.8734293888257151,0.9698039223035069,1.0311362709533805
18,fatigue_f,tip_l0_integral,0.00012455228276396778,0.0002475343755790496,1.9873933266091837,0.5031716603910322
18,fatigue_f,tip_l0_mean,0.7413825771677333,0.7639949335967763,1.0305002533448087,0.970402478557564
18,fatigue_f,top1_mean,1.0,1.0,1.0,1.0
19,damage_alpha,crack_strip_mean,0.23730345329881103,0.21969257295131683,0.9257875091884201,1.080161473421301
19,damage_alpha,domain_mean,0.009477270374185892,0.0083844605833292,0.8846915042296063,1.1303375190324731
19,damage_alpha,max,1.0060538053512573,1.0000137090682983,0.9939962492554262,1.0060400134800016
19,damage_alpha,p99,0.999494915008545,0.9390941858291626,0.9395687479021682,1.0643180738320217
19,damage_alpha,p999,1.002014886379242,0.9992666244506836,0.9972572643721002,1.002750278915869
19,damage_alpha,right_band_mean,-2.5395328168928108e-05,-0.0004250728525221348,16.738230342784988,0.05974347225010258
19,damage_alpha,tip_2l0_integral,0.00027459935716034686,0.000554280704818666,2.018506927876764,0.4954156887892798
19,damage_alpha,tip_2l0_mean,0.44006304654450834,0.4385131895542145,0.9964781023935917,1.0035343452083378
19,damage_alpha,tip_4l0_integral,0.0005721074521773824,0.0011520474217832088,2.013690640453352,0.4966006098011485
19,damage_alpha,tip_4l0_mean,0.2284774193233202,0.22894424200057983,1.002043189557385,0.9979609765540273
19,damage_alpha,tip_l0_integral,0.00011689551085522731,0.00022385953343473375,1.9150396092796,0.5221824108255287
19,damage_alpha,tip_l0_mean,0.6958065574873478,0.6909244656562805,0.9929835501282179,1.007066028305178
19,damage_alpha,top1_mean,1.0009260523319243,0.9763457775115967,0.9754424667406135,1.0251757885233808
19,psi_plus_raw,crack_strip_mean,27.345790391694628,52.560665130615234,1.922075185165567,0.5202710111019202
19,psi_plus_raw,domain_mean,1.0978246413480188,2.106499195098877,1.9187938726828966,0.5211607219705052
19,psi_plus_raw,max,803.4677734375,2809.182861328125,3.4963230065961635,0.2860147641145855
19,psi_plus_raw,p99,389.4510006713927,0.05989151820540428,0.00015378447635814134,6502.606918991924
19,psi_plus_raw,p999,653.0003674926786,2586.77392578125,3.961366722829988,0.25243812804223364
19,psi_plus_raw,right_band_mean,0.008518734151666747,0.00854555331170559,1.0031482564852192,0.9968616239276039
19,psi_plus_raw,tip_2l0_integral,0.02907355821729262,0.05563307926058769,1.9135283973427708,0.5225948051717728
19,psi_plus_raw,tip_2l0_mean,46.592237998284865,44.01350784301758,0.9446532240979235,1.0585895167561925
19,psi_plus_raw,tip_4l0_integral,0.05465398740171119,0.10595882683992386,1.9387208852872524,0.5158040064399647
19,psi_plus_raw,tip_4l0_mean,21.82667250661955,21.05699920654297,0.9647370298957317,1.0365518986122877
19,psi_plus_raw,tip_l0_integral,0.014626444002951145,0.028050361201167107,1.9177840625860563,0.5214351393928779
19,psi_plus_raw,tip_l0_mean,87.06215983417123,86.57518005371094,0.9944065276879434,1.0056249352315314
19,psi_plus_raw,top1_mean,570.4063284640843,1167.89794921875,2.047484207202808,0.488404255565009
19,psi_plus_active,crack_strip_mean,0.006243369196048371,0.006412130780518055,1.0270305309794108,0.9736808885772523
19,psi_plus_active,domain_mean,0.004242782377686406,0.00433242367580533,1.021127950985741,0.9793092031558384
19,psi_plus_active,max,0.3528209261402584,0.4858240783214569,1.3769707019257844,0.7262318643391861
19,psi_plus_active,p99,0.034476712860145996,0.03507116064429283,1.0172420087308844,0.9830502391929372
19,psi_plus_active,p999,0.1022248742216182,0.10466504842042923,1.0238706500486452,0.9766858733107437
19,psi_plus_active,right_band_mean,0.008519169734047882,0.00855273474007845,1.0039399386417225,0.996075523554673
19,psi_plus_active,tip_2l0_integral,5.722267645606811e-07,1.4345469026011415e-06,2.506955269214809,0.3988902443852558
19,psi_plus_active,tip_2l0_mean,0.0009170300175897261,0.0011349262204021215,1.2376107636968117,0.8080084864589775
19,psi_plus_active,tip_4l0_integral,1.775934287683644e-06,6.455624770751456e-06,3.635058355211749,0.27509874733269535
19,psi_plus_active,tip_4l0_mean,0.0007092389399814207,0.0012829143088310957,1.808860507383736,0.5528342268063337
19,psi_plus_active,tip_l0_integral,2.1873495871861189e-07,5.857389737684571e-07,2.677848009297735,0.37343418914288934
19,psi_plus_active,tip_l0_mean,0.0013019936994554699,0.001807836233638227,1.3885138110839665,0.7201944928580388
19,psi_plus_active,top1_mean,0.061635325794932354,0.06375300884246826,1.0343582680909593,0.9667830101514324
19,alpha_bar,crack_strip_mean,0.1589237218115701,0.13418135046958923,0.8443129127612744,1.1843950091081283
19,alpha_bar,domain_mean,0.08876930488748411,0.09235977381467819,1.040447189845015,0.9611251870928308
19,alpha_bar,max,2.407674551010132,3.013373851776123,1.251570255004719,0.7989962976518882
19,alpha_bar,p99,0.688810599446298,0.670995831489563,0.9741369137306316,1.0265497446045044
19,alpha_bar,p999,1.2210745100975058,1.33352530002594,1.092091669262226,0.9156740483841989
19,alpha_bar,right_band_mean,0.16238360486883488,0.17145834863185883,1.0558846059018954,0.9470731881215741
19,alpha_bar,tip_2l0_integral,0.00030608835876194164,0.0005906665464863181,1.9297256154250069,0.5182083877659249
19,alpha_bar,tip_2l0_mean,0.4905261871750637,0.4672994613647461,0.9526493662976891,1.049704157035585
19,alpha_bar,tip_4l0_integral,0.0008997349821951936,0.0019384454935789108,2.1544627384048667,0.4641528406011726
19,alpha_bar,tip_4l0_mean,0.3593190859942416,0.3852236568927765,1.0720935010364299,0.9327544650100625
19,alpha_bar,tip_l0_integral,0.0001168529638529,0.00019322431762702763,1.653567964867947,0.604752886634363
19,alpha_bar,tip_l0_mean,0.69555330154104,0.5963712930679321,0.8574055960149075,1.1663091594548132
19,alpha_bar,top1_mean,0.9047101018163893,0.9602739214897156,1.0614161592335165,0.9421375313544622
19,fatigue_f,crack_strip_mean,0.9665174736655836,0.9751313498967902,1.0089122819461689,0.9911664451849299
19,fatigue_f,domain_mean,0.9985354635023607,0.9987120855431164,1.0001768810895673,0.9998231501918196
19,fatigue_f,max,1.0,1.0,1.0,1.0
19,fatigue_f,p99,1.0,1.0,1.0,1.0
19,fatigue_f,p999,1.0,1.0,1.0,1.0
19,fatigue_f,right_band_mean,0.9979624892001434,0.9977166987574398,0.9997537077341448,1.000246352940679
19,fatigue_f,tip_2l0_integral,0.0005144262367313938,0.001038981951876902,2.0196908277433048,0.4951252866347603
19,fatigue_f,tip_2l0_mean,0.8244009720177659,0.8219793411529684,0.9970625569995747,1.0029460969924142
19,fatigue_f,tip_4l0_integral,0.0022543303052789078,0.004392266469997205,1.9483686395520419,0.513249895168665
19,fatigue_f,tip_4l0_mean,0.9002916646028615,0.8728669226672545,0.9695379364111911,1.0314191559141732
19,fatigue_f,tip_l0_integral,0.0001244079426366257,0.00024736150102449433,1.9883095546961573,0.5029397950827705
19,fatigue_f,tip_l0_mean,0.7405234098106772,0.7634613701936365,1.030975334579664,0.969955309753077
19,fatigue_f,top1_mean,1.0,1.0,1.0,1.0
20,damage_alpha,crack_strip_mean,0.23921930051453869,0.2213127762079239,0.9251459883542026,1.0809104861157748
20,damage_alpha,domain_mean,0.009553793694882769,0.00842893123626709,0.8822601267580038,1.1334525608389998
20,damage_alpha,max,1.006656527519226,0.9999511241912842,0.9933389362263746,1.0067057310759713
20,damage_alpha,p99,0.9997800636291505,0.9391239285469055,0.9393305214928308,1.0645879987065152
20,damage_alpha,p999,1.0022982488870622,0.9992778897285461,0.9969865664617594,1.0030225417669718
20,damage_alpha,right_band_mean,-2.555514020911593e-05,-0.0004463337827473879,17.465518838678626,0.05725567097299333
20,damage_alpha,tip_2l0_integral,0.0002747259559554375,0.0005549588240683079,2.02004511054764,0.49503844977446915
20,damage_alpha,tip_2l0_mean,0.44026592921704094,0.4390496611595154,0.9972374240730175,1.002770228894639
20,damage_alpha,tip_4l0_integral,0.0005724374393574596,0.0011539796832948923,2.0159053268601594,0.4960550412144273
20,damage_alpha,tip_4l0_mean,0.22860920334226087,0.2293282300233841,1.0031452219359984,0.9968646394687217
20,damage_alpha,tip_l0_integral,0.00011694885146893466,0.00022398876899387687,1.915271216266501,0.5221192651499935
20,damage_alpha,tip_l0_mean,0.6961240611153864,0.6913233399391174,0.9931036413702223,1.0069442486589442
20,damage_alpha,top1_mean,1.0011875463856592,0.9766451716423035,0.975486735894833,1.025129264400177
20,psi_plus_raw,crack_strip_mean,27.755729904387135,53.067867279052734,1.9119607901453424,0.5230232780683659
20,psi_plus_raw,domain_mean,1.1141745969513708,2.126751184463501,1.9088132060116652,0.5238857300706923
20,psi_plus_raw,max,851.7644653320312,2809.343017578125,3.298262761505317,0.3031899130873379
20,psi_plus_raw,p99,399.610278625494,0.06078074127435684,0.00015210004478217944,6574.620023498924
20,psi_plus_raw,p999,650.9871254272466,2593.470703125,3.9839047529901457,0.2510100170566185
20,psi_plus_raw,right_band_mean,0.008513943998111607,0.008542699739336967,1.0033774877109527,0.9966338813135445
20,psi_plus_raw,tip_2l0_integral,0.031100436855176848,0.05910959467291832,1.9006033564148854,0.526148707790511
20,psi_plus_raw,tip_2l0_mean,49.84044075297113,46.763916015625,0.9382725214531187,1.0657884326094116
20,psi_plus_raw,tip_4l0_integral,0.05865300760417236,0.11271238327026367,1.921681221036749,0.5203776719327563
20,psi_plus_raw,tip_4l0_mean,23.42372531934337,22.39912223815918,0.956257893771574,1.0457430014573819
20,psi_plus_raw,tip_l0_integral,0.01561542838509199,0.029822487384080887,1.9098091098514043,0.5236125405631804
20,psi_plus_raw,tip_l0_mean,92.94897116945359,92.04470825195312,0.9902714047705604,1.0098241706087572
20,psi_plus_raw,top1_mean,576.3209325493707,1179.1680908203125,2.0460268302319538,0.48875214402082506
20,psi_plus_active,crack_strip_mean,0.006246049773823456,0.006378614343702793,1.021223745355809,0.9792173405168774
20,psi_plus_active,domain_mean,0.004195260775470799,0.004295201040804386,1.0238221819053361,0.9767321100027321
20,psi_plus_active,max,0.3543703031593508,0.48906657099723816,1.3801003262322409,0.72458500370771
20,psi_plus_active,p99,0.034448269077697984,0.035261087119579315,1.023595323180042,0.9769485824664209
20,psi_plus_active,p999,0.10094192987421853,0.10701882839202881,1.0602019252592314,0.9432165478811866
20,psi_plus_active,right_band_mean,0.008514381324708706,0.008550239726901054,1.004211510011689,0.9958061524193843
20,psi_plus_active,tip_2l0_integral,6.160050488950667e-07,1.4457207271334482e-06,2.3469299963152075,0.4260885503913827
20,psi_plus_active,tip_2l0_mean,0.0009871875204182266,0.0011437663342803717,1.1586110142435855,0.8631024456925807
20,psi_plus_active,tip_4l0_integral,1.7593012511823256e-06,5.884501206310233e-06,3.3447945326905195,0.29897202660027367
20,psi_plus_active,tip_4l0_mean,0.0007025963534517953,0.0011694160057231784,1.6644208299373295,0.6008095921496326
20,psi_plus_active,tip_l0_integral,2.4756205865036177e-07,5.53161612515396e-07,2.234436147166801,0.4475401999148512
20,psi_plus_active,tip_l0_mean,0.0014735835665008877,0.0017072887858375907,1.1585965157657465,0.8631132464083703
20,psi_plus_active,top1_mean,0.06180364837902216,0.06362880766391754,1.0295315783576766,0.9713155196222483
20,alpha_bar,crack_strip_mean,0.1672249158961614,0.14055995643138885,0.8405443392100123,1.189705234276936
20,alpha_bar,domain_mean,0.09304677093454197,0.0966549664735794,1.038778299373503,0.9626693208773319
20,alpha_bar,max,2.532437801361084,3.181525945663452,1.2563096096391821,0.7959821307800109
20,alpha_bar,p99,0.7233729016780864,0.691267192363739,0.9556166546467688,1.0464447172801072
20,alpha_bar,p999,1.2309208098649989,1.3516945838928223,1.0981166075509514,0.9106501013860689
20,alpha_bar,right_band_mean,0.17089798461284392,0.18000859022140503,1.053310199234944,0.949387939779122
20,alpha_bar,tip_2l0_integral,0.00030829775761647527,0.0005921121337451041,1.920585275491027,0.5206746155774492
20,alpha_bar,tip_2l0_mean,0.4940668902597773,0.4684431254863739,0.9481370533452858,1.05469984162282
20,alpha_bar,tip_4l0_integral,0.0009043590433544844,0.0019443297060206532,2.149953295992561,0.46512638291444075
20,alpha_bar,tip_4l0_mean,0.3611657558050386,0.3863930106163025,1.069849520353978,0.9347108924899391
20,alpha_bar,tip_l0_integral,0.00011815499146998785,0.00019377726130187511,1.6400260276020233,0.6097464205870914
20,alpha_bar,tip_l0_mean,0.7033034653186837,0.5980779528617859,0.8503839129966214,1.1759394606562519
20,alpha_bar,top1_mean,0.9337529509597354,0.980057418346405,1.0495896343235935,0.9527533116735176
20,fatigue_f,crack_strip_mean,0.9630063638421049,0.9731726984830521,1.0105568717120275,0.9895534115817325
20,fatigue_f,domain_mean,0.9983645111110154,0.9985668860062107,1.0002027064192918,0.9997973346622732
20,fatigue_f,max,1.0,1.0,1.0,1.0
20,fatigue_f,p99,1.0,1.0,1.0,1.0
20,fatigue_f,p999,1.0,1.0,1.0,1.0
20,fatigue_f,right_band_mean,0.9975543396304185,0.9972672498439878,0.9997122063680891,1.0002878764809289
20,fatigue_f,tip_2l0_integral,0.0005140271131084343,0.0010384570767737998,2.020237941329637,0.49499119858220336
20,fatigue_f,tip_2l0_mean,0.8237613508646657,0.8215640918883819,0.9973326510475667,1.0026744827311445
20,fatigue_f,tip_4l0_integral,0.002252285884550022,0.00439006217606628,1.9491584998959217,0.5130419101645128
20,fatigue_f,tip_4l0_mean,0.8994752026421419,0.8724288674460415,0.9699309829591147,1.0310011924241755
20,fatigue_f,tip_l0_integral,0.00012426838225043955,0.00024720129807465963,1.989253369183417,0.5027011719530213
20,fatigue_f,tip_l0_mean,0.7396926932915967,0.7629669166789089,1.0314647198740643,0.9694951080072755
20,fatigue_f,top1_mean,1.0,1.0,1.0,1.0
21,damage_alpha,crack_strip_mean,0.24110509169332384,0.2230190485715866,0.9249868885193766,1.0810964051616954
21,damage_alpha,domain_mean,0.00962915104349928,0.00847691111266613,0.8803383677721998,1.1359268624524659
21,damage_alpha,max,1.0071845054626465,1.0000286102294922,0.9928951496033318,1.0071556905072068
21,damage_alpha,p99,1.0000389862060546,0.9391714930534363,0.9391348797475014,1.0648097750015024
21,damage_alpha,p999,1.002568495631218,0.9992663264274597,0.9967062906742554,1.0033045936968217
21,damage_alpha,right_band_mean,-2.5679172768495225e-05,-0.00046750789624638855,18.205722608788854,0.05492778405385831
21,damage_alpha,tip_2l0_integral,0.00027485909127758273,0.0005554649978876114,2.0209082235764293,0.49482702298587616
21,damage_alpha,tip_2l0_mean,0.440479287092572,0.43945011496543884,0.9976635175426152,1.0023419543927394
21,damage_alpha,tip_4l0_integral,0.00057277685764035,0.0011554898228496313,2.0173472573767466,0.49570047811220563
21,damage_alpha,tip_4l0_mean,0.22874475377610126,0.22962833940982819,1.0038627580267558,0.9961521054587694
21,damage_alpha,tip_l0_integral,0.00011700231021904764,0.00022407820506487042,1.9151605181586504,0.5221494441423947
21,damage_alpha,tip_l0_mean,0.6964422679362604,0.6915993690490723,0.9930462306638296,1.0070024628475978
21,damage_alpha,top1_mean,1.0014547279145982,0.9769611358642578,0.9755419877028838,1.025071204115681
21,psi_plus_raw,crack_strip_mean,28.12743027893898,53.616695404052734,1.9062066769817714,0.5246020864764618
21,psi_plus_raw,domain_mean,1.1289960931000886,2.1486666202545166,1.9031656826681609,0.5254403277165237
21,psi_plus_raw,max,899.7974853515625,2809.08447265625,3.1219074496065127,0.3203169908595595
21,psi_plus_raw,p99,408.9730249023492,0.06208657845854759,0.00015181093783232292,6587.140651910816
21,psi_plus_raw,p999,647.8744050293,2597.49072265625,4.009250407937907,0.24942318345097672
21,psi_plus_raw,right_band_mean,0.008509117775086976,0.00853920727968216,1.0035361485632834,0.9964763117219584
21,psi_plus_raw,tip_2l0_integral,0.03299031058216626,0.06285341084003448,1.9052082181369783,0.524877013693473
21,psi_plus_raw,tip_2l0_mean,52.869084368468585,49.72579574584961,0.9405458093294755,1.0632124348232543
21,psi_plus_raw,tip_4l0_integral,0.0622283799827221,0.1200774684548378,1.929625493837019,0.5182352758055251
21,psi_plus_raw,tip_4l0_mean,24.851589702269905,23.86277198791504,0.9602110880550813,1.041437671820174
21,psi_plus_raw,tip_l0_integral,0.016542166269115147,0.0316719189286232,1.9146173731644733,0.5222975692251258
21,psi_plus_raw,tip_l0_mean,98.46526766413994,97.7528305053711,0.9927645841455595,1.0072881486406646
21,psi_plus_raw,top1_mean,581.2827105034722,1191.3656005859375,2.0495459077976843,0.4879129548625424
21,psi_plus_active,crack_strip_mean,0.0062196975417949186,0.00634019123390317,1.0193729182646842,0.9809952590287924
21,psi_plus_active,domain_mean,0.004147683944676183,0.004255593754351139,1.02601688342562,0.9746428310821201
21,psi_plus_active,max,0.3363247296590841,0.4907756447792053,1.4592315149607955,0.6852922169974286
21,psi_plus_active,p99,0.03449579562848675,0.03473512828350067,1.0069380239143195,0.9931097805927032
21,psi_plus_active,p999,0.10612539550658898,0.10639405995607376,1.0025315754839106,0.9974748172069409
21,psi_plus_active,right_band_mean,0.008509556209913512,0.0085471011698246,1.0044120937666936,0.9956072872936569
21,psi_plus_active,tip_2l0_integral,6.627041019210694e-07,1.4283316431829007e-06,2.1553082877296275,0.4639707487291233
21,psi_plus_active,tip_2l0_mean,0.0010620257420290884,0.0011300091864541173,1.064012991149481,0.9398381488929699
21,psi_plus_active,tip_4l0_integral,1.8168158279426456e-06,5.4959036788204685e-06,3.0250197044155027,0.33057635906977373
21,psi_plus_active,tip_4l0_mean,0.0007255654338608311,0.001092190737836063,1.505295989673005,0.664321174613127
21,psi_plus_active,tip_l0_integral,2.804656673399271e-07,5.482222604769049e-07,1.9546858111957577,0.51159116942086
21,psi_plus_active,tip_l0_mean,0.0016694383647193722,0.001692043850198388,1.013540772727369,0.9866401302328155
21,psi_plus_active,top1_mean,0.06169035746616572,0.06356070935726166,1.0303183830977434,0.9705737725395247
21,alpha_bar,crack_strip_mean,0.17559834520803883,0.14690016210079193,0.8365691711203375,1.19535841687878
21,alpha_bar,domain_mean,0.09728060370196673,0.10091055929660797,1.037314279070082,0.9640279905299934
21,alpha_bar,max,2.6674280166625977,3.347074031829834,1.2547945102629567,0.7969432379732347
21,alpha_bar,p99,0.7696363490819931,0.7115745544433594,0.9245594432904727,1.081596221051009
21,alpha_bar,p999,1.2620253921747515,1.3627983331680298,1.0798501691155549,0.926054399583087
21,alpha_bar,right_band_mean,0.17940753960637967,0.18855567276477814,1.050990795473086,0.9514831188886548
21,alpha_bar,tip_2l0_integral,0.00031062878927579595,0.0005935404915362597,1.9107710296912523,0.5233489436782924
21,alpha_bar,tip_2l0_mean,0.49780251769969647,0.46957314014434814,0.9432920153039926,1.0601171045402438
21,alpha_bar,tip_4l0_integral,0.0009092076275341167,0.001949825556948781,2.1445327754640036,0.4663020362482613
21,alpha_bar,tip_4l0_mean,0.36310209135969373,0.38748520612716675,1.0671522289397082,0.9370734304641534
21,alpha_bar,tip_l0_integral,0.00011954342747845243,0.00019432537374086678,1.6255630095255025,0.6151714785217076
21,alpha_bar,tip_l0_mean,0.7115679647188163,0.599769651889801,0.842884561458309,1.1864020836612064
21,alpha_bar,top1_mean,0.9643695052464804,0.9982919096946716,1.0351757332263645,0.9660195538812225
21,fatigue_f,crack_strip_mean,0.9594127863385165,0.9711851418586376,1.0122703758879938,0.987878361176746
21,fatigue_f,domain_mean,0.998186969140709,0.9984135440156168,1.0002269864082707,0.9997730651028667
21,fatigue_f,max,1.0,1.0,1.0,1.0
21,fatigue_f,p99,1.0,1.0,1.0,1.0
21,fatigue_f,p999,1.0,1.0,1.0,1.0
21,fatigue_f,right_band_mean,0.9971218563649427,0.9967911735419323,0.9996683626771397,1.000331747342661
21,fatigue_f,tip_2l0_integral,0.0005133003157381666,0.0010379483056386812,2.0221072806979072,0.4945336034074619
21,fatigue_f,tip_2l0_mean,0.8225966115575967,0.8211615831040021,0.9982554894666082,1.0017475591687695
21,fatigue_f,tip_4l0_integral,0.0022499487519529924,0.0043881831315829515,1.9503480369381465,0.5127290007017933
21,fatigue_f,tip_4l0_mean,0.8985418429693157,0.8720554484408602,0.9705229147248962,1.0303723743436386
21,fatigue_f,tip_l0_integral,0.00012411918652013002,0.00024704370388600966,1.9903748228799691,0.5024179307860476
21,fatigue_f,tip_l0_mean,0.7388046235381993,0.7624805148956768,1.0320462143889837,0.9689488571905122
21,fatigue_f,top1_mean,1.0,1.0,1.0,1.0
22,damage_alpha,crack_strip_mean,0.24310398464470914,0.2246660739183426,0.9241562792427565,1.0820680684217059
22,damage_alpha,domain_mean,0.00970908067793049,0.008522565476596355,0.8777932493617879,1.1392204265948322
22,damage_alpha,max,1.007664680480957,1.000034213066101,0.9924275728199445,1.0076302063621014
22,damage_alpha,p99,1.0002757358551024,0.9391871690750122,0.9389282728848085,1.0650440815117344
22,damage_alpha,p999,1.002850066781044,0.9992762207984924,0.9964363107697415,1.003576434531481
22,damage_alpha,right_band_mean,-2.5771276034231535e-05,-0.0004885739763267338,18.958082466610097,0.05274795073611738
22,damage_alpha,tip_2l0_integral,0.0002750031187794951,0.0005559280980378389,2.021533793889796,0.49467389712828863
22,damage_alpha,tip_2l0_mean,0.440710100383372,0.43981650471687317,0.9979723730730894,1.002031746550926
22,damage_alpha,tip_4l0_integral,0.0005731402210358053,0.0011569901835173368,2.01868607550587,0.49537172328758755
22,damage_alpha,tip_4l0_mean,0.22888986695467325,0.22992649674415588,1.0045289457470299,0.9954914731265787
22,damage_alpha,tip_l0_integral,0.00011705708134422598,0.00022417698346544057,1.915108260782708,0.5221636919843364
22,damage_alpha,tip_l0_mean,0.6967682865128613,0.6919042468070984,0.9930191430925966,1.0070299318557572
22,damage_alpha,top1_mean,1.0017440509796143,0.9772540926933289,0.9755526790877006,1.025059970041968
22,psi_plus_raw,crack_strip_mean,28.495011793655728,54.15110397338867,1.9003713479930948,0.526212943094548
22,psi_plus_raw,domain_mean,1.1436522944969945,2.170006275177002,1.8974353355636142,0.5270271830913068
22,psi_plus_raw,max,947.7797241210938,2809.6767578125,2.9644828711840217,0.33732696171747406
22,psi_plus_raw,p99,420.43752014160157,0.06144256144762039,0.00014613957723593935,6842.773319273536
22,psi_plus_raw,p999,685.0065695800848,2602.52880859375,3.799275691894639,0.263208064140593
22,psi_plus_raw,right_band_mean,0.008504097550749493,0.008535315282642841,1.003670904726463,0.9963425215285449
22,psi_plus_raw,tip_2l0_integral,0.03479780454559131,0.06640788912773132,1.9083930723481473,0.5240010637690947
22,psi_plus_raw,tip_2l0_mean,55.7657091398484,52.53788375854492,0.9421180967463575,1.0614380547975248
22,psi_plus_raw,tip_4l0_integral,0.06567977069293507,0.12694397568702698,1.9327712984948329,0.5173917890744555
22,psi_plus_raw,tip_4l0_mean,26.229940638872357,25.227338790893555,0.961776434732263,1.0397426718802665
22,psi_plus_raw,tip_l0_integral,0.01744238257761443,0.0334509015083313,1.9177942783609285,0.5214323617936043
22,psi_plus_raw,tip_l0_mean,103.82369765027184,103.24351501464844,0.994411847692251,1.0056195552383225
22,psi_plus_raw,top1_mean,585.9827629937066,1203.2423095703125,2.0533749208306236,0.48700312342155405
22,psi_plus_active,crack_strip_mean,0.006203419589084467,0.0062984260730445385,1.015315179409635,0.9849158372491388
22,psi_plus_active,domain_mean,0.004099969406929472,0.004217476584017277,1.0286605009513492,0.9721380368694601
22,psi_plus_active,max,0.3399901614327832,0.4823736548423767,1.418787099042991,0.7048273843725574
22,psi_plus_active,p99,0.034668690291848756,0.034575801342725754,0.9973206674858196,1.002686530623029
22,psi_plus_active,p999,0.10743717685001077,0.10581403970718384,0.9848922208269403,1.015339525334432
22,psi_plus_active,right_band_mean,0.00850453655451574,0.008543560281395912,1.0045885777114392,0.9954323811625526
22,psi_plus_active,tip_2l0_integral,7.135059831056575e-07,1.4043511100680917e-06,1.9682401315759286,0.5080680878096521
22,psi_plus_active,tip_2l0_mean,0.0011434390083799916,0.0011110372142866254,0.9716628575237497,1.0291635542686757
22,psi_plus_active,tip_4l0_integral,1.9122938158754505e-06,5.315258022164926e-06,2.7795195372378454,0.3597744094268006
22,psi_plus_active,tip_4l0_mean,0.0007636956211220636,0.0010562912793830037,1.3831312504202165,0.7229971846100539
22,psi_plus_active,tip_l0_integral,3.1726527691425576e-07,5.245232159722946e-07,1.6532638587930075,0.6048641266071506
22,psi_plus_active,tip_l0_mean,0.001888483642570152,0.001618898706510663,0.8572479369254189,1.1665236589388266
22,psi_plus_active,top1_mean,0.06163321063744115,0.06346379965543747,1.0297013411935458,0.9711553826285994
22,alpha_bar,crack_strip_mean,0.18406644606989017,0.15319857001304626,0.8323003637223302,1.2014893223495182
22,alpha_bar,domain_mean,0.10147115995417959,0.10512804239988327,1.036038638440272,0.965214966794552
22,alpha_bar,max,2.8136162757873535,3.51430082321167,1.2490334426389538,0.8006190754085842
22,alpha_bar,p99,0.804778847694397,0.7295719981193542,0.9065496691538276,1.1030835198841324
22,alpha_bar,p999,1.3089442464113388,1.373299479484558,1.0491657557223377,0.9531382382105221
22,alpha_bar,right_band_mean,0.1879120749024829,0.1970992535352707,1.0488908370446948,0.9533880597313183
22,alpha_bar,tip_2l0_integral,0.00031310280042066974,0.000594944809563458,1.9001580591553924,0.52627200941615
22,alpha_bar,tip_2l0_mean,0.501767278917118,0.47068414092063904,0.9380526803908764,1.066038209691284
22,alpha_bar,tip_4l0_integral,0.0009143367578585541,0.001955140847712755,2.138315922343364,0.4676577439053569
22,alpha_bar,tip_4l0_mean,0.3651504661106962,0.38854148983955383,1.0640585892659564,0.9397978739966307
22,alpha_bar,tip_l0_integral,0.00012102524425080802,0.00019484973745420575,1.6099925156970287,0.621120899786954
22,alpha_bar,tip_l0_mean,0.7203883019555192,0.6013880372047424,0.8348109423379775,1.1978760091469247
22,alpha_bar,top1_mean,0.99637304464976,1.01553475856781,1.0192314655850467,0.9811314051474973
22,fatigue_f,crack_strip_mean,0.9557676991055328,0.9691726660006157,1.0140253399519863,0.9861686494415904
22,fatigue_f,domain_mean,0.9980035940777017,0.9982494913446304,1.0002463891597064,0.9997536715329577
22,fatigue_f,max,1.0,1.0,1.0,1.0
22,fatigue_f,p99,1.0,1.0,1.0,1.0
22,fatigue_f,p999,1.0,1.0,1.0,1.0
22,fatigue_f,right_band_mean,0.9966596619505497,0.996296610476335,0.9996357317466785,1.0003644009930346
22,fatigue_f,tip_2l0_integral,0.0005123329202859639,0.0010374478538665395,2.024948647234063,0.49383968396725986
22,fatigue_f,tip_2l0_mean,0.8210462984239025,0.8207656560937199,0.9996581893972102,1.000341927477227
22,fatigue_f,tip_4l0_integral,0.0022474633262783918,0.0043864219653501025,1.9517212646195408,0.512368245470203
22,fatigue_f,tip_4l0_mean,0.8975492608208201,0.8717054551605178,0.9712062537529497,1.02964740613622
22,fatigue_f,tip_l0_integral,0.0001238317799272945,0.00024689682898174797,1.993808286747625,0.501552735359144
22,fatigue_f,tip_l0_mean,0.7370938701440188,0.7620271973212351,1.0338265290041615,0.9672802660261146
22,fatigue_f,top1_mean,1.0,1.0,1.0,1.0
23,damage_alpha,crack_strip_mean,0.2450374398475242,0.22636862099170685,0.9238123820285009,1.0824708776951082
23,damage_alpha,domain_mean,0.009786412498961741,0.008570292964577675,0.875733877504848,1.1418994122383532
23,damage_alpha,max,1.008093237876892,1.000126600265503,0.9920973206524355,1.0079656291606225
23,damage_alpha,p99,1.0004862546920776,0.939256489276886,0.9387999933751848,1.065189611266174
23,damage_alpha,p999,1.003110414147377,0.9992771148681641,0.996178586898162,1.0038360723188569
23,damage_alpha,right_band_mean,-2.583051202889538e-05,-0.0005098549299873412,19.73847554461911,0.050662473793352765
23,damage_alpha,tip_2l0_integral,0.0002751467519184522,0.0005566124455071986,2.0229657142097284,0.49432375100368425
23,damage_alpha,tip_2l0_mean,0.4409402816822936,0.44035792350769043,0.998679281075475,1.0013224655297772
23,damage_alpha,tip_4l0_integral,0.0005735073065265058,0.0011588654015213251,2.0206637096571423,0.49488690038862315
23,damage_alpha,tip_4l0_mean,0.22903646659302274,0.23029915988445282,1.0055130665880982,0.9945171606702187
23,damage_alpha,tip_l0_integral,0.0001171099269413597,0.0002242818591184914,1.9151396040985986,0.5221551462148741
23,damage_alpha,tip_l0_mean,0.6970828436139079,0.6922279000282288,0.9930353420254764,1.0070135046355126
23,damage_alpha,top1_mean,1.002037041982015,0.9775869250297546,0.9755995877119489,1.0250106832714811
23,psi_plus_raw,crack_strip_mean,28.83549680249464,54.6695671081543,1.8959120934384137,0.5274506151740435
23,psi_plus_raw,domain_mean,1.1572258840973828,2.1907079219818115,1.893068546155557,0.5282428901112955
23,psi_plus_raw,max,992.8487548828124,2807.02880859375,2.827247145941245,0.35370094950333064
23,psi_plus_raw,p99,428.51761535644533,0.06074348837137222,0.00014175260524785,7054.544064650743
23,psi_plus_raw,p999,713.9165569458212,2603.597900390625,3.6469218637104825,0.2742038457008704
23,psi_plus_raw,right_band_mean,0.008499032151765399,0.008531889878213406,1.0038660550826581,0.9961488337382424
23,psi_plus_raw,tip_2l0_integral,0.03646712960856502,0.06980592012405396,1.9142148250587474,0.5224074053283492
23,psi_plus_raw,tip_2l0_mean,58.44090940426984,55.226200103759766,0.9449921410655667,1.0582098586263446
23,psi_plus_raw,tip_4l0_integral,0.06887181827697197,0.13375850021839142,1.9421369083138464,0.5148967591930452
23,psi_plus_raw,tip_4l0_mean,27.504720038410518,26.58157730102539,0.9664369338754966,1.03472866666003
23,psi_plus_raw,tip_l0_integral,0.018274596142677322,0.0351613312959671,1.9240551759091178,0.5197356149246078
23,psi_plus_raw,tip_l0_mean,108.77734943351125,108.52262115478516,0.9976582599221928,1.0023472366960504
23,psi_plus_raw,top1_mean,590.0824744330512,1214.7642822265625,2.0586347415142314,0.48575882833127
23,psi_plus_active,crack_strip_mean,0.006185605692995224,0.00625585438683629,1.011356801148935,0.9887707274662778
23,psi_plus_active,domain_mean,0.00405344176688619,0.004179026000201702,1.0309821234737966,0.9699489227132229
23,psi_plus_active,max,0.344828656857567,0.46618402004241943,1.3519294605348848,0.7396835627831903
23,psi_plus_active,p99,0.03452343595437321,0.03477156534790993,1.0071872739974275,0.9928640142871327
23,psi_plus_active,p999,0.10238136229537513,0.1071157231926918,1.0462424096649332,0.9558014383303937
23,psi_plus_active,right_band_mean,0.008499471213391063,0.008540491573512554,1.0048262249605437,0.9951969556121674
23,psi_plus_active,tip_2l0_integral,7.655854254584391e-07,1.3741396287514362e-06,1.7948873934330576,0.5571380152641849
23,psi_plus_active,tip_2l0_mean,0.0012268996482777078,0.0010871357517316937,0.8860836770617619,1.1285615860975824
23,psi_plus_active,tip_4l0_integral,2.023910836215189e-06,5.105022864881903e-06,2.522355616430486,0.39645480339332606
23,psi_plus_active,tip_4l0_mean,0.0008082711089307335,0.001014511683024466,1.25516262033239,0.796709513015279
23,psi_plus_active,tip_l0_integral,3.5589753532941483e-07,4.957265673510847e-07,1.392891262627727,0.7179311313314386
23,psi_plus_active,tip_l0_mean,0.002118437543615201,0.0015300201484933496,0.7222399136121366,1.384581468225292
23,psi_plus_active,top1_mean,0.06154526211495441,0.06331639736890793,1.0287777676638274,0.972027226318103
23,alpha_bar,crack_strip_mean,0.19263440529301273,0.15945443511009216,0.827756780350576,1.208084335565907
23,alpha_bar,domain_mean,0.10561989551300568,0.10930706560611725,1.0349098062936215,0.9662677790070945
23,alpha_bar,max,2.971090793609619,3.6753623485565186,1.2370414113434987,0.8083803750061545
23,alpha_bar,p99,0.8518519932031654,0.7453820705413818,0.8750135897887245,1.142839393204686
23,alpha_bar,p999,1.3380254372358327,1.3995634317398071,1.0459916476857891,0.9560305784586869
23,alpha_bar,right_band_mean,0.19641154494160085,0.20563974976539612,1.0469840244194357,0.9551244113342714
23,alpha_bar,tip_2l0_integral,0.00031573186158767965,0.0005963188596069813,1.8886876243922623,0.5294681804894961
23,alpha_bar,tip_2l0_mean,0.5059805177195332,0.4717712104320526,0.9323900701915109,1.072512494469833
23,alpha_bar,tip_4l0_integral,0.0009197749442481878,0.0019602454267442226,2.1312229029531804,0.4692141768063424
23,alpha_bar,tip_4l0_mean,0.3673222658091163,0.3895559310913086,1.0605290431638204,0.9429256147636964
23,alpha_bar,tip_l0_integral,0.00012260768957028,0.00019534530292730778,1.5932549060500307,0.6276459568413835
23,alpha_bar,tip_l0_mean,0.7298076185922154,0.6029175519943237,0.8261321704990418,1.2104600640305896
23,alpha_bar,top1_mean,1.031827998691135,1.0312522649765015,0.999442025497114,1.0005582860122462
23,fatigue_f,crack_strip_mean,0.952085581239958,0.9671075346929071,1.0157779444925372,0.9844671322329019
23,fatigue_f,domain_mean,0.997815072788407,0.9980765781078397,1.0002620779406568,0.9997379907261941
23,fatigue_f,max,1.0,1.0,1.0,1.0
23,fatigue_f,p99,1.0,1.0,1.0,1.0
23,fatigue_f,p999,1.0,1.0,1.0,1.0
23,fatigue_f,right_band_mean,0.9961822288886352,0.9957846143127748,0.9996008616051061,1.000399297769965
23,fatigue_f,tip_2l0_integral,0.0005113605350905411,0.0010369557232455145,2.0278368237038706,0.4931363255222316
23,fatigue_f,tip_2l0_mean,0.8194879889073123,0.8203763122722025,1.001083998029153,0.9989171757501996
23,fatigue_f,tip_4l0_integral,0.002245063044318719,0.004384739769713249,1.9530586371768597,0.5120173972070275
23,fatigue_f,tip_4l0_mean,0.8965906817537111,0.8713711555594134,0.9718717507246797,1.0289423468213232
23,fatigue_f,tip_l0_integral,0.00012350024721138043,0.00024676086016283067,1.9980596455040285,0.5004855597029693
23,fatigue_f,tip_l0_mean,0.7351204612759886,0.7616075405017046,1.0360309372694387,0.9652221415661565
23,fatigue_f,top1_mean,1.0,1.0,1.0,1.0
24,damage_alpha,crack_strip_mean,0.247116975499582,0.22812049090862274,0.9231275611375739,1.0832739072027011
24,damage_alpha,domain_mean,0.009869590733566453,0.008620116859674454,0.8734016528524793,1.1449486003765368
24,damage_alpha,max,1.0085121393203735,1.0001353025436401,0.9916938661914586,1.008375703522742
24,damage_alpha,p99,1.000673063993454,0.9393576979637146,0.9387258753772746,1.0652737143291158
24,damage_alpha,p999,1.0033332206010819,0.9992733001708984,0.9959535672229101,1.0040628729192396
24,damage_alpha,right_band_mean,-2.5861805653101983e-05,-0.0005310412961989641,20.53380584952577,0.04870017800538886
24,damage_alpha,tip_2l0_integral,0.0002752879304394234,0.0005572439986281097,2.0242224122889043,0.4940168599700676
24,damage_alpha,tip_2l0_mean,0.44116652929877653,0.44085755944252014,0.9992996525444768,1.0007008382858333
24,damage_alpha,tip_4l0_integral,0.0005738641100296875,0.0011605159379541874,2.022283529621936,0.49449050311305714
24,damage_alpha,tip_4l0_mean,0.22917896000628316,0.2306271642446518,1.0063190976969654,0.9937205825553473
24,damage_alpha,tip_l0_integral,0.0001171625721476782,0.00022436442668549716,1.914983791945911,0.5221976312310455
24,damage_alpha,tip_l0_mean,0.6973962079125767,0.6924827694892883,0.992954595440094,1.0070953944845618
24,damage_alpha,top1_mean,1.0023357394006518,0.977912187576294,0.9756333622913995,1.0249751993426837
24,psi_plus_raw,crack_strip_mean,29.229263669338422,55.22193145751953,1.8892686480996608,0.5293053483981008
24,psi_plus_raw,domain_mean,1.1729254967629186,2.212764263153076,1.886534370051586,0.5300725053700748
24,psi_plus_raw,max,1041.5491943359375,2810.31787109375,2.6982094426039374,0.3706161516635042
24,psi_plus_raw,p99,436.78526519775704,0.06219625845551491,0.0001423955050941455,7022.693583893993
24,psi_plus_raw,p999,743.5497413330463,2606.8359375,3.5059334871483223,0.2852307391642464
24,psi_plus_raw,right_band_mean,0.00849328121771792,0.008527597412467003,1.004040393090658,0.9959758659925815
24,psi_plus_raw,tip_2l0_integral,0.03827283713978946,0.0730893537402153,1.9096925966909744,0.5236444869361452
24,psi_plus_raw,tip_2l0_mean,61.33467130370131,57.8238525390625,0.9427596383902533,1.0607157532830782
24,psi_plus_raw,tip_4l0_integral,0.07233223557912896,0.14048725366592407,1.9422495729754665,0.514866891420154
24,psi_plus_raw,tip_4l0_mean,28.8866758440368,27.91876983642578,0.9664929944574835,1.0346686481274754
24,psi_plus_raw,tip_l0_integral,0.019172620153457134,0.03676418215036392,1.9175356240359638,0.5215026972459755
24,psi_plus_raw,tip_l0_mean,114.12273002948254,113.46968841552734,0.99427772527185,1.0057552076071958
24,psi_plus_raw,top1_mean,594.8814118109809,1227.0391845703125,2.0626618351292425,0.48481044394625256
24,psi_plus_active,crack_strip_mean,0.006197685490884035,0.006214598193764687,1.002728874013618,0.9972785524738156
24,psi_plus_active,domain_mean,0.004002857821148911,0.004139242693781853,1.0340718753267624,0.9670507668376573
24,psi_plus_active,max,0.34434250504783176,0.4103146195411682,1.1915886465546053,0.839215783812165
24,psi_plus_active,p99,0.034577989364415605,0.03469458222389221,1.003371880829965,0.9966394505423295
24,psi_plus_active,p999,0.10316625783347355,0.11134050041437149,1.079233683110736,0.926583385646048
24,psi_plus_active,right_band_mean,0.008493719924683904,0.008536549285054207,1.005042473821845,0.9949828251509907
24,psi_plus_active,tip_2l0_integral,8.227139415986683e-07,1.3513035810319707e-06,1.6424950553362034,0.608829838939947
24,psi_plus_active,tip_2l0_mean,0.0013184517521034873,0.0010690692579373717,0.8108520135315948,1.2332706626016599
24,psi_plus_active,tip_4l0_integral,2.1514215501167918e-06,5.010157110518776e-06,2.3287658851640654,0.429411993009142
24,psi_plus_active,tip_4l0_mean,0.000859193918513853,0.0009956591529771686,1.158829376608437,0.8629398082112094
24,psi_plus_active,tip_l0_integral,3.995817651481708e-07,4.809804750038893e-07,1.203709770953974,0.8307650433106245
24,psi_plus_active,tip_l0_mean,0.002378462700648984,0.0014845075784251094,0.6241458308427744,1.6021896655942016
24,psi_plus_active,top1_mean,0.061673737225293485,0.06336293369531631,1.0273892348026878,0.973340936545877
24,alpha_bar,crack_strip_mean,0.20136115823327774,0.1656690388917923,0.8227457586426078,1.2154423034034618
24,alpha_bar,domain_mean,0.10972391565558669,0.11344631761312485,1.0339251651319339,0.9671879878002536
24,alpha_bar,max,3.150167942047119,3.8351328372955322,1.2174375804241384,0.8213973480690598
24,alpha_bar,p99,0.8959420061111453,0.7649765014648438,0.853823680826441,1.1712019969182286
24,alpha_bar,p999,1.372747000455861,1.4039283990859985,1.022714599718508,0.9777898939501206
24,alpha_bar,right_band_mean,0.20490526357821606,0.21417628228664398,1.0452453907065642,0.9567131401785189
24,alpha_bar,tip_2l0_integral,0.00031852639611484,0.0005976702668704093,1.8763602456825212,0.5329466994949323
24,alpha_bar,tip_2l0_mean,0.5104589381732924,0.4728403687477112,0.9263044162568659,1.0795587092642103
24,alpha_bar,tip_4l0_integral,0.0009255493838050342,0.001965255942195654,2.1233399066360703,0.47095615585366324
24,alpha_bar,tip_4l0_mean,0.3696283519175309,0.3905516564846039,1.0566063302734452,0.946426281339053
24,alpha_bar,tip_l0_integral,0.00012429918675779613,0.000195826287381351,1.5754430297515092,0.6347420891237988
24,alpha_bar,tip_l0_mean,0.7398760534400068,0.6044020652770996,0.8168963740169323,1.2241454752488257
24,alpha_bar,top1_mean,1.0689114064640468,1.0458197593688965,0.9783970430519239,1.022079949138736
24,fatigue_f,crack_strip_mean,0.948356367393531,0.9650124297109652,1.0175630837627123,0.9827400541126471
24,fatigue_f,domain_mean,0.9976212758357641,0.9978961302999594,1.000275509826076,0.9997245660586812
24,fatigue_f,max,1.0,1.0,1.0,1.0
24,fatigue_f,p99,1.0,1.0,1.0,1.0
24,fatigue_f,p999,1.0,1.0,1.0,1.0
24,fatigue_f,right_band_mean,0.9956873819346715,0.9952332241296602,0.9995438751025157,1.0004563330423464
24,fatigue_f,tip_2l0_integral,0.0005104194883185296,0.0010364786692915215,2.0306408611199074,0.4924553716743864
24,fatigue_f,tip_2l0_mean,0.8179799012201645,0.8199988961928479,1.0024682696600145,0.9975378076945501
24,fatigue_f,tip_4l0_integral,0.0022427770551293824,0.004383130146955706,1.9543316340477053,0.511683883419957
24,fatigue_f,tip_4l0_mean,0.8956777467646756,0.8710512782312437,0.9725052133734634,1.0282721226050415
24,fatigue_f,tip_l0_integral,0.0001231582927127607,0.00024662839821298216,2.0025318050501726,0.4993678489790306
24,fatigue_f,tip_l0_mean,0.7330850179919725,0.7611987073513923,1.0383498348342015,0.9630665566193064
24,fatigue_f,top1_mean,1.0,1.0,1.0,1.0
25,damage_alpha,crack_strip_mean,0.2492117504754538,0.22981640696525574,0.9221732383276671,1.0843949471071936
25,damage_alpha,domain_mean,0.009953405372020361,0.00866781361401081,0.8708390033401605,1.148317882139447
25,damage_alpha,max,1.0088858604431152,1.000131607055664,0.9913228505515914,1.0087531014175457
25,damage_alpha,p99,1.0009584438800812,0.9394527673721313,0.938553216785373,1.0654696847399743
25,damage_alpha,p999,1.003570088505745,0.9992742538452148,0.9957194472914926,1.0042989546103083
25,damage_alpha,right_band_mean,-2.5873525787488307e-05,-0.0005521260900422931,21.339422179148286,0.04686162500581413
25,damage_alpha,tip_2l0_integral,0.00027542162078837793,0.000557649414986372,2.024711834133188,0.4938974441407937
25,damage_alpha,tip_2l0_mean,0.4413807766402958,0.4411783218383789,0.9995413148631938,1.000458895625409
25,damage_alpha,tip_4l0_integral,0.0005741997900384589,0.0011617123382166028,2.023184888553849,0.49427020024590507
25,damage_alpha,tip_4l0_mean,0.2293130175191344,0.23086492717266083,1.006767647429335,0.9932778457406578
25,damage_alpha,tip_l0_integral,0.00011721173697919242,0.00022443736088462174,1.914802789113723,0.5222469936253099
25,damage_alpha,tip_l0_mean,0.6976888556961833,0.6927078366279602,0.9928606870705239,1.0071906492244556
25,damage_alpha,top1_mean,1.0026577591896058,0.9782476425170898,0.9756545875710918,1.0249529010974228
25,psi_plus_raw,crack_strip_mean,29.59192755753459,55.76527404785156,1.884475890914136,0.5306515221666818
25,psi_plus_raw,domain_mean,1.1873836457272753,2.2344610691070557,1.8818358136796158,0.5313959872220027
25,psi_plus_raw,max,1086.9852294921875,2806.161865234375,2.5816007330157964,0.3873565680436616
25,psi_plus_raw,p99,443.82840850830513,0.062777578830719,0.00014144560741776913,7069.855460738577
25,psi_plus_raw,p999,770.7936732788258,2611.56591796875,3.388151730487863,0.2951461680424829
25,psi_plus_raw,right_band_mean,0.008487685107103491,0.008524042554199696,1.0042835527752763,0.995734717786188
25,psi_plus_raw,tip_2l0_integral,0.03990032613804223,0.07630085945129395,1.9122866110747476,0.5229341638479484
25,psi_plus_raw,tip_2l0_mean,63.942826596543355,60.364601135253906,0.9440402363838748,1.059276884034602
25,psi_plus_raw,tip_4l0_integral,0.0754557905469598,0.14694428443908691,1.9474222372322287,0.5134993227874654
25,psi_plus_raw,tip_4l0_mean,30.134101962064808,29.201963424682617,0.9690669880072869,1.0319204063037184
25,psi_plus_raw,tip_l0_integral,0.019978826965232982,0.038347624242305756,1.9194132022384511,0.5209925610774082
25,psi_plus_raw,tip_l0_mean,118.92157972200278,118.35685729980469,0.9952513040650972,1.004771353642549
25,psi_plus_raw,top1_mean,599.1385467529296,1239.1141357421875,2.0681595975716256,0.4835216784885324
25,psi_plus_active,crack_strip_mean,0.0061821562148841065,0.006169659085571766,0.9979785160908338,1.00202557858368
25,psi_plus_active,domain_mean,0.003953825212691066,0.004100747872143984,1.0371596243003667,0.964171740366934
25,psi_plus_active,max,0.3417535977975849,0.4068947434425354,1.1906085146279353,0.8399066424554334
25,psi_plus_active,p99,0.034517388073624214,0.03491164743900299,1.0114220509540826,0.9887069389644926
25,psi_plus_active,p999,0.10065777194413392,0.11134061217308044,1.1061303069064117,0.9040526181736821
25,psi_plus_active,right_band_mean,0.008488123221820304,0.00853334553539753,1.005327716433354,0.9947005177055543
25,psi_plus_active,tip_2l0_integral,8.79002386729294e-07,1.3645843637277721e-06,1.5524239573515772,0.6441539344097678
25,psi_plus_active,tip_2l0_mean,0.0014086575883646855,0.00107957620639354,0.7663865337543263,1.3048245969318677
25,psi_plus_active,tip_4l0_integral,2.2761903560791794e-06,5.0485177780501544e-06,2.2179681785254592,0.45086309609041186
25,psi_plus_active,tip_4l0_mean,0.0009090217169280219,0.0010032824939116836,1.1036947470322378,0.906047621127974
25,psi_plus_active,tip_l0_integral,4.4336606618572034e-07,4.796355597136426e-07,1.0818048477186104,0.9243811414867232
25,psi_plus_active,tip_l0_mean,0.002639083519652528,0.0014803565572947264,0.5609358499914531,1.7827350489636862
25,psi_plus_active,top1_mean,0.06155263568159532,0.06335854530334473,1.0293392736436366,0.9714969841383958
25,alpha_bar,crack_strip_mean,0.21019135248759996,0.1718387007713318,0.8175345880676478,1.2231898375867296
25,alpha_bar,domain_mean,0.1137836620428557,0.11754705011844635,1.0330749424655818,0.9679839853760815
25,alpha_bar,max,3.3444924354553223,3.9959909915924072,1.194797437491704,0.836961955743183
25,alpha_bar,p99,0.9367059987783433,0.7809876203536987,0.8337596015956626,1.1993864875273206
25,alpha_bar,p999,1.4028753108978573,1.4120813608169556,1.0065622723898435,0.9934805102775579
25,alpha_bar,right_band_mean,0.21339338610089198,0.22270962595939636,1.043657584842389,0.9581686699963167
25,alpha_bar,tip_2l0_integral,0.0003214844460994711,0.0005990349454805255,1.8633403660691472,0.5366706041524626
25,alpha_bar,tip_2l0_mean,0.5151994026140286,0.4739200174808502,0.9198768769456365,1.0871020079561133
25,alpha_bar,tip_4l0_integral,0.0009316507050118904,0.0019703044090420008,2.1148531294428143,0.47284607431035314
25,alpha_bar,tip_4l0_mean,0.37206498181721087,0.39155492186546326,1.0523831615463006,0.9502242496265976
25,alpha_bar,tip_l0_integral,0.00012610077431998094,0.00019630597671493888,1.556738868365805,0.6423684924432801
25,alpha_bar,tip_l0_mean,0.750599788085457,0.6058825850486755,0.807197916474358,1.2388535445777091
25,alpha_bar,top1_mean,1.1112623820039962,1.059736728668213,0.9536332245469658,1.048621182923929
25,fatigue_f,crack_strip_mean,0.9445718589874703,0.9628758862940104,1.0193781205022994,0.9809902526721382
25,fatigue_f,domain_mean,0.9974210513687146,0.9977032160430251,1.000282894244034,0.9997171857624859
25,fatigue_f,max,1.0,1.0,1.0,1.0
25,fatigue_f,p99,1.0,1.0,1.0,1.0
25,fatigue_f,p999,1.0,1.0,1.0,1.0
25,fatigue_f,right_band_mean,0.9951714597663371,0.9945853423355168,0.999411038746069,1.0005893083337063
25,fatigue_f,tip_2l0_integral,0.0005095241344074829,0.0010359899391303735,2.0332499859601527,0.491823438782799
25,fatigue_f,tip_2l0_mean,0.8165450392674446,0.8196122426084076,1.0037563186272183,0.9962577384993645
25,fatigue_f,tip_4l0_integral,0.002240621213128619,0.004381502658652161,1.9554856630738544,0.5113819133954102
25,fatigue_f,tip_4l0_mean,0.8948167874904542,0.8707278505164419,0.9730794758091534,1.0276652882524946
25,fatigue_f,tip_l0_integral,0.0001228176745204711,0.0002464972976034146,2.0070181149890503,0.4982516064661707
25,fatigue_f,tip_l0_mean,0.7310575289116765,0.7607940758683235,1.0406760696397117,0.9609138032223667
25,fatigue_f,top1_mean,1.0,1.0,1.0,1.0
26,damage_alpha,crack_strip_mean,0.2513929120960286,0.2317490428686142,0.9218598922951705,1.0847635398371467
26,damage_alpha,domain_mean,0.010040699356700211,0.008724965155124664,0.868959904600913,1.1508010838075087
26,damage_alpha,max,1.0092413425445557,1.0001362562179565,0.9909782864189423,1.0091038458709918
26,damage_alpha,p99,1.0014724791049958,0.9396345019340515,0.9382529440786949,1.0658106711105892
26,damage_alpha,p999,1.00378311419487,0.9992734789848328,0.9955073609565006,1.004512913936852
26,damage_alpha,right_band_mean,-2.587065296791873e-05,-0.0005731737473979592,22.15536454022755,0.04513579535937211
26,damage_alpha,tip_2l0_integral,0.00027555252285161463,0.0005581931909546256,2.0257233908731562,0.4936508135836679
26,damage_alpha,tip_2l0_mean,0.4415905555754782,0.4416085183620453,1.0000406774699782,0.9999593241846111
26,damage_alpha,tip_4l0_integral,0.0005745298560442507,0.0011631627567112446,2.0245471048621306,0.4939376305932377
26,damage_alpha,tip_4l0_mean,0.22944483301799332,0.23115316033363342,1.0074454817446516,0.9926095437623504
26,damage_alpha,tip_l0_integral,0.00011725991094309438,0.00022452851408161223,1.9147934897424128,0.5222495299660356
26,damage_alpha,tip_l0_mean,0.6979756054587526,0.6929891705513,0.9928558607658284,1.0071955452110248
26,damage_alpha,top1_mean,1.0029823933707342,0.978608250617981,0.9756983343737083,1.024906945897259
26,psi_plus_raw,crack_strip_mean,29.97427565904434,56.37375259399414,1.8807377777946106,0.5317062334828087
26,psi_plus_raw,domain_mean,1.202626252091439,2.2587571144104004,1.8781871013394948,0.532428318396402
26,psi_plus_raw,max,1133.41357421875,2804.52001953125,2.4744012982766472,0.4041381649356847
26,psi_plus_raw,p99,449.94721008301195,0.06546980887651443,0.00014550553355900515,6872.590859882877
26,psi_plus_raw,p999,794.7935264282518,2613.005126953125,3.2876527551700034,0.30416837618493875
26,psi_plus_raw,right_band_mean,0.00848158219273598,0.00852003414183855,1.004533582087491,0.9954868785192129
26,psi_plus_raw,tip_2l0_integral,0.04156636892194352,0.08002648502588272,1.9252700464686372,0.5194076549594779
26,psi_plus_raw,tip_2l0_mean,66.61276679865745,63.31208801269531,0.9504497569371543,1.0521334691299438
26,psi_plus_raw,tip_4l0_integral,0.07866407605679929,0.15437841415405273,1.962502096161201,0.5095535958693108
26,psi_plus_raw,tip_4l0_mean,31.415366156318395,30.67933464050293,0.9765709712835089,1.0239911172924772
26,psi_plus_raw,tip_l0_integral,0.02080293410356114,0.0402074009180069,1.932775478586168,0.5173906700904047
26,psi_plus_raw,tip_l0_mean,123.82697896895105,124.09690856933594,1.0021798932884616,0.9978248483101086
26,psi_plus_raw,top1_mean,603.5963280571832,1252.6368408203125,2.0752890343985673,0.4818605907055288
26,psi_plus_active,crack_strip_mean,0.006192730974912633,0.00612979382276535,0.9898369310079435,1.0102674174641146
26,psi_plus_active,domain_mean,0.0039029252949489227,0.00405639735981822,1.0393223167934875,0.9621654262993172
26,psi_plus_active,max,0.33712276931923263,0.46159428358078003,1.3692171683120022,0.7303443333483903
26,psi_plus_active,p99,0.03446049779104213,0.03504966199398041,1.0170967989641586,0.9831905881705945
26,psi_plus_active,p999,0.1011386709063702,0.10850489139556885,1.0728328780988032,0.9321116274625434
26,psi_plus_active,right_band_mean,0.008482019550939798,0.00852968543767929,1.0056196388670446,0.9944117649955845
26,psi_plus_active,tip_2l0_integral,9.377670891173267e-07,1.317056558036711e-06,1.4044602048003099,0.7120173263593345
26,psi_plus_active,tip_2l0_mean,0.00150283178538241,0.0010419751051813364,0.6933411412483506,1.4422914500638382
26,psi_plus_active,tip_4l0_integral,2.404564954946695e-06,5.035958110966021e-06,2.0943323242759564,0.47747914139925995
26,psi_plus_active,tip_4l0_mean,0.0009602895284978358,0.001000786549411714,1.0421716781367252,0.9595348069599023
26,psi_plus_active,tip_l0_integral,4.899044869474063e-07,4.473205308386241e-07,0.9130770236987975,1.09519785740428
26,psi_plus_active,tip_l0_mean,0.002916097907152751,0.0013806187780573964,0.4734473333940351,2.112167350972768
26,psi_plus_active,top1_mean,0.06156386731589348,0.06339401006698608,1.0297275468693652,0.9711306675637216
26,alpha_bar,crack_strip_mean,0.2191902450427175,0.17796850204467773,0.8119362337954129,1.2316238127783496
26,alpha_bar,domain_mean,0.11779883344395317,0.12160346657037735,1.0322977148006678,0.9687127905665233
26,alpha_bar,max,3.5518484115600586,4.156615734100342,1.1702683370641527,0.8545048757866045
26,alpha_bar,p99,0.992520352602005,0.7940940856933594,0.8000783899408727,1.2498775277181302
26,alpha_bar,p999,1.4284520207643958,1.4241958856582642,0.997020456379169,1.0029884478315034
26,alpha_bar,right_band_mean,0.22187540411095794,0.23123933374881744,1.0422035496696005,0.9595054635124013
26,alpha_bar,tip_2l0_integral,0.00032460759103671564,0.0006003523012623191,1.849470923785065,0.5406951724082439
26,alpha_bar,tip_2l0_mean,0.5202044422838097,0.4749622344970703,0.9130299472489771,1.0952543265563959
26,alpha_bar,tip_4l0_integral,0.0009380775496744833,0.001975340535864234,2.105732662027447,0.47489409174912905
26,alpha_bar,tip_4l0_mean,0.3746316130982973,0.39255574345588684,1.0478446818979117,0.9543399105569226
26,alpha_bar,tip_l0_integral,0.00012801455732896973,0.0001967534190043807,1.5369612886975577,0.6506344742406712
26,alpha_bar,tip_l0_mean,0.7619913527188626,0.6072636246681213,0.796942934458958,1.2547949881491787
26,alpha_bar,top1_mean,1.1569824714130825,1.0724425315856934,0.926930664970113,1.0788293426803859
26,fatigue_f,crack_strip_mean,0.9407485365595172,0.9607461879780027,1.0212571698401152,0.9791852919441993
26,fatigue_f,domain_mean,0.997215508669459,0.9974959216187994,1.0002811959369893,0.9997188831119376
26,fatigue_f,max,1.0,1.0,1.0,1.0
26,fatigue_f,p99,1.0,1.0,1.0,1.0
26,fatigue_f,p999,1.0,1.0,1.0,1.0
26,fatigue_f,right_band_mean,0.9946430539007999,0.9937759853627324,0.999128261606345,1.0008724989845181
26,fatigue_f,tip_2l0_integral,0.0005086707212301209,0.0010355232555500802,2.035743777518528,0.49122095375821373
26,fatigue_f,tip_2l0_mean,0.8151773900250178,0.819243030938115,1.0049874309111695,0.9950373201119066
26,fatigue_f,tip_4l0_integral,0.002238585913072651,0.004379892511127876,1.956544301271019,0.5111052171680321
26,fatigue_f,tip_4l0_mean,0.8940039679710329,0.8704078689023564,0.9736062703141817,1.0271092437369997
26,fatigue_f,tip_l0_integral,0.00012247498874736758,0.0002463754445203502,2.0116388418581965,0.4971071243962844
26,fatigue_f,tip_l0_mean,0.729017732803695,0.76041798613175,1.0430720021134388,0.9587065878231151
26,fatigue_f,top1_mean,1.0,1.0,1.0,1.0
27,damage_alpha,crack_strip_mean,0.2535569516574544,0.23352967202663422,0.9210146694858666,1.0857590363443668
27,damage_alpha,domain_mean,0.010127322071121624,0.008776097558438778,0.8665763265754227,1.1539664416541902
27,damage_alpha,max,1.009564995765686,1.0001384019851685,0.9906627172890754,1.0094252893017674
27,damage_alpha,p99,1.0020705628395081,0.9396899938583374,0.9377483270195998,1.0663842005223851
27,damage_alpha,p999,1.0039718219041824,0.9992794990539551,0.9953262404901687,1.0046957061109227
27,damage_alpha,right_band_mean,-2.585743071921692e-05,-0.0005940593546256423,22.97441540408517,0.04352667880385701
27,damage_alpha,tip_2l0_integral,0.00027567249823330815,0.0005587809137068689,2.026973736182996,0.49334630348151676
27,damage_alpha,tip_2l0_mean,0.4417828238040873,0.4420734941959381,1.0006579486032252,0.9993424840085029
27,damage_alpha,tip_4l0_integral,0.0005748467706334971,0.0011646503116935492,2.0260187082725927,0.4935788578441172
27,damage_alpha,tip_4l0_mean,0.22957139635364177,0.23144878447055817,1.0081777963053566,0.9918885375820359
27,damage_alpha,tip_l0_integral,0.00011730262398906044,0.0002246179064968601,1.9148583284701952,0.5222318461538159
27,damage_alpha,tip_l0_mean,0.6982298497599753,0.6932650804519653,0.992889491462279,1.007161429946498
27,damage_alpha,top1_mean,1.00329350233078,0.9789488315582275,0.97573524525376,1.024868174911453
27,psi_plus_raw,crack_strip_mean,30.353885466209782,56.88644790649414,1.874107615310753,0.5335872880673324
27,psi_plus_raw,domain_mean,1.2177592969373023,2.2792272567749023,1.8716566258268121,0.5342860363386611
27,psi_plus_raw,max,1177.8046875,2801.7021484375,2.37874936156382,0.4203889725240271
27,psi_plus_raw,p99,457.0827584838867,0.06593544781208038,0.0001442527563953274,6932.276547003934
27,psi_plus_raw,p999,817.8235279541566,2613.891357421875,3.1961557329619863,0.31287586824602753
27,psi_plus_raw,right_band_mean,0.00847533795014152,0.008516298606991768,1.0048329231342998,0.9951903216713632
27,psi_plus_raw,tip_2l0_integral,0.04315613173802434,0.0832371711730957,1.9287449505062206,0.5184718693560487
27,psi_plus_raw,tip_2l0_mean,69.16046346977235,65.85218811035156,0.9521652228246458,1.0502378957230238
27,psi_plus_raw,tip_4l0_integral,0.08172693150363504,0.16044120490550995,1.9631375111443388,0.5093886670308116
27,psi_plus_raw,tip_4l0_mean,32.63855125133869,31.88418197631836,0.9768871703522873,1.023659671607088
27,psi_plus_raw,tip_l0_integral,0.021586433652417292,0.041777148842811584,1.9353427951788273,0.5167043288099249
27,psi_plus_raw,tip_l0_mean,128.490666392822,128.94180297851562,1.0035110455752048,0.9965012387350533
27,psi_plus_raw,top1_mean,608.0149206542969,1264.0296630859375,2.0789451379345922,0.4810131743031412
27,psi_plus_active,crack_strip_mean,0.0061927674505853165,0.006091223563998938,0.983602825813073,1.0166705236672868
27,psi_plus_active,domain_mean,0.003851574083165359,0.004016796126961708,1.042897277899576,0.9588672069544834
27,psi_plus_active,max,0.3365147061752207,0.44435280561447144,1.3204558298949949,0.7573142375232058
27,psi_plus_active,p99,0.034516639330940915,0.03487544506788254,1.0103951527117527,0.9897117947529205
27,psi_plus_active,p999,0.1022413935282023,0.1088043823838234,1.0641911131014734,0.9396808408647623
27,psi_plus_active,right_band_mean,0.008475774411233747,0.00852629728615284,1.0059608564914293,0.9940744647736897
27,psi_plus_active,tip_2l0_integral,9.941409993236616e-07,1.300016492677969e-06,1.307678180019134,0.7647141439534977
27,psi_plus_active,tip_2l0_mean,0.0015931745848979243,0.0010284939780831337,0.6455626318875969,1.5490363763405013
27,psi_plus_active,tip_4l0_integral,2.529987940411731e-06,5.116478860145435e-06,2.0223332998625985,0.494478333550628
27,psi_plus_active,tip_4l0_mean,0.0010103785807096444,0.0010167883010581136,1.0063438798791313,0.9936961112339717
27,psi_plus_active,tip_l0_integral,5.346793528452902e-07,4.3621739109767077e-07,0.8158485806050764,1.2257176439019448
27,psi_plus_active,tip_l0_mean,0.003182614945099133,0.0013463498326018453,0.42303258667061555,2.3638840872053826
27,psi_plus_active,top1_mean,0.061512658771953665,0.06329752504825592,1.029016243354385,0.9718019578973818
27,alpha_bar,crack_strip_mean,0.22834360293711703,0.1840597540140152,0.806064858601285,1.240594958742202
27,alpha_bar,domain_mean,0.12176883080632887,0.12562024593353271,1.0316289078387346,0.9693408088912541
27,alpha_bar,max,3.7719624042510986,4.321356296539307,1.145652006411577,0.8728654027606606
27,alpha_bar,p99,1.0364305031299619,0.8087916970252991,0.7803626915483417,1.2814554191665277
27,alpha_bar,p999,1.4715440604687064,1.428981900215149,0.9710765301583965,1.0297849540621538
27,alpha_bar,right_band_mean,0.23035117692432672,0.23976562917232513,1.0408699984679965,0.9607347713661158
27,alpha_bar,tip_2l0_integral,0.00032789390195449823,0.0006016524275764823,1.8348997160062266,0.5449889120788368
27,alpha_bar,tip_2l0_mean,0.5254709658814138,0.47599080204963684,0.9058365408471617,1.1039519327237277
27,alpha_bar,tip_4l0_integral,0.0009448128972711705,0.0019804569892585278,2.096136700693362,0.4770681223553879
27,alpha_bar,tip_4l0_mean,0.3773214484277967,0.39357250928878784,1.043069539059349,0.9587088516666016
27,alpha_bar,tip_l0_integral,0.0001300410924399893,0.00019718983094207942,1.5163655367865938,0.6594715955620768
27,alpha_bar,tip_l0_mean,0.7740540607639314,0.6086105704307556,0.7862636491178719,1.2718380165761498
27,alpha_bar,top1_mean,1.2067078839408028,1.0847328901290894,0.898919203698766,1.112447031819232
27,fatigue_f,crack_strip_mean,0.9370086662552343,0.9585434052711436,1.0229824331315667,0.9775338926776949
27,fatigue_f,domain_mean,0.997005970165091,0.9972633156714987,1.0002581183203598,0.9997419482875147
27,fatigue_f,max,1.0,1.0,1.0,1.0
27,fatigue_f,p99,1.0,1.0,1.0,1.0
27,fatigue_f,p999,1.0,1.0,1.0,1.0
27,fatigue_f,right_band_mean,0.9940378809659004,0.9927581996538626,0.9987126433141619,1.0012890161093446
27,fatigue_f,tip_2l0_integral,0.0005078635485760994,0.0010350642223898375,2.038075434419057,0.49065897322149166
27,fatigue_f,tip_2l0_mean,0.8138838441810317,0.818879871814954,1.006138502035201,0.9938989492770787
27,fatigue_f,tip_4l0_integral,0.0022366701684152024,0.004378266815083839,1.9574932759022177,0.5108574380870328
27,fatigue_f,tip_4l0_mean,0.8932388942182782,0.8700847973599435,0.974078494557049,1.0266113106775225
27,fatigue_f,tip_l0_integral,0.0001221350251332853,0.0002462554986667044,2.0162561754743744,0.4959687227069373
27,fatigue_f,tip_l0_mean,0.726994140021945,0.7600477829053217,1.0454661751226482,0.9565110988719321
27,fatigue_f,top1_mean,1.0,1.0,1.0,1.0
28,damage_alpha,crack_strip_mean,0.2558402886068077,0.23543180525302887,0.9202295953271694,1.0866853283983655
28,damage_alpha,domain_mean,0.010218714245443627,0.008832072839140892,0.864303730097843,1.1570006760086475
28,damage_alpha,max,1.009868860244751,1.0001424551010132,0.9903686453492778,1.009725019765065
28,damage_alpha,p99,1.0026707649230957,0.9397781491279602,0.9372749081798956,1.0669228326424645
28,damage_alpha,p999,1.0041505155563355,0.9992794394493103,0.9951490578040221,1.0048745885432302
28,damage_alpha,right_band_mean,-2.5833684873296223e-05,-0.0006148761603981256,23.801333933344957,0.042014451912673265
28,damage_alpha,tip_2l0_integral,0.0002757839523543296,0.0005592914531007409,2.0280057933978637,0.4930952383151379
28,damage_alpha,tip_2l0_mean,0.44196143616703615,0.44247737526893616,1.0011673848885427,0.9988339763098929
28,damage_alpha,tip_4l0_integral,0.0005751546501888103,0.0011661516036838293,2.027544423575482,0.4932074426446083
28,damage_alpha,tip_4l0_mean,0.22969435144886502,0.23174713551998138,1.0089370246075615,0.991142138320241
28,damage_alpha,tip_l0_integral,0.00011734347582039347,0.00022470875410363078,1.9149658942059222,0.5222025118179295
28,damage_alpha,tip_l0_mean,0.6984730154035395,0.6935454607009888,0.9929452468543774,1.0071048762940071
28,damage_alpha,top1_mean,1.003605920738644,0.9793078899383545,0.9757892711689001,1.0248114316753019
28,psi_plus_raw,crack_strip_mean,30.76167469073214,57.49263381958008,1.8689695667609874,0.535054191242422
28,psi_plus_raw,domain_mean,1.2340174005638962,2.3034329414367676,1.8666130156545537,0.5357296834498586
28,psi_plus_raw,max,1222.242431640625,2809.52001953125,2.2986601895010392,0.435036028625469
28,psi_plus_raw,p99,461.7941354370132,0.06519752740859985,0.00014118309957942833,7083.000748523792
28,psi_plus_raw,p999,842.366870971727,2614.80322265625,3.1041145049304917,0.3221530643961835
28,psi_plus_raw,right_band_mean,0.008468690990091905,0.008510693907737732,1.0049597886727675,0.9950646894247203
28,psi_plus_raw,tip_2l0_integral,0.0447596199770346,0.08656269311904907,1.9339461140077354,0.5170774887453767
28,psi_plus_raw,tip_2l0_mean,71.73015600967548,68.48313903808594,0.9547328884778731,1.0474133782007826
28,psi_plus_raw,tip_4l0_integral,0.08478046129571475,0.16712068021297455,1.9712169249711515,0.5073008390563788
28,psi_plus_raw,tip_4l0_mean,33.85801204330358,33.21158218383789,0.9809076250950906,1.0194639886738148
28,psi_plus_raw,tip_l0_integral,0.022378812898246513,0.04341086745262146,1.9398199381712025,0.5155117649438982
28,psi_plus_raw,tip_l0_mean,133.20720915165958,133.98414611816406,1.0058325444354885,0.9942012768748082
28,psi_plus_raw,top1_mean,612.8815538872612,1277.501708984375,2.084418597495218,0.4797500853243534
28,psi_plus_active,crack_strip_mean,0.0062062401717313505,0.006041303742676973,0.9734240982478181,1.0273014627437507
28,psi_plus_active,domain_mean,0.003798642091874426,0.003973217215389013,1.0459572445343077,0.9560620237830378
28,psi_plus_active,max,0.3388019727623398,0.46956169605255127,1.3859473491966228,0.7215281306174143
28,psi_plus_active,p99,0.03471154353697319,0.03496023267507553,1.0071644505764328,0.9928865136449839
28,psi_plus_active,p999,0.1044707366458641,0.11002455651760101,1.053161488566538,0.9495219972020661
28,psi_plus_active,right_band_mean,0.008469126233279502,0.008521037176251411,1.0061294331365525,0.9939079079344252
28,psi_plus_active,tip_2l0_integral,1.0521116111421162e-06,1.3050128018221585e-06,1.2403748689794483,0.8062078852200358
28,psi_plus_active,tip_2l0_mean,0.0016860762009493471,0.0010324467439204454,0.6123369414378337,1.6330878186965028
28,psi_plus_active,tip_4l0_integral,2.658209288846435e-06,5.173412773729069e-06,1.9462022029025938,0.5138212250035405
28,psi_plus_active,tip_4l0_mean,0.0010615851900293118,0.0010281027061864734,0.9684599180948315,1.0325672558211956
28,psi_plus_active,tip_l0_integral,5.817014627645214e-07,4.313203589845216e-07,0.7414806160787056,1.348652922700077
28,psi_plus_active,tip_l0_mean,0.003462508434501073,0.0013312356313690543,0.38447144795500765,2.60097337609586
28,psi_plus_active,top1_mean,0.061534813378079214,0.06307844072580338,1.0250854315302766,0.9755284479140158
28,alpha_bar,crack_strip_mean,0.23766747585860779,0.19010105729103088,0.7998614728593536,1.2502164861437681
28,alpha_bar,domain_mean,0.1256921777850356,0.12959347665309906,1.0310385175657917,0.9698958700019554
28,alpha_bar,max,4.004589557647705,4.4836883544921875,1.1196374284923984,0.8931462762427554
28,alpha_bar,p99,1.0834093117713928,0.8218226432800293,0.7585523166090711,1.318300634121406
28,alpha_bar,p999,1.515499418854715,1.4318082332611084,0.9447764977324417,1.0584513928956745
28,alpha_bar,right_band_mean,0.23882030203295107,0.2482866644859314,1.0396380139058454,0.9618732545600864
28,alpha_bar,tip_2l0_integral,0.00033133311748297567,0.0006029572105035186,1.8197915592741776,0.5495134840601466
28,alpha_bar,tip_2l0_mean,0.5309825289048523,0.47702306509017944,0.8983780804879515,1.1131170959300931
28,alpha_bar,tip_4l0_integral,0.0009518459395129282,0.0019856304861605167,2.0860838962832466,0.47936710588758646
28,alpha_bar,tip_4l0_mean,0.3801301713963108,0.39460062980651855,1.0380671135812616,0.9633288512050704
28,alpha_bar,tip_l0_integral,0.0001321721171826959,0.00019762096053455025,1.4951788981437528,0.6688162876305225
28,alpha_bar,tip_l0_mean,0.7867387308534391,0.6099411845207214,0.7752779424740777,1.2898599911262614
28,alpha_bar,top1_mean,1.2632379240459866,1.0959489345550537,0.867571273545107,1.1526430513469597
28,fatigue_f,crack_strip_mean,0.9333541064972171,0.9562975495325103,1.0245817132807158,0.9760080499563036
28,fatigue_f,domain_mean,0.9967818250671031,0.9970117375529868,1.0002306547732933,0.9997693984160628
28,fatigue_f,max,1.0,1.0,1.0,1.0
28,fatigue_f,p99,1.0,1.0,1.0,1.0
28,fatigue_f,p999,1.0,1.0,1.0,1.0
28,fatigue_f,right_band_mean,0.9931429705507728,0.9916168106054679,0.99846330287727,1.001539062195177
28,fatigue_f,tip_2l0_integral,0.0005071055188488855,0.0010346055902496435,2.040217571676537,0.4901438032308759
28,fatigue_f,tip_2l0_mean,0.8126690530228194,0.8185170299544701,1.0071960128294517,0.9928553998052112
28,fatigue_f,tip_4l0_integral,0.002234864401569052,0.0043766030180447755,1.958330453951503,0.5106390486764929
28,fatigue_f,tip_4l0_mean,0.8925177413171268,0.8697541540778587,0.9744950871165038,1.0261724386512447
28,fatigue_f,tip_l0_integral,0.00012180335395578176,0.00024613705897772484,2.0207740672484267,0.49485987385103536
28,fatigue_f,tip_l0_mean,0.7250199069778522,0.7596822283349494,1.0478087856947023,0.9543726046704172
28,fatigue_f,top1_mean,1.0,1.0,1.0,1.0
29,damage_alpha,crack_strip_mean,0.2580822951392471,0.23735740780830383,0.9196965939885136,1.0873151064561726
29,damage_alpha,domain_mean,0.010308457824960739,0.008888978511095047,0.8622995468411786,1.159689812737642
29,damage_alpha,max,1.0101556777954102,1.0001426935195923,0.9900876820316741,1.0100115556916995
29,damage_alpha,p99,1.0031965172290802,0.9398952126502991,0.9369003943976748,1.0673493212081433
29,damage_alpha,p999,1.0043231292963029,0.9992839694023132,0.9949825312720614,1.005042770672088
29,damage_alpha,right_band_mean,-2.5803595129590807e-05,-0.0006357762031257153,24.639055136802458,0.040585971923344434
29,damage_alpha,tip_2l0_integral,0.0002758998221694984,0.0005597129929810762,2.028681963546964,0.4929308871320529
29,damage_alpha,tip_2l0_mean,0.44214712496249814,0.44281089305877686,1.001501238069421,0.9985010122680279
29,damage_alpha,tip_4l0_integral,0.000575458300949769,0.001167402369901538,2.0286480670707,0.49293912346460694
29,damage_alpha,tip_4l0_mean,0.2298156177284342,0.23199570178985596,1.009486231105485,0.9906029118444768
29,damage_alpha,tip_l0_integral,0.00011738895064756821,0.00022477633319795132,1.914799748681523,0.5222478228799496
29,damage_alpha,tip_l0_mean,0.69874369887733,0.6937540769577026,0.9928591528944817,1.0071922055456715
29,damage_alpha,top1_mean,1.0039129124747381,0.9796562790870667,0.9758379107527598,1.0247603510593286
29,psi_plus_raw,crack_strip_mean,31.146928890291445,58.07096481323242,1.8644202456613066,0.536359762412525
29,psi_plus_raw,domain_mean,1.2493759023165258,2.326524257659912,1.862149136497827,0.5370139160178736
29,psi_plus_raw,max,1264.8238525390625,2807.265869140625,2.219491562801569,0.45055363884228644
29,psi_plus_raw,p99,465.51738830566745,0.06518081575632095,0.00014001800446930245,7141.938665603822
29,psi_plus_raw,p999,867.397473571802,2616.22998046875,3.0161835377448583,0.3315448106807454
29,psi_plus_raw,right_band_mean,0.00846208540400588,0.008506652899086475,1.0052667271662725,0.994760865923496
29,psi_plus_raw,tip_2l0_integral,0.046232783173517374,0.08992717415094376,1.9450954058602943,0.5141135992543826
29,psi_plus_raw,tip_2l0_mean,74.09099432701687,71.14491271972656,0.9602369811061364,1.0414095891704347
29,psi_plus_raw,tip_4l0_integral,0.08755193027354113,0.17368173599243164,1.983756788111839,0.5040940532593265
29,psi_plus_raw,tip_4l0_mean,34.96482873897578,34.515445709228516,0.9871475695447541,1.013019766093506
29,psi_plus_raw,tip_l0_integral,0.023102715346488622,0.04508241266012192,1.9513902146993292,0.5124551678425221
29,psi_plus_raw,tip_l0_mean,137.51615195692972,139.1432342529297,1.0118319359060424,0.9883064217621799
29,psi_plus_raw,top1_mean,617.4015902370877,1290.3531494140625,2.0899738028186086,0.478474896982616
29,psi_plus_active,crack_strip_mean,0.006207292346901299,0.005998093169182539,0.9662978371200459,1.034877613904632
29,psi_plus_active,domain_mean,0.0037470126212815007,0.003929800819605589,1.0487823812724637,0.9534866506688668
29,psi_plus_active,max,0.33976712985236174,0.4660866856575012,1.3717827438458476,0.7289784074673954
29,psi_plus_active,p99,0.03459702239221392,0.03456737473607063,0.9991430575785633,1.000857677401586
29,psi_plus_active,p999,0.10599662180522376,0.11087407171726227,1.046015144907176,0.9560091026107854
29,psi_plus_active,right_band_mean,0.00846251917327265,0.008517340756952763,1.0064781636008882,0.9935635328860876
29,psi_plus_active,tip_2l0_integral,1.1133719393057918e-06,1.2685854926530737e-06,1.1394085371363505,0.8776483301707368
29,psi_plus_active,tip_2l0_mean,0.0017842497980138218,0.0010036276653409004,0.5624928003119918,1.7778005326385347
29,psi_plus_active,tip_4l0_integral,2.7853378919512618e-06,5.20452113050851e-06,1.8685421059857465,0.5351765939855294
29,psi_plus_active,tip_4l0_mean,0.001112355399452425,0.001034284825436771,0.929815080635123,1.075482664055025
29,psi_plus_active,tip_l0_integral,6.318609878286361e-07,4.170649390289327e-07,0.660058061919852,1.5150182350494883
29,psi_plus_active,tip_l0_mean,0.00376107701258177,0.001287237391807139,0.3422523355679766,2.921820820712514
29,psi_plus_active,top1_mean,0.061439721955361536,0.06316372007131577,1.0280599921530698,0.9727058806224882
29,alpha_bar,crack_strip_mean,0.24713825004397452,0.19609913229942322,0.793479488766026,1.2602720223494912
29,alpha_bar,domain_mean,0.12956972942211964,0.13352325558662415,1.0305127299573535,0.9703907297112028
29,alpha_bar,max,4.248965263366699,4.645987510681152,1.093439748904859,0.9145451324607101
29,alpha_bar,p99,1.1396797347068814,0.8340681195259094,0.731844301627796,1.3664108578501766
29,alpha_bar,p999,1.5321027805805283,1.4380923509597778,0.9386396064204459,1.0653716220366574
29,alpha_bar,right_band_mean,0.2472828197413384,0.2568039894104004,1.0385031587678484,0.9629243700967349
29,alpha_bar,tip_2l0_integral,0.0003349188099615797,0.0006042258464731276,1.8040964810021913,0.5542940804609803
29,alpha_bar,tip_2l0_mean,0.5367288306166399,0.47802674770355225,0.8906299055229702,1.1228008332067052
29,alpha_bar,tip_4l0_integral,0.000959167921026941,0.001990834716707468,2.0755851744665987,0.48179183986366086
29,alpha_bar,tip_4l0_mean,0.3830542854491653,0.39563485980033875,1.0328427975591543,0.9682015524174934
29,alpha_bar,tip_l0_integral,0.0001344061188657148,0.00019803797476924956,1.4734297548395796,0.6786886152634236
29,alpha_bar,tip_l0_mean,0.8000363588727688,0.6112282872200012,0.7640006362725896,1.308899433485822
29,alpha_bar,top1_mean,1.3268514733844334,1.1066299676895142,0.8340270104737535,1.1990019357190467
29,fatigue_f,crack_strip_mean,0.9297933784925875,0.9539940045643939,1.0260279612993601,0.9746323080061109
29,fatigue_f,domain_mean,0.9965484580195461,0.9967483479584757,1.0002005822570101,0.9997994579681632
29,fatigue_f,max,1.0,1.0,1.0,1.0
29,fatigue_f,p99,1.0,1.0,1.0,1.0
29,fatigue_f,p999,1.0,1.0,1.0,1.0
29,fatigue_f,right_band_mean,0.9920790917090885,0.9903929298567006,0.99830037557844,1.0017025180628378
29,fatigue_f,tip_2l0_integral,0.0005064067472621454,0.0010341664308574417,2.0421655841842434,0.48967625727541414
29,fatigue_f,tip_2l0_mean,0.8115492268277422,0.8181695937480845,1.0081576898868114,0.9919083195331008
29,fatigue_f,tip_4l0_integral,0.002233174929143863,0.004374925280686329,1.959060718258893,0.5104487016046882
29,fatigue_f,tip_4l0_mean,0.8918430318752972,0.869420740462106,0.9748584777681748,1.025789920080896
29,fatigue_f,tip_l0_integral,0.00012149310690037885,0.0002460260861860948,2.0250209453267973,0.49382205270900065
29,fatigue_f,tip_l0_mean,0.723173198460039,0.7593397197424596,1.0500108706454212,0.9523710924871849
29,fatigue_f,top1_mean,1.0,1.0,1.0,1.0
30,damage_alpha,crack_strip_mean,0.2604031332732955,0.23916001617908478,0.9184221909038404,1.0888238654336924
30,damage_alpha,domain_mean,0.010401358333035623,0.008940874598920345,0.8595872108860384,1.1633490905119772
30,damage_alpha,max,1.010429859161377,1.0001500844955444,0.9898263352249266,1.0102782320625583
30,damage_alpha,p99,1.0034648001194002,0.9400105476379395,0.9367648446922,1.0675037664640132
30,damage_alpha,p999,1.004469633102417,0.9993093013763428,0.9948626304310106,1.0051638984236082
30,damage_alpha,right_band_mean,-2.5770029564506837e-05,-0.0006566784577444196,25.4822547293025,0.039242995198932776
30,damage_alpha,tip_2l0_integral,0.0002760101051281708,0.0005602202145382762,2.029709072709953,0.49268144555557236
30,damage_alpha,tip_2l0_mean,0.44232386046281813,0.4432121813297272,1.00200830420041,0.9979957210015215
30,damage_alpha,tip_4l0_integral,0.00057575071052376,0.001168656162917614,2.029795433260496,0.4926604837186388
30,damage_alpha,tip_4l0_mean,0.229932394716038,0.23224486410617828,1.0100571709045005,0.9900429686613734
30,damage_alpha,tip_l0_integral,0.00011742761838590826,0.0002248576784040779,1.9148619506623803,0.5222308582893324
30,damage_alpha,tip_l0_mean,0.6989738639683873,0.6940051317214966,0.9928913905039581,1.0071595036114007
30,damage_alpha,top1_mean,1.0041965945561726,0.9800533056259155,0.9759576072442988,1.0246346691467336
30,psi_plus_raw,crack_strip_mean,31.56652990954589,58.657649993896484,1.8582229393595175,0.5381485605514453
30,psi_plus_raw,domain_mean,1.2661053905026403,2.349952220916748,1.8560478760649015,0.5387792054804907
30,psi_plus_raw,max,1307.3800048828125,2809.703125,2.14910975730568,0.4653089478564795
30,psi_plus_raw,p99,470.5290774536133,0.06454037874937057,0.0001371655479798339,7290.460430683514
30,psi_plus_raw,p999,895.9958472290374,2616.489990234375,2.92020325576971,0.34244191667967266
30,psi_plus_raw,right_band_mean,0.0084549308447409,0.008502861484885216,1.0056689570884108,0.9943629988293332
30,psi_plus_raw,tip_2l0_integral,0.04771103137059148,0.09309068322181702,1.9511354197888293,0.5125220883480397
30,psi_plus_raw,tip_2l0_mean,76.45998168328916,73.64768981933594,0.9632187740300249,1.0381857444660112
30,psi_plus_raw,tip_4l0_integral,0.09034924542175532,0.18027852475643158,1.9953517477083662,0.5011647701456579
30,psi_plus_raw,tip_4l0_mean,36.08196738778305,35.826416015625,0.9929174767713864,1.007133043172574
30,psi_plus_raw,tip_l0_integral,0.02381984297281587,0.04665524512529373,1.9586713975628853,0.5105501623418146
30,psi_plus_raw,tip_l0_mean,141.78476844445092,143.99766540527344,1.015607437844704,0.9846324108478117
30,psi_plus_raw,top1_mean,622.456264444987,1303.3922119140625,2.0939498666243352,0.4775663524419063
30,psi_plus_active,crack_strip_mean,0.0062275389774422854,0.005951046943664551,0.9556017176641916,1.046461074226962
30,psi_plus_active,domain_mean,0.003693264191008707,0.0038885842077434063,1.0528854711261133,0.9497709175628098
30,psi_plus_active,max,0.32903148890026396,0.41642314195632935,1.2656027037052235,0.7901373765024081
30,psi_plus_active,p99,0.03438560432451755,0.034696511924266815,1.0090417954215678,0.9910392260631878
30,psi_plus_active,p999,0.10527457034464273,0.10481102764606476,0.9955968217484958,1.004422651976501
30,psi_plus_active,right_band_mean,0.008455363023909042,0.00851389579474926,1.0069225615357622,0.993125030861158
30,psi_plus_active,tip_2l0_integral,1.1721811763329042e-06,1.2220947382957092e-06,1.0425817808463336,0.9591573710296692
30,psi_plus_active,tip_2l0_mean,0.0018784953646412668,0.0009668470593169332,0.5146922784670115,1.9429084947193231
30,psi_plus_active,tip_4l0_integral,2.907587926761981e-06,5.145591330801835e-06,1.7697113416384949,0.5650639041925027
30,psi_plus_active,tip_4l0_mean,0.00116117729883415,0.0010225737933069468,0.8806353640685497,1.1355437685127516
30,psi_plus_active,tip_l0_integral,6.78835199595335e-07,4.0704634329813416e-07,0.5996246858453735,1.6677098585261916
30,psi_plus_active,tip_l0_mean,0.004040685393955354,0.0012563157361000776,0.3109164940134804,3.2162976852448457
30,psi_plus_active,top1_mean,0.061447994994526904,0.06316301226615906,1.0279100607234606,0.9728477599452455
30,alpha_bar,crack_strip_mean,0.25679427778573355,0.20205019414424896,0.7868173539008433,1.2709429895543745
30,alpha_bar,domain_mean,0.13340013282528754,0.13741184771060944,1.0300727952840647,0.9708051747199368
30,alpha_bar,max,4.505256652832031,4.8023200035095215,1.065937053883657,0.9381417001656706
30,alpha_bar,p99,1.2058972883224497,0.8463616967201233,0.7018522264839949,1.4248013502922243
30,alpha_bar,p999,1.5390893011093152,1.4459377527236938,0.9394761900310259,1.0644229312155056
30,alpha_bar,right_band_mean,0.2557381814302029,0.2653178870677948,1.0374590355809128,0.9638934798423746
30,alpha_bar,tip_2l0_integral,0.00033866914725479586,0.0006054483819752932,1.787728191017611,0.5593691507604295
30,alpha_bar,tip_2l0_mean,0.5427389861825119,0.4789939522743225,0.8825493735827681,1.133081082977186
30,alpha_bar,tip_4l0_integral,0.0009667929745773643,0.0019959809724241495,2.064538143025602,0.4843698351508729
30,alpha_bar,tip_4l0_mean,0.3860994346615595,0.3966575860977173,1.0273456796055986,0.9733822021657824
30,alpha_bar,tip_l0_integral,0.00013676211603474474,0.000198445311980322,1.451025457443979,0.6891677846655615
30,alpha_bar,tip_l0_mean,0.8140601504421723,0.6124854683876038,0.7523835530518483,1.329109329867406
30,alpha_bar,top1_mean,1.3957456596692404,1.117310881614685,0.8005118080606907,1.2492008111942619
30,fatigue_f,crack_strip_mean,0.9263078814583363,0.9516775877429225,1.0273879849156042,0.9733421206810647
30,fatigue_f,domain_mean,0.9963080147109549,0.9964701984859747,1.0001627847740109,0.999837241720559
30,fatigue_f,max,1.0,1.0,1.0,1.0
30,fatigue_f,p99,1.0,1.0,1.0,1.0
30,fatigue_f,p999,1.0,1.0,1.0,1.0
30,fatigue_f,right_band_mean,0.9909044845015018,0.9891104539050549,0.9981895019908509,1.0018137818575914
30,fatigue_f,tip_2l0_integral,0.0005057567719714017,0.001033738945616035,2.043944842471607,0.48924999306281003
30,fatigue_f,tip_2l0_mean,0.8105075998203771,0.8178313934199178,1.0090360578989805,0.9910448612532287
30,fatigue_f,tip_4l0_integral,0.002231582342399582,0.004373235195957528,1.9597014696106008,0.51028180338034
30,fatigue_f,tip_4l0_mean,0.8912070147984406,0.8690848730764743,0.9751773254085422,1.0254545239565107
30,fatigue_f,tip_l0_integral,0.00012119902241922638,0.0002459192653348001,2.0290532087310695,0.49284069816255854
30,fatigue_f,tip_l0_mean,0.721422695733766,0.7590100257797494,1.0521016739122033,0.9504784801658331
30,fatigue_f,top1_mean,1.0,1.0,1.0,1.0
31,damage_alpha,crack_strip_mean,0.2626920062558161,0.24127672612667084,0.9184776102083192,1.088758167739321
31,damage_alpha,domain_mean,0.010492973949343055,0.009005429223179817,0.8582342114499989,1.1651831011379583
31,damage_alpha,max,1.0106863975524902,1.0001530647277832,0.9895780403790781,1.0105317207897313
31,damage_alpha,p99,1.003716518878937,0.9401684403419495,0.9366872245881087,1.0675922268927411
31,damage_alpha,p999,1.0046250830888748,0.9993045926094055,0.9947040039423358,1.0053241929626044
31,damage_alpha,right_band_mean,-2.5733118830864832e-05,-0.0006774263456463814,26.325077426443244,0.037986592928137455
31,damage_alpha,tip_2l0_integral,0.0002761157892401957,0.0005606042104773223,2.0303229019244804,0.49253249276365396
31,damage_alpha,tip_2l0_mean,0.44249322601702046,0.44351595640182495,1.0023112904891456,0.9976940392559904
31,damage_alpha,tip_4l0_integral,0.0005760281638429968,0.0011698019225150347,2.030806818039331,0.4924151283702421
31,damage_alpha,tip_4l0_mean,0.2300431987583916,0.23247255384922028,1.010560429971156,0.9895499272898928
31,damage_alpha,tip_l0_integral,0.00011746936524058496,0.00022493783035315573,1.914863759521202,0.5222303649686507
31,damage_alpha,tip_l0_mean,0.6992223571314353,0.6942524909973145,0.9928922951569944,1.0071585859590961
31,damage_alpha,top1_mean,1.00446809636222,0.9804294109344482,0.9760682439643129,1.0245185274530477
31,psi_plus_raw,crack_strip_mean,31.98021512346869,59.302772521972656,1.8543581490311272,0.5392701515198044
31,psi_plus_raw,domain_mean,1.2825998527390985,2.3757100105285645,1.852261253153147,0.5398806449671594
31,psi_plus_raw,max,1347.6932373046875,2803.795166015625,2.080440183571049,0.48066750868247166
31,psi_plus_raw,p99,473.27477172851866,0.06556829065084457,0.0001385416983275332,7218.043463245636
31,psi_plus_raw,p999,925.7139853515946,2620.69287109375,2.830996304002458,0.35323253463319665
31,psi_plus_raw,right_band_mean,0.008447814134356251,0.008497484028339386,1.0058796149149556,0.9941547528871506
31,psi_plus_raw,tip_2l0_integral,0.0490956101980505,0.09678942710161209,1.9714476856722198,0.507241458785665
31,psi_plus_raw,tip_2l0_mean,78.67885787911668,76.57390594482422,0.9732462825334026,1.0274891545405715
31,psi_plus_raw,tip_4l0_integral,0.0929403631023637,0.18764159083366394,2.018946177636482,0.49530790423084436
31,psi_plus_raw,tip_4l0_mean,37.116758804282334,37.28966522216797,1.0046584460350478,0.9953631544596746
31,psi_plus_raw,tip_l0_integral,0.02450180049806521,0.04849262535572052,1.9791453840116668,0.5052685912204341
31,psi_plus_raw,tip_l0_mean,145.844039108694,149.6685791015625,1.02622349200037,0.9744466071915253
31,psi_plus_raw,top1_mean,627.5157538519966,1317.728515625,2.0999130420808436,0.476210195356033
31,psi_plus_active,crack_strip_mean,0.006228901472147231,0.00591124827042222,0.9490033349948768,1.0537370767041598
31,psi_plus_active,domain_mean,0.003640366781243942,0.0038399244658648968,1.0548180160441867,0.9480308307116643
31,psi_plus_active,max,0.3243334833955217,0.4574904143810272,1.4105556095887943,0.7089405006099124
31,psi_plus_active,p99,0.034434249637321765,0.0347944051027298,1.0104592221175535,0.9896490408631882
31,psi_plus_active,p999,0.10467559426428669,0.10886192321777344,1.0399933621863855,0.9615445986094496
31,psi_plus_active,right_band_mean,0.008448244603178836,0.008508858270943165,1.0071747055881315,0.9928764041150716
31,psi_plus_active,tip_2l0_integral,1.2338491506425144e-06,1.175040324596921e-06,0.9523371021368622,1.050048347120144
31,psi_plus_active,tip_2l0_mean,0.0019773222407474225,0.0009296204661950469,0.470141106511629,2.127020986145709
31,psi_plus_active,tip_4l0_integral,3.0264043204933526e-06,5.08924176756409e-06,1.6816133036495473,0.5946670366068908
31,psi_plus_active,tip_4l0_mean,0.0012086279357900733,0.0010113755706697702,0.8367964538306321,1.195033744971391
31,psi_plus_active,tip_l0_integral,7.290318753504154e-07,3.7965563137731806e-07,0.5207668473958471,1.9202451250508972
31,psi_plus_active,tip_l0_mean,0.0043394751070839266,0.0011717765592038631,0.2700272568198421,3.7033298481685653
31,psi_plus_active,top1_mean,0.061298134192357516,0.06306401640176773,1.028808090697651,0.9719985768403943
31,alpha_bar,crack_strip_mean,0.2665884371646148,0.20796149969100952,0.7800844699149352,1.2819124576458312
31,alpha_bar,domain_mean,0.13718310957134275,0.14125177264213562,1.0296586298670898,0.9711956671786278
31,alpha_bar,max,4.772592544555664,4.958850860595703,1.0390266536062278,0.9624392180212364
31,alpha_bar,p99,1.2744159853458406,0.8554854989051819,0.6712764974248399,1.4896991088414593
31,alpha_bar,p999,1.547200800895691,1.4545998573303223,0.9401493694213698,1.0636607676665957
31,alpha_bar,right_band_mean,0.26418642497292816,0.2738267481327057,1.0364906075729114,0.9647940779141653
31,alpha_bar,tip_2l0_integral,0.0003425553341948929,0.0006066233618184924,1.7708769978556544,0.56469195839739
31,alpha_bar,tip_2l0_mean,0.548966849503044,0.4799235165119171,0.8742304147260826,1.1438632003135283
31,alpha_bar,tip_4l0_integral,0.0009746840668261911,0.002001069951802492,2.0530446940806817,0.4870814565718858
31,alpha_bar,tip_4l0_mean,0.38925082936161537,0.39766889810562134,1.0216263347667414,0.9788314630988061
31,alpha_bar,tip_l0_integral,0.0001392131896974535,0.00019882485503330827,1.428204148367022,0.7001800135809566
31,alpha_bar,tip_l0_mean,0.8286498734770413,0.6136569380760193,0.7405503309873146,1.3503471110016014
31,alpha_bar,top1_mean,1.470460333029429,1.1268976926803589,0.7663570838111182,1.3048747393668865
31,fatigue_f,crack_strip_mean,0.922914356290465,0.9493070250727712,1.0285970941966793,0.9721979632666439
31,fatigue_f,domain_mean,0.9960623028165994,0.9961736134673713,1.0001117506911537,0.9998882617956678
31,fatigue_f,max,1.0,1.0,1.0,1.0
31,fatigue_f,p99,1.0,1.0,1.0,1.0
31,fatigue_f,p999,1.0,1.0,1.0,1.0
31,fatigue_f,right_band_mean,0.9896554224226625,0.987769716658731,0.9980945835073431,1.0019090540357019
31,fatigue_f,tip_2l0_integral,0.0005051115367400219,0.0010333317107397155,2.0457495732701223,0.48881838376801134
31,fatigue_f,tip_2l0_mean,0.8094735690615468,0.8175092139492091,1.0099270009482562,0.9901705757555394
31,fatigue_f,tip_4l0_integral,0.0022300400566407485,0.004371560057629806,1.9603056207945277,0.5101245384353343
31,fatigue_f,tip_4l0_mean,0.8905910859747621,0.8687519759612496,0.9754779602474807,1.0251384867232654
31,fatigue_f,tip_l0_integral,0.00012088031657068153,0.0002458208036772862,2.0335883512809056,0.49174160511399734
31,fatigue_f,tip_l0_mean,0.7195256372607359,0.7587061317960624,1.054453229331047,0.9483588007354368
31,fatigue_f,top1_mean,1.0,1.0,1.0,1.0
32,damage_alpha,crack_strip_mean,0.2649469725301474,0.2432069182395935,0.9179456399031691,1.0893891277761136
32,damage_alpha,domain_mean,0.010583241016450787,0.009062353521585464,0.8562928414366424,1.16782478097359
32,damage_alpha,max,1.0109312534332275,1.0001527070999146,0.9893380026616964,1.0107769006240725
32,damage_alpha,p99,1.0040139436721804,0.9404334425926208,0.9366736871730945,1.0676076564273156
32,damage_alpha,p999,1.0047978162765503,0.9993066787719727,0.9945350821671508,1.0054949472681656
32,damage_alpha,right_band_mean,-2.569504282480497e-05,-0.0006983663188293576,27.17902918438348,0.036793072821548006
32,damage_alpha,tip_2l0_integral,0.00027622120179904774,0.0005610387306660414,2.031121170322761,0.49233891833301713
32,damage_alpha,tip_2l0_mean,0.4426621563898814,0.443859726190567,1.0027053810302022,0.997301918308823
32,damage_alpha,tip_4l0_integral,0.0005762983553552147,0.0011710521066561341,2.032024030216656,0.4921201644910563
32,damage_alpha,tip_4l0_mean,0.2301511027180405,0.2327210009098053,1.0111661346020713,0.9889571711116832
32,damage_alpha,tip_l0_integral,0.00011750920409098257,0.00022504843946080655,1.9151558484436737,0.5221507172967865
32,damage_alpha,tip_l0_mean,0.6994594931270489,0.6945939064025879,0.9930437905664721,1.0070049372440664
32,damage_alpha,top1_mean,1.0047142797046238,0.9807648658752441,0.9761629606414866,1.024419118855779
32,psi_plus_raw,crack_strip_mean,32.39166671384143,59.86748123168945,1.848237133352178,0.5410561133929193
32,psi_plus_raw,domain_mean,1.2990055329926224,2.3982574939727783,1.8462257727630471,0.5416455640218952
32,psi_plus_raw,max,1385.36181640625,2800.52978515625,2.0215150670321416,0.4946784796752149
32,psi_plus_raw,p99,476.91768310546877,0.06731493771076202,0.0001411458205374942,7084.871491000744
32,psi_plus_raw,p999,953.2822987671506,2624.65185546875,2.7532787075382896,0.36320333181746844
32,psi_plus_raw,right_band_mean,0.008440572511020176,0.008492588065564632,1.0061625623708041,0.9938751822008928
32,psi_plus_raw,tip_2l0_integral,0.050384407073516414,0.09978273510932922,1.980428884748712,0.5049411305303627
32,psi_plus_raw,tip_2l0_mean,80.74423736601548,78.94203186035156,0.9776800727277356,1.0228294795965225
32,psi_plus_raw,tip_4l0_integral,0.09536404136630268,0.19373661279678345,2.031547845719143,0.4922355149583062
32,psi_plus_raw,tip_4l0_mean,38.08468144347759,38.50091552734375,1.0109291733077483,0.9891889821796434
32,psi_plus_raw,tip_l0_integral,0.02512495478667465,0.04997706413269043,1.9891404604316512,0.5027297065703425
32,psi_plus_raw,tip_l0_mean,149.55329053476294,154.25018310546875,1.031406146624464,0.9695501653473286
32,psi_plus_raw,top1_mean,632.5777083333334,1330.2772216796875,2.1029467275800764,0.4755232202913337
32,psi_plus_active,crack_strip_mean,0.006232542226872135,0.005869540385901928,0.9417570186038862,1.0618450197296714
32,psi_plus_active,domain_mean,0.0035881235014760286,0.003797655226662755,1.058395906690651,0.9448260274614619
32,psi_plus_active,max,0.32099069959983395,0.42900457978248596,1.3365015881061617,0.7482220813646856
32,psi_plus_active,p99,0.034327610623962716,0.035037919878959656,1.0206920680491842,0.9797274136863506
32,psi_plus_active,p999,0.10431833774509468,0.10848171263933182,1.0399102879151554,0.9616214125593769
32,psi_plus_active,right_band_mean,0.008441001291700015,0.008504306897521019,1.0074997744501297,0.9925560534698651
32,psi_plus_active,tip_2l0_integral,1.2931372979671168e-06,1.1610947012741235e-06,0.8978897315075735,1.1137225038992056
32,psi_plus_active,tip_2l0_mean,0.00207233529178093,0.0009185874951072037,0.44326200434379764,2.2560020714619875
32,psi_plus_active,tip_4l0_integral,3.1376654973450754e-06,5.042843895353144e-06,1.607196146185796,0.6222015914941085
32,psi_plus_active,tip_4l0_mean,0.001253061313578125,0.0010021550115197897,0.7997653432122402,1.2503667588089298
32,psi_plus_active,tip_l0_integral,7.768635206060501e-07,3.762798428397218e-07,0.4843577190317506,2.064589787066959
32,psi_plus_active,tip_l0_mean,0.004624187258823419,0.0011613575043156743,0.25114845902913774,3.981708682847152
32,psi_plus_active,top1_mean,0.061153094198970956,0.06285037100315094,1.027754553165497,0.9729949596622923
32,alpha_bar,crack_strip_mean,0.27653045331198567,0.21383102238178253,0.7732639201966492,1.2932195255478742
32,alpha_bar,domain_mean,0.1409196117349116,0.14504943788051605,1.0293062554938996,0.9715281478787503
32,alpha_bar,max,5.0503997802734375,5.111929893493652,1.012183216358544,0.9879634278047261
32,alpha_bar,p99,1.3539023506641388,0.866455078125,0.6399686636927486,1.562576508402455
32,alpha_bar,p999,1.6341152193546296,1.4623494148254395,0.8948875804504002,1.1174587980053274
32,alpha_bar,right_band_mean,0.272627424660645,0.28233107924461365,1.0355930977818808,0.9656302288436288
32,alpha_bar,tip_2l0_integral,0.0003465912437256545,0.0006077846046537161,1.7536063465435097,0.5702534106192507
32,alpha_bar,tip_2l0_mean,0.5554346528586355,0.4808422327041626,0.8657044176653892,1.1551286785584114
32,alpha_bar,tip_4l0_integral,0.0009828460064451824,0.0020061128307133913,2.041126298075141,0.48992558713443535
32,alpha_bar,tip_4l0_mean,0.39251038994542276,0.39867106080055237,1.01569556122065,0.9845469825606136
32,alpha_bar,tip_l0_integral,0.00014177582489666957,0.0001992011966649443,1.4050434678135573,0.7117217530331206
32,alpha_bar,tip_l0_mean,0.8439036532245867,0.6148184537887573,0.7285410502010669,1.3726062515269584
32,alpha_bar,top1_mean,1.5505649423599244,1.136428952217102,0.7329128378766795,1.36441872528403
32,fatigue_f,crack_strip_mean,0.9195909862434791,0.9468930380683924,1.029689342580925,0.9711666991652954
32,fatigue_f,domain_mean,0.9958108228652744,0.9958624432867842,1.0000518375783074,0.9999481651086878
32,fatigue_f,max,1.0,1.0,1.0,1.0
32,fatigue_f,p99,1.0,1.0,1.0,1.0
32,fatigue_f,p999,1.0,1.0,1.0,1.0
32,fatigue_f,right_band_mean,0.9883443438404448,0.9863965910411696,0.9980292771325966,1.001974614284929
32,fatigue_f,tip_2l0_integral,0.0005044769238162736,0.0010329383887348405,2.0475433859706698,0.4883901395456558
32,fatigue_f,tip_2l0_mean,0.8084565612306137,0.8171980414963632,1.0108125540504531,0.9893031066866692
32,fatigue_f,tip_4l0_integral,0.002228550084790718,0.0043699217072142435,1.9608810845391524,0.5099748311535274
32,fatigue_f,tip_4l0_mean,0.8899960492873988,0.8684263896391876,0.9757643197793051,1.024837637254636
32,fatigue_f,tip_l0_integral,0.00012054702801369553,0.00024572547361799847,2.0384200064233955,0.490576032833683
32,fatigue_f,tip_l0_mean,0.7175417769585763,0.7584119032383321,1.0569585320216346,0.9461109113593221
32,fatigue_f,top1_mean,1.0,1.0,1.0,1.0
33,damage_alpha,crack_strip_mean,0.26738427139438575,0.24537433683872223,0.9176842585359131,1.0896994153472945
33,damage_alpha,domain_mean,0.010680786121224807,0.00912883598357439,0.8546970119955507,1.1700052603029407
33,damage_alpha,max,1.0111761093139648,1.0001522302627563,0.9890979633026658,1.011022201138633
33,damage_alpha,p99,1.004262708425522,0.940619945526123,0.9366273761183687,1.0676604437340538
33,damage_alpha,p999,1.0052105509042741,0.9993079304695129,0.9941279760449676,1.0059067082875925
33,damage_alpha,right_band_mean,-2.565640588714213e-05,-0.0007192176417447627,28.032673200933537,0.03567265928697439
33,damage_alpha,tip_2l0_integral,0.00027632289929725777,0.000561363878659904,2.0315503350882618,0.4922349117953578
33,damage_alpha,tip_2l0_mean,0.4428251331402681,0.4441169798374176,1.0029172840484197,0.9970912017423373
33,damage_alpha,tip_4l0_integral,0.0005765643878778111,0.001172184944152832,2.0330512407596846,0.4918715180175846
33,damage_alpha,tip_4l0_mean,0.23025734573932546,0.23294612765312195,1.0116772904906168,0.9884574946967982
33,damage_alpha,tip_l0_integral,0.0001175479956281695,0.00022510337294079363,1.9149911637187396,0.5221956210273526
33,damage_alpha,tip_l0_mean,0.6996903951159466,0.6947634220123291,0.9929583525256181,1.007091583908299
33,damage_alpha,top1_mean,1.0049405601289538,0.98115473985672,0.9763311172660981,1.0242426798811646
33,psi_plus_raw,crack_strip_mean,32.880829740654924,60.5535888671875,1.8416076888813142,0.5430038145678304
33,psi_plus_raw,domain_mean,1.3185142287634932,2.425654888153076,1.8396880634559878,0.5435704127586866
33,psi_plus_raw,max,1425.7401123046875,2796.17724609375,1.9612110383664323,0.5098890330705758
33,psi_plus_raw,p99,479.3633233642605,0.06606528162956238,0.00013781880759233727,7255.903729467472
33,psi_plus_raw,p999,995.4163061523514,2627.416015625,2.6395147431137884,0.3788575163707242
33,psi_plus_raw,right_band_mean,0.008432381279365981,0.008486524224281311,1.0064208369049699,0.9936201272176401
33,psi_plus_raw,tip_2l0_integral,0.051779724656025435,0.10331757366657257,1.9953287575960459,0.5011705445496566
33,psi_plus_raw,tip_2l0_mean,82.98032310418233,81.73857879638672,0.9850356775998981,1.0151916552267055
33,psi_plus_raw,tip_4l0_integral,0.09798954777856504,0.2008150815963745,2.049352059978608,0.48795910645554885
33,psi_plus_raw,tip_4l0_mean,39.133206379147445,39.90760803222656,1.0197888628285712,0.9805951373368766
33,psi_plus_raw,tip_l0_integral,0.02580299659551069,0.05176926031708717,2.006327448265997,0.49842312672553385
33,psi_plus_raw,tip_l0_mean,153.58925336504646,159.7816619873047,1.0403179811515868,0.9612445599498756
33,psi_plus_raw,top1_mean,638.9142053900824,1345.5255126953125,2.10595648264514,0.47484362010366526
33,psi_plus_active,crack_strip_mean,0.006260805654584733,0.005821337923407555,0.9298065208500187,1.075492564932553
33,psi_plus_active,domain_mean,0.0035314224175070665,0.0037488341331481934,1.061564913493018,0.9420055121354358
33,psi_plus_active,max,0.3199064232001711,0.42712005972862244,1.3351406184844432,0.7489847781989654
33,psi_plus_active,p99,0.034609577068895024,0.034528426826000214,0.9976552662653673,1.0023502444320371
33,psi_plus_active,p999,0.10600635304454584,0.108698271214962,1.0253939324682264,0.9752349495504613
33,psi_plus_active,right_band_mean,0.008432808405167413,0.008498582057654858,1.0077997328205797,0.9922606321806118
33,psi_plus_active,tip_2l0_integral,1.3550252009692086e-06,1.1471584002720192e-06,0.8465956201046972,1.1812014806742461
33,psi_plus_active,tip_2l0_mean,0.0021715146176940936,0.0009075619745999575,0.4179396110000342,2.3926901726477374
33,psi_plus_active,tip_4l0_integral,3.2496574068047934e-06,5.064015113021014e-06,1.558322764244917,0.6417155822558676
33,psi_plus_active,tip_4l0_mean,0.0012977865174905426,0.0010063622612506151,0.7754451504062175,1.289581860788154
33,psi_plus_active,tip_l0_integral,8.273856624611203e-07,3.644508410616254e-07,0.44048483989623316,2.2702256909354115
33,psi_plus_active,tip_l0_mean,0.004924914270013788,0.0011248481459915638,0.22839953841235386,4.378292561146049
33,psi_plus_active,top1_mean,0.061274744603751964,0.06281270831823349,1.025099471640839,0.9755150867450324
33,alpha_bar,crack_strip_mean,0.2866580344636157,0.21965233981609344,0.7662521660245772,1.305053407141593
33,alpha_bar,domain_mean,0.1446057048083069,0.14879827201366425,1.0289930968554466,0.9718238179205982
33,alpha_bar,max,5.338924884796143,5.264599800109863,0.9860786419943952,1.0141178983224381
33,alpha_bar,p99,1.4364204943180088,0.8745357990264893,0.6088299369758755,1.6424947908558976
33,alpha_bar,p999,1.7234186496734627,1.4686291217803955,0.8521603976251839,1.1734879991921923
33,alpha_bar,right_band_mean,0.2810602314325133,0.2908296585083008,1.034759193878104,0.9664084222843846
33,alpha_bar,tip_2l0_integral,0.00035077220081638404,0.0006089316448196769,1.7359746393883406,0.576045281601777
33,alpha_bar,tip_2l0_mean,0.5621349042133533,0.48174968361854553,0.8570001257842222,1.1668609722605603
33,alpha_bar,tip_4l0_integral,0.0009912701903830548,0.0020111766643822193,2.0288884744986064,0.49288071403093126
33,alpha_bar,tip_4l0_mean,0.3958746806895909,0.3996773958206177,1.0096058558845002,0.9904855386599509
33,alpha_bar,tip_l0_integral,0.0001444456635866471,0.00019956559117417783,1.381596277928181,0.7238004444392275
33,alpha_bar,tip_l0_mean,0.8597955489383622,0.6159431338310242,0.7163832548232701,1.3959008579097754
33,alpha_bar,top1_mean,1.636097772386339,1.1452984809875488,0.700018360954717,1.4285339582181162
33,fatigue_f,crack_strip_mean,0.9163117712783291,0.9444756722919333,1.0307361554182735,0.9701803849057756
33,fatigue_f,domain_mean,0.9955531749906309,0.9955409268709015,0.9999876971717462,1.0000123029796153
33,fatigue_f,max,1.0,1.0,1.0,1.0
33,fatigue_f,p99,1.0,1.0,1.0,1.0
33,fatigue_f,p999,1.0,1.0,1.0,1.0
33,fatigue_f,right_band_mean,0.986991171397269,0.9849755173432946,0.9979577790436354,1.0020464001576517
33,fatigue_f,tip_2l0_integral,0.0005038827849123676,0.0010325551182635197,2.0491970537217217,0.48799601687100547
33,fatigue_f,tip_2l0_mean,0.8075044156071599,0.8168948212056445,1.0116289216714982,0.9885047556249342
33,fatigue_f,tip_4l0_integral,0.0022271368974543836,0.004368251876058003,1.9613755584808967,0.5098462635959985
33,fatigue_f,tip_4l0_mean,0.8894316773422386,0.8680945472082519,0.9760103775505888,1.0245792698532734
33,fatigue_f,tip_l0_integral,0.00012023142499668534,0.0002456353816744851,2.0430214619951235,0.4894711184401581
33,fatigue_f,tip_l0_mean,0.7156631877194186,0.7581338417034803,1.0593444719706788,0.943980005049461
33,fatigue_f,top1_mean,1.0,1.0,1.0,1.0
34,damage_alpha,crack_strip_mean,0.26972907690097647,0.24746638536453247,0.9174627674842148,1.0899624872430644
34,damage_alpha,domain_mean,0.010774629195563752,0.009192341938614845,0.8531469410009597,1.1721310268389924
34,damage_alpha,max,1.0114067792892456,1.0001524686813354,0.988872616994105,1.011252594939598
34,damage_alpha,p99,1.0045031380653384,0.9407713413238525,0.9365539097625593,1.0677441945157498
34,damage_alpha,p999,1.0056012049913408,0.9993216395378113,0.9937554117652598,1.0062838281541004
34,damage_alpha,right_band_mean,-2.5617065378780164e-05,-0.0007401040056720376,28.891053472701874,0.03461279115158831
34,damage_alpha,tip_2l0_integral,0.0002764208184682209,0.000561737222597003,2.0321813158280038,0.492082075655023
34,damage_alpha,tip_2l0_mean,0.4429820548793965,0.44441232085227966,1.0032287221505451,0.9967816689462159
34,damage_alpha,tip_4l0_integral,0.0005768198540655487,0.001173341297544539,2.0341555327448955,0.49160449331551215
34,damage_alpha,tip_4l0_mean,0.23035936897827552,0.23317593336105347,1.0122268280003994,0.987920861547848
34,damage_alpha,tip_l0_integral,0.00011758536321039631,0.00022517885372508317,1.9150245198645097,0.5221865253562138
34,damage_alpha,tip_l0_mean,0.6999128211831295,0.6949964165687561,0.9929756900208476,1.0070739999475766
34,damage_alpha,top1_mean,1.0051451471116808,0.9815178513526917,0.9764936478807235,1.0240722017703772
34,psi_plus_raw,crack_strip_mean,33.35055826611768,61.200931549072266,1.8350796727516558,0.5449354678429439
34,psi_plus_raw,domain_mean,1.3372481660545792,2.4515037536621094,1.833245179086716,0.5454807744254803
34,psi_plus_raw,max,1462.5048828125,2796.478515625,1.912115678032592,0.5229809114001496
34,psi_plus_raw,p99,482.6555712890625,0.0677337571978569,0.00014033559587213622,7125.775850277706
34,psi_plus_raw,p999,1027.700393676781,2627.263671875,2.5564490274013583,0.39116758804164553
34,psi_plus_raw,right_band_mean,0.008424354937222522,0.008480953983962536,1.006718502147854,0.9933263348855514
34,psi_plus_raw,tip_2l0_integral,0.0530379889638016,0.10651669651269913,2.0083094889852764,0.4979312229935549
34,psi_plus_raw,tip_2l0_mean,84.9967721970142,84.26953125,0.9914438992420969,1.0086299393888487
34,psi_plus_raw,tip_4l0_integral,0.1003380226210272,0.20707133412361145,2.0637374418440735,0.4845577638531575
34,psi_plus_raw,tip_4l0_mean,40.07109570275152,41.150901794433594,1.0269472564387085,0.9737598437799452
34,psi_plus_raw,tip_l0_integral,0.026412597725962383,0.05339992046356201,2.0217595034611957,0.4946186716511178
34,psi_plus_raw,tip_l0_mean,157.217831237,164.81455993652344,1.048319765256599,0.9539074175094165
34,psi_plus_raw,top1_mean,645.0036660427518,1359.9114990234375,2.108377937395011,0.4742982661047676
34,psi_plus_active,crack_strip_mean,0.006252736611584793,0.005777583457529545,0.9240087687085834,1.0822408118459999
34,psi_plus_active,domain_mean,0.0034758898773422984,0.003702170681208372,1.0651001072678086,0.9388788839437795
34,psi_plus_active,max,0.31266983948123767,0.4608249366283417,1.4738387859632183,0.6785002603568043
34,psi_plus_active,p99,0.034399833339317655,0.03412814810872078,0.992102135265686,1.0079607375627702
34,psi_plus_active,p999,0.10386300182378862,0.10648293793201447,1.0252249218896134,0.9753957191724125
34,psi_plus_active,right_band_mean,0.008424780456100164,0.008493349887430668,1.0081390169972744,0.9919266917954269
34,psi_plus_active,tip_2l0_integral,1.4142013710830301e-06,1.1231137477807351e-06,0.7941681932613508,1.2591791115347686
34,psi_plus_active,tip_2l0_mean,0.0022663482180798303,0.0008885393035598099,0.39205771490518226,2.5506448718700674
34,psi_plus_active,tip_4l0_integral,3.353566019879855e-06,5.095326741866302e-06,1.5193757068330644,0.6581650578607487
34,psi_plus_active,tip_4l0_mean,0.001339283567861938,0.0010125847766175866,0.7560645115911483,1.3226384583181745
34,psi_plus_active,tip_l0_integral,8.756081460176649e-07,3.518970288496348e-07,0.4018887106636574,2.488251034343945
34,psi_plus_active,tip_l0_mean,0.005211952840028038,0.0010861018672585487,0.2083867411303564,4.798769799727563
34,psi_plus_active,top1_mean,0.06114179875208563,0.06281214207410812,1.0273191720903618,0.9734073179664569
34,alpha_bar,crack_strip_mean,0.2968946334638869,0.2254299521446228,0.7592927818011342,1.317015022357883
34,alpha_bar,domain_mean,0.1482409489631322,0.1525004506111145,1.028733637215461,0.9720689241840714
34,alpha_bar,max,5.637264251708984,5.41853666305542,0.9611996921046844,1.0403665421597845
34,alpha_bar,p99,1.526515170335771,0.8839389681816101,0.5790567859127005,1.7269463450356
34,alpha_bar,p999,1.8146079418659213,1.4737061262130737,0.8121347274043639,1.2313227919658922
34,alpha_bar,right_band_mean,0.2894850112844737,0.2993229925632477,1.033984423701669,0.9671325573938487
34,alpha_bar,tip_2l0_integral,0.00035509001163893674,0.0006100548198446631,1.7180286683619257,0.5820624640411045
34,alpha_bar,tip_2l0_mean,0.5690544724331212,0.48263826966285706,0.8481407194626339,1.1790496282663816
34,alpha_bar,tip_4l0_integral,0.0009999424029339277,0.002016271697357297,2.016387835380679,0.495936338462986
34,alpha_bar,tip_4l0_mean,0.3993380243952284,0.40068989992141724,1.003385291266055,0.9966261302656894
34,alpha_bar,tip_l0_integral,0.00014721681957776138,0.0001999174855882302,1.3579799248592774,0.7363879109653454
34,alpha_bar,tip_l0_mean,0.8762905237781204,0.6170292496681213,0.7041377635898698,1.4201766354665468
34,alpha_bar,top1_mean,1.7270495915412902,1.153967022895813,0.6681724882410385,1.4966195370187962
34,fatigue_f,crack_strip_mean,0.9131027114288491,0.942006745450656,1.0316547455834153,0.969316531796193
34,fatigue_f,domain_mean,0.9952858860848114,0.9951956262365816,0.9999093126412304,1.0000906955837126
34,fatigue_f,max,1.0,1.0,1.0,1.0
34,fatigue_f,p99,1.0,1.0,1.0,1.0
34,fatigue_f,p999,1.0,1.0,1.0,1.0
34,fatigue_f,right_band_mean,0.9856014267954917,0.9835200302399029,0.9978881964869348,1.002116272665114
34,fatigue_f,tip_2l0_integral,0.0005033262204933111,0.0010321773396896492,2.050712435918816,0.487635410252902
34,fatigue_f,tip_2l0_mean,0.806612485500764,0.8165959457702331,1.0123770217408314,0.9877742960625987
34,fatigue_f,tip_4l0_integral,0.002225793763456878,0.0043665913228936905,1.9618130819595534,0.5097325577017521
34,fatigue_f,tip_4l0_mean,0.8888952819703766,0.8677645485753457,0.9762280959032752,1.0243507682236181
34,fatigue_f,tip_l0_integral,0.00011993339351831756,0.0002455496644287651,2.047383612065159,0.4884282525790651
34,fatigue_f,tip_l0_mean,0.7138891909639504,0.7578692823213794,1.0616063275843182,0.9419687637652809
34,fatigue_f,top1_mean,1.0,1.0,1.0,1.0
35,damage_alpha,crack_strip_mean,0.2722615223823189,0.24950581789016724,0.9164196824691323,1.0912031017335584
35,damage_alpha,domain_mean,0.010875976490903199,0.009253758937120438,0.8508439628258112,1.1753036322650912
35,damage_alpha,max,1.0116385221481323,1.0001534223556519,0.9886470319772988,1.011483337991715
35,damage_alpha,p99,1.0047508502006532,0.9411153793334961,0.9366654222243764,1.0676170767841708
35,damage_alpha,p999,1.0059543071985246,0.9993241429328918,0.9934090800961953,1.006634648339601
35,damage_alpha,right_band_mean,-2.5577712498980225e-05,-0.0007608605665154755,29.74701379358341,0.03361681972311807
35,damage_alpha,tip_2l0_integral,0.0002765144595893907,0.0005621094023808837,2.032839089918069,0.4919228506375798
35,damage_alpha,tip_2l0_mean,0.4431321207698994,0.4447067677974701,1.00355344817892,0.9964591341045481
35,damage_alpha,tip_4l0_integral,0.0005770707707533143,0.001174311270006001,2.0349519149497777,0.4914121029855784
35,damage_alpha,tip_4l0_mean,0.23045957532424718,0.23336869478225708,1.0126231225320834,0.9875342343551082
35,damage_alpha,tip_l0_integral,0.00011762100929127708,0.0002252469421364367,1.9150230345212766,0.5221869303780897
35,damage_alpha,tip_l0_mean,0.7001250002192969,0.6952065825462341,0.9929749435150549,1.0070747570528586
35,damage_alpha,top1_mean,1.0053325067626104,0.9818695187568665,0.9766614648905565,1.0238962383061347
35,psi_plus_raw,crack_strip_mean,33.89746383632165,61.813995361328125,1.8235581180882767,0.5483784641031062
35,psi_plus_raw,domain_mean,1.3590638906666763,2.475982427597046,1.8218293081000596,0.5488988433515075
35,psi_plus_raw,max,1501.64111328125,2797.671630859375,1.863076074646196,0.5367467349340006
35,psi_plus_raw,p99,484.89357421875246,0.06719404458999634,0.0001385748299474943,7216.31771353353
35,psi_plus_raw,p999,1064.6111494141087,2631.89501953125,2.472165561087417,0.4045036528864741
35,psi_plus_raw,right_band_mean,0.008415301121763702,0.008475321345031261,1.007132272796791,0.9929182362739853
35,psi_plus_raw,tip_2l0_integral,0.05438270746266796,0.10937444865703583,2.0111990329300538,0.497215831763369
35,psi_plus_raw,tip_2l0_mean,87.15176966487184,86.53041076660156,0.9928703811677076,1.007180815308346
35,psi_plus_raw,tip_4l0_integral,0.10285205807637693,0.21284469962120056,2.06942577136516,0.48322583676935627
35,psi_plus_raw,tip_4l0_mean,41.07510348265286,42.2982292175293,1.0297777882749097,0.971083287468461
35,psi_plus_raw,tip_l0_integral,0.027063090249430533,0.05481063574552536,2.025291097223411,0.493756182195714
35,psi_plus_raw,tip_l0_mean,161.0898102387103,169.16860961914062,1.050150902583216,0.9522440989577285
35,psi_plus_raw,top1_mean,652.2731068250868,1373.535888671875,2.1057680813448005,0.4748861039632498
35,psi_plus_active,crack_strip_mean,0.006274761451553928,0.005733102560043335,0.9136765762822023,1.0944791909507545
35,psi_plus_active,domain_mean,0.003416265863784727,0.0036566522903740406,1.070365257323094,0.9342605182280745
35,psi_plus_active,max,0.3229322089838115,0.39498013257980347,1.2231054121938136,0.8175910187547595
35,psi_plus_active,p99,0.03452748867387704,0.0341980904340744,0.9904598262875731,1.0096320652884885
35,psi_plus_active,p999,0.10541565972624903,0.10623279213905334,1.0077515277609257,0.9923080962445688
35,psi_plus_active,right_band_mean,0.008415725109894147,0.008488055318593979,1.0085946496297504,0.9914785889128944
35,psi_plus_active,tip_2l0_integral,1.4751265495511878e-06,1.1008975207005278e-06,0.7463071700766823,1.3399308489790485
35,psi_plus_active,tip_2l0_mean,0.002363984716304805,0.000870963151101023,0.3684301108606337,2.714218980810368
35,psi_plus_active,tip_4l0_integral,3.4572507113022277e-06,5.086941200715955e-06,1.4713833694750704,0.6796325286432722
35,psi_plus_active,tip_4l0_mean,0.0013806911926522779,0.001010918291285634,0.7321827622755251,1.365779217325651
35,psi_plus_active,tip_l0_integral,9.256564165623651e-07,3.298587216704618e-07,0.3563511425713084,2.8062208325876012
35,psi_plus_active,tip_l0_mean,0.005509859188878611,0.0010180823737755418,0.18477466281361465,5.411997428504129
35,psi_plus_active,top1_mean,0.06124473050648116,0.06271862238645554,1.024065611323384,0.9764999321749664
35,alpha_bar,crack_strip_mean,0.3072939692890507,0.23116302490234375,0.7522536984281143,1.3293387617629113
35,alpha_bar,domain_mean,0.15182219745334274,0.15615709125995636,1.0285524375178787,0.9722401732022706
35,alpha_bar,max,5.945470333099365,5.5753021240234375,0.9377394573789826,1.0663942869536898
35,alpha_bar,p99,1.622317235469818,0.8960562348365784,0.5523310825068583,1.8105082832950705
35,alpha_bar,p999,1.9066155412197148,1.4787189960479736,0.7755727172463915,1.2893697493001295
35,alpha_bar,right_band_mean,0.29790073452580634,0.30781105160713196,1.0332671790725885,0.9678038945334086
35,alpha_bar,tip_2l0_integral,0.0003595458464932569,0.0006111557013355196,1.699799086253612,0.5883048226623172
35,alpha_bar,tip_2l0_mean,0.5761952329985086,0.48350921273231506,0.8391412928151847,1.1916944244814365
35,alpha_bar,tip_4l0_integral,0.0010088602047199783,0.0020213585812598467,2.003606219972667,0.4991000676837796
35,alpha_bar,tip_4l0_mean,0.4028994468699037,0.40170082449913025,0.9970250086464862,1.0029838683360135
35,alpha_bar,tip_l0_integral,0.00015009128832175572,0.00020024742116220295,1.33417084629806,0.7495291946865067
35,alpha_bar,tip_l0_mean,0.8934004554318753,0.6180475354194641,0.6917922770933624,1.4455206181277485
35,alpha_bar,top1_mean,1.8233952090475294,1.1624211072921753,0.6375036533628816,1.5686184615961363
35,fatigue_f,crack_strip_mean,0.909914414537271,0.9395275479942101,1.0325449657504313,0.9684808247292376
35,fatigue_f,domain_mean,0.9950105076000978,0.9948304919018889,0.9998190816108635,1.000180951126523
35,fatigue_f,max,1.0,1.0,1.0,1.0
35,fatigue_f,p99,1.0,1.0,1.0,1.0
35,fatigue_f,p999,1.0,1.0,1.0,1.0
35,fatigue_f,right_band_mean,0.9841754629065047,0.9820006375755244,0.9977902056971045,1.0022146883085024
35,fatigue_f,tip_2l0_integral,0.0005028027490497876,0.001031789741056862,2.0520765707959443,0.48731125057976143
35,fatigue_f,tip_2l0_mean,0.8057735890058917,0.816289301301352,1.0130504554119648,0.9871176649275007
35,fatigue_f,tip_4l0_integral,0.002224513592110465,0.004364926061167343,1.9621934775530872,0.5096337397100256
35,fatigue_f,tip_4l0_mean,0.8883840314274817,0.867433614218689,0.9764173865494533,1.0241521850956434
35,fatigue_f,tip_l0_integral,0.00011965182493220212,0.00024546696118130757,2.051510382899681,0.48744574160359005
35,fatigue_f,tip_l0_mean,0.7122131876070362,0.757614025402409,1.063746134704294,0.9400739211879585
35,fatigue_f,top1_mean,1.0,1.0,1.0,1.0
36,damage_alpha,crack_strip_mean,0.27463573279529,0.25159990787506104,0.9161222587979854,1.091557366275619
36,damage_alpha,domain_mean,0.01097099211837477,0.009317414835095406,0.8492773246541787,1.1774716820647424
36,damage_alpha,max,1.0118578672409058,1.0001535415649414,0.9884328362165338,1.0117025288513708
36,damage_alpha,p99,1.004951719045639,0.9413254857063293,0.9366872734943597,1.0675921711516896
36,damage_alpha,p999,1.0063058137893677,0.9993074536323547,0.993045493664933,1.007003210204802
36,damage_alpha,right_band_mean,-2.5537769622408405e-05,-0.0007817078731022775,30.609872540175125,0.03266919843222185
36,damage_alpha,tip_2l0_integral,0.00027660634459661084,0.0005623787292279303,2.0331374902049912,0.4918506519198438
36,damage_alpha,tip_2l0_mean,0.44327937237539194,0.4449198544025421,1.0037007858460891,0.9963128594713916
36,damage_alpha,tip_4l0_integral,0.0005773174453412473,0.0011750722769647837,2.035400604030264,0.491303774804781
36,damage_alpha,tip_4l0_mean,0.23055808754087553,0.23351992666721344,1.0128463900699767,0.9873165465208509
36,damage_alpha,tip_l0_integral,0.00011765725123979016,0.00022529465786647052,1.9148386987837327,0.5222371997365522
36,damage_alpha,tip_l0_mean,0.7003407260863299,0.6953538060188293,0.9928792944894571,1.007171773598325
36,damage_alpha,top1_mean,1.0055004244380528,0.9822356700897217,0.9768625116579805,1.0236855115903152
36,psi_plus_raw,crack_strip_mean,34.39822599812393,62.47206497192383,1.8161420584692665,0.550617720313602
36,psi_plus_raw,domain_mean,1.3790384671164266,2.5022590160369873,1.8144954442563288,0.5511173936343776
36,psi_plus_raw,max,1536.4892578125,2791.96337890625,1.8171056938472636,0.5503257203948064
36,psi_plus_raw,p99,487.8176617431641,0.07041213661432266,0.00014434109737378604,6928.033790753286
36,psi_plus_raw,p999,1103.1193201904384,2629.792724609375,2.3839603535865708,0.41947006312229185
36,psi_plus_raw,right_band_mean,0.008406728414569924,0.008469652384519577,1.0074849533429198,0.9925706549580875
36,psi_plus_raw,tip_2l0_integral,0.05554718801949829,0.11252789199352264,2.025807174145753,0.49363039718806523
36,psi_plus_raw,tip_2l0_mean,89.01792429385507,89.02522277832031,1.000081988931141,0.9999180177904928
36,psi_plus_raw,tip_4l0_integral,0.10500063734131908,0.21909940242767334,2.0866483097189255,0.4792374428131118
36,psi_plus_raw,tip_4l0_mean,41.93316230324201,43.54121398925781,1.038347970858651,0.9630682854544999
36,psi_plus_raw,tip_l0_integral,0.0276259325901876,0.056369341909885406,2.0404502807592864,0.49008790335625474
36,psi_plus_raw,tip_l0_mean,164.4400620034279,173.97943115234375,1.0580112232548111,0.945169557770523
36,psi_plus_raw,top1_mean,658.8324763319227,1388.1611328125,2.107001677484305,0.4746080701720034
36,psi_plus_active,crack_strip_mean,0.006250877466694614,0.005679791327565908,0.9086390443307332,1.100547028260886
36,psi_plus_active,domain_mean,0.0033593942089458683,0.003608503844588995,1.074153141950344,0.9309659497753702
36,psi_plus_active,max,0.30693405312558564,0.4140467047691345,1.348976109209109,0.7413029728052706
36,psi_plus_active,p99,0.03424623552989786,0.034028779715299606,0.993650227207939,1.006390350063023
36,psi_plus_active,p999,0.10426134636125468,0.10568982362747192,1.0137009286381908,0.9864842496922671
36,psi_plus_active,right_band_mean,0.008407150921482549,0.00848272256553173,1.0089889719781377,0.9910911097863491
36,psi_plus_active,tip_2l0_integral,1.5323959327832823e-06,1.0794163927130285e-06,0.7043978449828501,1.4196522705493895
36,psi_plus_active,tip_2l0_mean,0.0024557625686619905,0.0008539686095900834,0.34774070607948215,2.8757058995889677
36,psi_plus_active,tip_4l0_integral,3.552011022499728e-06,5.0657963583944365e-06,1.4261769815200016,0.7011752489050921
36,psi_plus_active,tip_4l0_mean,0.001418534767795863,0.0010067162802442908,0.7096874204983633,1.409071051728338
36,psi_plus_active,tip_l0_integral,9.731515094280062e-07,3.240692763029074e-07,0.33301009469058634,3.0029119715699366
36,psi_plus_active,tip_l0_mean,0.005792568052740048,0.0010002137860283256,0.17267190940556948,5.7913299473118895
36,psi_plus_active,top1_mean,0.061040973327153976,0.06277730315923691,1.028445316931251,0.9723414395855988
36,alpha_bar,crack_strip_mean,0.3177635796308903,0.2368428111076355,0.7453428469768272,1.3416644488587817
36,alpha_bar,domain_mean,0.15535034076691057,0.1597655862569809,1.02842121535282,0.9723642269057339
36,alpha_bar,max,6.2622785568237305,5.739229202270508,0.916476191563967,1.0911358191351372
36,alpha_bar,p99,1.7237925267219547,0.9037653207778931,0.5242889192103274,1.9073452887506726
36,alpha_bar,p999,2.0018418238162994,1.4846235513687134,0.7416288008901901,1.3483834484309163
36,alpha_bar,right_band_mean,0.30630788498316697,0.31629374623298645,1.032600731941224,0.9684285213705625
36,alpha_bar,tip_2l0_integral,0.00036412559360720053,0.0006122351624071598,1.6813845913495626,0.5947479268840868
36,alpha_bar,tip_2l0_mean,0.5835345708913815,0.48436322808265686,0.83005061267024,1.2047458127680184
36,alpha_bar,tip_4l0_integral,0.0010180038137531423,0.0020264245104044676,1.9905863642430903,0.5023645383907995
36,alpha_bar,tip_4l0_mean,0.40655104795855884,0.402707576751709,0.9905461534876141,1.009544074729986
36,alpha_bar,tip_l0_integral,0.0001530569782416076,0.00020057157962583005,1.3104373412443726,0.7631040176636101
36,alpha_bar,tip_l0_mean,0.9110533702325365,0.6190480589866638,0.6794860534116223,1.4717005521733868
36,alpha_bar,top1_mean,1.923483423391978,1.1703736782073975,0.6084656950895346,1.6434780268965727
36,fatigue_f,crack_strip_mean,0.9067770778292956,0.9369781470983816,1.0333059469714247,0.9677675841612613
36,fatigue_f,domain_mean,0.9947280426559835,0.9944220194284514,0.999692354880521,1.0003077397941247
36,fatigue_f,max,1.0,1.0,1.0,1.0
36,fatigue_f,p99,1.0,1.0,1.0,1.0
36,fatigue_f,p999,1.0,1.0,1.0,1.0
36,fatigue_f,right_band_mean,0.9827240665281035,0.9800438595277843,0.9972726759304997,1.0027347827082052
36,fatigue_f,tip_2l0_integral,0.0005023125718666818,0.0010314055311418362,2.0533141890296553,0.4870175277328478
36,fatigue_f,tip_2l0_mean,0.8049880486944547,0.8159853377799003,1.0136614314998604,0.9865226878765168
36,fatigue_f,tip_4l0_integral,0.0022232941926911363,0.004363246368933015,1.9625141752615392,0.5095504596122128
36,fatigue_f,tip_4l0_mean,0.8878970508237641,0.8670998121140989,0.9765769706179673,1.0239848266821312
36,fatigue_f,tip_l0_integral,0.00011938826991277361,0.0002453851222309994,2.0553536994068216,0.4865342642916407
36,fatigue_f,tip_l0_mean,0.7106444078529176,0.7573614360670488,1.0657389655049536,0.9383160721032602
36,fatigue_f,top1_mean,1.0,1.0,1.0,1.0
37,damage_alpha,crack_strip_mean,0.277247458906934,0.2538304924964905,0.9155376698391884,1.0922543473013482
37,damage_alpha,domain_mean,0.011075504808588712,0.009386476129293442,0.8474987182538641,1.179942787477414
37,damage_alpha,max,1.0120958089828491,1.0001530647277832,0.9881999864547721,1.011940916521929
37,damage_alpha,p99,1.0050520920753478,0.9415445923805237,0.9368117332468942,1.06745033661577
37,damage_alpha,p999,1.0065830945968628,0.9993226528167725,0.9927870418060238,1.0072653629532218
37,damage_alpha,right_band_mean,-2.5490324595945495e-05,-0.0008025744464248419,31.48545415355361,0.031760697975739216
37,damage_alpha,tip_2l0_integral,0.00027669758241939376,0.0005626942729577422,2.033607478741393,0.49173697994998694
37,damage_alpha,tip_2l0_mean,0.4434255868263984,0.44516947865486145,1.0039327722176434,0.9960826338909566
37,damage_alpha,tip_4l0_integral,0.00057756820248098,0.0011760591296479106,2.0362255480756657,0.49110473097886903
37,damage_alpha,tip_4l0_mean,0.23065823016958098,0.23371604084968567,1.0132568895454395,0.9869165562235785
37,damage_alpha,tip_l0_integral,0.00011769366538612157,0.00022533762967213988,1.9146113678494687,0.5222992074486744
37,damage_alpha,tip_l0_mean,0.7005574769402964,0.6954864859580994,0.9927614918845137,1.0072912861494514
37,damage_alpha,top1_mean,1.0056586400667826,0.9826284646987915,0.9770994108234761,1.0234373175573035
37,psi_plus_raw,crack_strip_mean,34.990779030852224,63.158119201660156,1.8049932282437067,0.5540186989914745
37,psi_plus_raw,domain_mean,1.402678332859316,2.529653787612915,1.8034454003836324,0.554494191943531
37,psi_plus_raw,max,1573.1358642578125,2789.2490234375,1.7730503046877237,0.5639997902801318
37,psi_plus_raw,p99,489.8949508667013,0.07015041261911392,0.00014319480634574167,6983.493504544539
37,psi_plus_raw,p999,1140.8937984619722,2625.93701171875,2.301648948621467,0.43447112149701755
37,psi_plus_raw,right_band_mean,0.00839686870216745,0.008462834171950817,1.007855960611405,0.9922052744455275
37,psi_plus_raw,tip_2l0_integral,0.056811186213987924,0.11570523679256439,2.036662926852876,0.4909992649324823
37,psi_plus_raw,tip_2l0_mean,91.04356230716282,91.53894805908203,1.0054411947354156,0.9945882516412634
37,psi_plus_raw,tip_4l0_integral,0.10734779008649414,0.22547294199466705,2.10039668085384,0.4761005428714952
37,psi_plus_raw,tip_4l0_mean,42.870523632716484,44.80781555175781,1.0451893691721295,0.9567644194392037
37,psi_plus_raw,tip_l0_integral,0.028229657657457895,0.057951390743255615,2.0528548892248306,0.4871264916233829
37,psi_plus_raw,tip_l0_mean,168.03366331157756,178.8623046875,1.06444328572331,0.9394582251702406
37,psi_plus_raw,top1_mean,666.7547245958116,1403.4068603515625,2.1048322697710335,0.47509723903500456
37,psi_plus_active,crack_strip_mean,0.006272113237790272,0.005629550665616989,0.8975524599425657,1.1141410052666894
37,psi_plus_active,domain_mean,0.003297980880997654,0.003559097182005644,1.0791745951325833,0.926634118807387
37,psi_plus_active,max,0.32536230153604073,0.41345012187957764,1.2707376359451383,0.7869445050757693
37,psi_plus_active,p99,0.03448729662549436,0.03418785706162453,0.9913173952971288,1.008758652621312
37,psi_plus_active,p999,0.10494953465881934,0.10663141310214996,1.0160255921934123,0.9842271766414703
37,psi_plus_active,right_band_mean,0.008397289594750728,0.008476239629089832,1.0094018472803958,0.990685724118965
37,psi_plus_active,tip_2l0_integral,1.5931494211520827e-06,1.05553363027866e-06,0.6625452806023386,1.5093308024032286
37,psi_plus_active,tip_2l0_mean,0.002553123922513118,0.0008350739954039454,0.32707930392268486,3.057362505077302
37,psi_plus_active,tip_4l0_integral,3.648871323590002e-06,4.965307653037598e-06,1.3607790499316372,0.7348731596435424
37,psi_plus_active,tip_4l0_mean,0.0014572169970584945,0.0009867462795227766,0.6771443659486546,1.4767899583703048
37,psi_plus_active,tip_l0_integral,1.024066591543295e-06,3.1781121379026445e-07,0.31034233165571257,3.2222481369682416
37,psi_plus_active,tip_l0_mean,0.006095633993866738,0.0009808987379074097,0.1609182472068309,6.214335647806823
37,psi_plus_active,top1_mean,0.0611830919898266,0.06267537921667099,1.0243905166985108,0.9761902162301164
37,alpha_bar,crack_strip_mean,0.32838217920579504,0.24247238039970398,0.738384710723745,1.3543075655234338
37,alpha_bar,domain_mean,0.15882218087028724,0.16332468390464783,1.0283493338883054,0.9724321950196503
37,alpha_bar,max,6.587413311004639,5.898242950439453,0.8953807317033093,1.116843332218765
37,alpha_bar,p99,1.8287850141525268,0.9119407534599304,0.49865935383472665,2.0053770019752513
37,alpha_bar,p999,2.097943608760842,1.487241268157959,0.708904310843895,1.4106276188525053
37,alpha_bar,right_band_mean,0.3147051726920417,0.3247699737548828,1.0319816829724948,0.9690094470665646
37,alpha_bar,tip_2l0_integral,0.00036883595394353276,0.0006132906419225037,1.6627734779250831,0.601404829506822
37,alpha_bar,tip_2l0_mean,0.5910832248334892,0.4851982593536377,0.8208628480199557,1.2182303077939878
37,alpha_bar,tip_4l0_integral,0.0010273770567782643,0.0020313900895416737,1.9772585694213167,0.5057507477601524
37,alpha_bar,tip_4l0_mean,0.41029435591394303,0.40369436144828796,0.9839140013248455,1.0163489884822197
37,alpha_bar,tip_l0_integral,0.0001561222444556303,0.00020088926248718053,1.2867433669535346,0.7771557450244162
37,alpha_bar,tip_l0_mean,0.9292990010232933,0.620028555393219,0.6672002818366074,1.4988003261139102
37,alpha_bar,top1_mean,2.0264875780211553,1.1779521703720093,0.5812777651083693,1.7203479300701743
37,fatigue_f,crack_strip_mean,0.9036304368095072,0.9343818807181321,1.034030996141742,0.9670889980390133
37,fatigue_f,domain_mean,0.9944223070850006,0.9939802815580092,0.9995554951615204,1.0004447025108973
37,fatigue_f,max,1.0,1.0,1.0,1.0
37,fatigue_f,p99,1.0,1.0,1.0,1.0
37,fatigue_f,p999,1.0,1.0,1.0,1.0
37,fatigue_f,right_band_mean,0.9809719991816784,0.977781830148338,0.9967479509751536,1.0032626593530138
37,fatigue_f,tip_2l0_integral,0.000501847431823167,0.0010310232450263207,2.054455556902434,0.48674696156860703
37,fatigue_f,tip_2l0_mean,0.8042426320018021,0.8156828962516373,1.0142248915869576,0.9859746179521388
37,fatigue_f,tip_4l0_integral,0.0022221264615580015,0.004361590130385013,1.9628001402435789,0.509476222003888
37,fatigue_f,tip_4l0_mean,0.8874307045198545,0.866770670916844,0.9767192711523447,1.0238356399174846
37,fatigue_f,tip_l0_integral,0.00011913762734553344,0.00024530489846225247,2.0590043962416473,0.4856716196552689
37,fatigue_f,tip_l0_mean,0.7091524879272055,0.7571138318596197,1.0676319194375263,0.9366524003205546
37,fatigue_f,top1_mean,1.0,1.0,1.0,1.0
38,damage_alpha,crack_strip_mean,0.2797519925886159,0.2560763955116272,0.915369335324791,1.0924552106010634
38,damage_alpha,domain_mean,0.011175727776925971,0.009456301108002663,0.8461463357694402,1.1818286716217397
38,damage_alpha,max,1.0127923488616943,1.0001553297042847,0.9875225961455842,1.0126350565578108
38,damage_alpha,p99,1.0051268029212952,0.9416951537132263,0.9368918936160975,1.067359005680288
38,damage_alpha,p999,1.00682418859005,0.9993383288383484,0.9925648789167603,1.0074908162087641
38,damage_alpha,right_band_mean,-2.543613845086063e-05,-0.0008232819964177907,32.366626640606874,0.03089602172953696
38,damage_alpha,tip_2l0_integral,0.0002768281203783455,0.0005630683735944331,2.0339999159943662,0.491642104867604
38,damage_alpha,tip_2l0_mean,0.44363478226115866,0.44546544551849365,1.0041265097565262,0.995890448348459
38,damage_alpha,tip_4l0_integral,0.0005778588824888791,0.0011771515710279346,2.0370917653075775,0.4908959022025262
38,damage_alpha,tip_4l0_mean,0.2307743164358949,0.23393313586711884,1.0136879158825345,0.9864969132332829
38,damage_alpha,tip_l0_integral,0.00011777183485098921,0.00022540107602253556,1.9138792930221749,0.5224989912613124
38,damage_alpha,tip_l0_mean,0.7010227713374229,0.6956822872161865,0.9923818678371208,1.0076766136199997
38,damage_alpha,top1_mean,1.0058043434884814,0.9830262064933777,0.9773533121599961,1.023171444306004
38,psi_plus_raw,crack_strip_mean,35.54599924607488,63.78541564941406,1.7944471108505267,0.5572747137284102
38,psi_plus_raw,domain_mean,1.424827804826627,2.554699420928955,1.7929881858529642,0.5577281589974771
38,psi_plus_raw,max,1606.8558349609375,2789.453125,1.7359697518027877,0.5760469034448956
38,psi_plus_raw,p99,492.6943969726576,0.0729936882853508,0.00014815205680003223,6749.821916746973
38,psi_plus_raw,p999,1179.877251342831,2622.05224609375,2.2223093487984147,0.44998235756002747
38,psi_plus_raw,right_band_mean,0.00838723993986088,0.008456614799797535,1.0082714767234626,0.991796379333925
38,psi_plus_raw,tip_2l0_integral,0.05780575054542357,0.11872398108243942,2.0538437778633547,0.48689194902657856
38,psi_plus_raw,tip_2l0_mean,92.63741530886705,93.92719268798828,1.0139228558441633,0.9862683282422198
38,psi_plus_raw,tip_4l0_integral,0.10928530464939762,0.23120902478694916,2.1156460653946083,0.47266885343294934
38,psi_plus_raw,tip_4l0_mean,43.644291437258694,45.94773864746094,1.052777743304954,0.949868104981712
38,psi_plus_raw,tip_l0_integral,0.028631840676668678,0.059501972049474716,2.078174879548044,0.481191457870705
38,psi_plus_raw,tip_l0_mean,170.42760966614284,183.64805603027344,1.0775722102189231,0.9280120538713937
38,psi_plus_raw,top1_mean,673.861855875651,1417.3468017578125,2.103319529662409,0.4754389363562387
38,psi_plus_active,crack_strip_mean,0.006249736089470905,0.005584258120507002,0.893519028733861,1.1191703453893145
38,psi_plus_active,domain_mean,0.0032377423499146416,0.003511170856654644,1.0844503599081041,0.9221261174967378
38,psi_plus_active,max,0.3153509840106589,0.3741242289543152,1.1863740654814945,0.84290446756702
38,psi_plus_active,p99,0.03437893311688851,0.03448677062988281,1.0031367323886302,0.99687307593536
38,psi_plus_active,p999,0.1028142535984222,0.10787921398878098,1.049263212182056,0.9530497099201565
38,psi_plus_active,right_band_mean,0.008387659117208037,0.008470352739095688,1.009858963118565,0.9902372871077765
38,psi_plus_active,tip_2l0_integral,1.6711760327179312e-06,1.012592292681802e-06,0.6059159973919468,1.6503937910606665
38,psi_plus_active,tip_2l0_mean,0.002678166561914353,0.0008011014433577657,0.2991230847065533,3.343105400845352
38,psi_plus_active,tip_4l0_integral,3.75926267159701e-06,4.936875484418124e-06,1.313256325959484,0.7614659683968288
38,psi_plus_active,tip_4l0_mean,0.001501302999106312,0.0009810960618779063,0.6534963711269,1.5302303795131769
38,psi_plus_active,tip_l0_integral,1.0932369571976472e-06,2.9301506287993107e-07,0.26802520803086666,3.7309923471259343
38,psi_plus_active,tip_l0_mean,0.006507362328462091,0.0009043674217537045,0.138976036081187,7.1954851224553575
38,psi_plus_active,top1_mean,0.061058537824128546,0.0625348910689354,1.024179308863558,0.976391527680453
38,alpha_bar,crack_strip_mean,0.33906122852553366,0.24805663526058197,0.7315983497709222,1.3668702236864252
38,alpha_bar,domain_mean,0.16223709547108642,0.16683587431907654,1.0283460378444071,0.9724353118490878
38,alpha_bar,max,6.904689311981201,6.055032253265381,0.8769449253507362,1.1403224662028206
38,alpha_bar,p99,1.9369437754154206,0.9207779765129089,0.47537671882883004,2.103594813106681
38,alpha_bar,p999,2.2251608560085305,1.487892985343933,0.6686676072546501,1.4955113559421578
38,alpha_bar,right_band_mean,0.32309283079299694,0.3332403898239136,1.0314075648351915,0.9695488321920441
38,alpha_bar,tip_2l0_integral,0.000373618580746598,0.0006143031641840935,1.6441986449296448,0.6081990172439231
38,alpha_bar,tip_2l0_mean,0.5987476904142057,0.48599931597709656,0.8116930115269232,1.2319928665134636
38,alpha_bar,tip_4l0_integral,0.0010369187417821756,0.0020363263320177794,1.9638244058718617,0.5092104961166519
38,alpha_bar,tip_4l0_mean,0.41410493303086854,0.40467533469200134,0.9772289639974796,1.0233016384505966
38,alpha_bar,tip_l0_integral,0.00015922995685072386,0.00020118229440413415,1.2634701307665372,0.7914710254316087
38,alpha_bar,tip_l0_mean,0.9477972876338788,0.620932936668396,0.6551326372947524,1.5264084600170629
38,alpha_bar,top1_mean,2.1321366996235316,1.185317873954773,0.5559295865804772,1.798788954822498
38,fatigue_f,crack_strip_mean,0.9005053494716475,0.9317247715607213,1.034668780265871,0.9664928710258733
38,fatigue_f,domain_mean,0.9940919964443949,0.993511135503488,0.99941568693543,1.0005846546859412
38,fatigue_f,max,1.0,1.0,1.0,1.0
38,fatigue_f,p99,1.0,1.0,1.0,1.0
38,fatigue_f,p999,1.0,1.0,1.0,1.0
38,fatigue_f,right_band_mean,0.9789672791641976,0.9753782253146795,0.9963338367625707,1.0036796534476256
38,fatigue_f,tip_2l0_integral,0.0005014051359749604,0.0010306504786219178,2.0555243747510943,0.48649386613140555
38,fatigue_f,tip_2l0_mean,0.8035338245943541,0.815387986139925,1.0147525358394904,0.9854619374493252
38,fatigue_f,tip_4l0_integral,0.002221003377730957,0.00435994749201504,1.9630530667942039,0.5094105793243107
38,fatigue_f,tip_4l0_mean,0.8869821886099317,0.8664442324576004,0.9768451312596049,1.0237037253904697
38,fatigue_f,tip_l0_integral,0.0001188990303107278,0.00024522922047153016,2.0624997515173518,0.48484854326130916
38,fatigue_f,tip_l0_mean,0.7077322675936771,0.7568802578303101,1.0694443258942232,0.9350650387189096
38,fatigue_f,top1_mean,1.0,1.0,1.0,1.0
39,damage_alpha,crack_strip_mean,0.2824042476199537,0.25834164023399353,0.9147937483633657,1.0931425819088452
39,damage_alpha,domain_mean,0.011281857050212394,0.009526991285383701,0.844452402027585,1.1841993670678597
39,damage_alpha,max,1.0163209438323975,1.0001553297042847,0.9840939870163901,1.016163103518023
39,damage_alpha,p99,1.005237572193146,0.941864550113678,0.9369571692975962,1.0672846451985258
39,damage_alpha,p999,1.0070945594310763,0.9993652701377869,0.992325160312994,1.0077341984199868
39,damage_alpha,right_band_mean,-2.5378739562182213e-05,-0.0008439102093689144,33.252644691088435,0.03007279599231383
39,damage_alpha,tip_2l0_integral,0.00027727294708912296,0.0005634860135614872,2.0322430279516874,0.4920671328408529
39,damage_alpha,tip_2l0_mean,0.44434764553787326,0.44579586386680603,1.003259201086077,0.9967513867976006
39,damage_alpha,tip_4l0_integral,0.0005784757189697079,0.0011783597292378545,2.037008106989465,0.490916062910481
39,damage_alpha,tip_4l0_mean,0.23102065688601117,0.2341732382774353,1.0136463181860818,0.9865373967810569
39,damage_alpha,tip_l0_integral,0.00011813010418392408,0.00022546135005541146,1.9085850436936609,0.5239483581327413
39,damage_alpha,tip_l0_mean,0.7031553267228168,0.6958683133125305,0.9896366945775001,1.010471828176222
39,damage_alpha,top1_mean,1.0059627567397225,0.9834381937980652,0.9776089494459433,1.0229038927750678
39,psi_plus_raw,crack_strip_mean,36.1203666397375,64.45362091064453,1.7844121449126282,0.5604086493420296
39,psi_plus_raw,domain_mean,1.4477397845608821,2.581380605697632,1.7830418375085253,0.5608393358830643
39,psi_plus_raw,max,1643.759765625,2786.897705078125,1.695441002608112,0.589817043743599
39,psi_plus_raw,p99,494.6140563964863,0.0759781152009964,0.00015361090979608508,6509.954282072002
39,psi_plus_raw,p999,1221.5968739013763,2620.63818359375,2.145256131201694,0.46614480455526613
39,psi_plus_raw,right_band_mean,0.00837673137715385,0.008449419401586056,1.0086773732091314,0.9913972758390285
39,psi_plus_raw,tip_2l0_integral,0.05798352607882375,0.12156760692596436,2.0965887235057656,0.4769652668587626
39,psi_plus_raw,tip_2l0_mean,92.92231198028743,96.17689514160156,1.0350247759871123,0.9661604467837894
39,psi_plus_raw,tip_4l0_integral,0.11044794617708355,0.23666712641716003,2.1427933665484966,0.4666805561428209
39,psi_plus_raw,tip_4l0_mean,44.10860515111231,47.03241729736328,1.0662866607600545,0.9378341085943952
39,psi_plus_raw,tip_l0_integral,0.0281831537160233,0.06094176322221756,2.16234718925617,0.4624604249348098
39,psi_plus_raw,tip_l0_mean,167.756854158151,188.0918426513672,1.1212170351862083,0.8918879829844211
39,psi_plus_raw,top1_mean,680.1413713921442,1432.1966552734375,2.105733771703892,0.4748938414901481
39,psi_plus_active,crack_strip_mean,0.0062537088723578355,0.005525296553969383,0.8835231487017049,1.1318322575582227
39,psi_plus_active,domain_mean,0.003175178152488249,0.003461942309513688,1.0903143519051726,0.9171666852340696
39,psi_plus_active,max,0.30494257940092334,0.372408926486969,1.2212427900970309,0.8188379969232387
39,psi_plus_active,p99,0.03446649616876695,0.03445740416646004,0.999736207525639,1.0002638620791917
39,psi_plus_active,p999,0.10375058456889326,0.10728917270898819,1.0341066814688182,0.9670182176752073
39,psi_plus_active,right_band_mean,0.008377148834367614,0.008463487029075623,1.0103063937880394,0.9897987443696197
39,psi_plus_active,tip_2l0_integral,1.823043477728773e-06,1.0003533361668815e-06,0.5487270865383668,1.8223995580544035
39,psi_plus_active,tip_2l0_mean,0.002921543863352743,0.0007914187153801322,0.27089058128051025,3.6915273881910595
39,psi_plus_active,tip_4l0_integral,3.941379696340248e-06,4.912433723802678e-06,1.2463741385698257,0.8023273020952343
39,psi_plus_active,tip_4l0_mean,0.0015740334410360832,0.0009762388071976602,0.6202147818124284,1.6123446736914924
39,psi_plus_active,tip_l0_integral,1.238163795182439e-06,2.96406085453782e-07,0.239391659332203,4.177254975338566
39,psi_plus_active,tip_l0_mean,0.007370022010497393,0.0009148335084319115,0.12412900628096911,8.056134742080147
39,psi_plus_active,top1_mean,0.06114507425650121,0.062372367829084396,1.0200718306013457,0.9803231203928914
39,alpha_bar,crack_strip_mean,0.34983188170392887,0.2535819709300995,0.7248680986277631,1.3795613324590845
39,alpha_bar,domain_mean,0.1655929510626925,0.1702978014945984,1.0284121419523748,0.972372805810678
39,alpha_bar,max,7.092929363250732,6.213339328765869,0.87599058309503,1.1415647831131046
39,alpha_bar,p99,2.047265560626984,0.9285262823104858,0.45354462077021446,2.2048547247717085
39,alpha_bar,p999,2.3671196944713717,1.500925898551941,0.6340726673253968,1.577106302686305
39,alpha_bar,right_band_mean,0.3314699779885127,0.3417038023471832,1.0308740611164042,0.970050598534831
39,alpha_bar,tip_2l0_integral,0.0003782666337252993,0.0006153034046292305,1.62663938547662,0.6147644087118861
39,alpha_bar,tip_2l0_mean,0.6061964928275092,0.48679062724113464,0.8030244862859162,1.2452920391321054
39,alpha_bar,tip_4l0_integral,0.0010464179978661482,0.0020412388257682323,1.9506916260334963,0.5126386901210948
39,alpha_bar,tip_4l0_mean,0.4178985656907775,0.40565159916877747,0.9706939254463436,1.0301908498502048
39,alpha_bar,tip_l0_integral,0.0001621763308051509,0.00020147868781350553,1.24234336054609,0.8049304497916224
39,alpha_bar,tip_l0_mean,0.9653352264589145,0.6218477487564087,0.6441780344404278,1.5523658779651823
39,alpha_bar,top1_mean,2.2401815880669487,1.1923441886901855,0.5322533651028971,1.8788044671294402
39,fatigue_f,crack_strip_mean,0.8973574843648843,0.9290633410978307,1.0353324703759357,0.9658733098913567
39,fatigue_f,domain_mean,0.9937441181105475,0.9930102712691753,0.9992615333987913,1.0007390123371376
39,fatigue_f,max,1.0,1.0,1.0,1.0
39,fatigue_f,p99,1.0,1.0,1.0,1.0
39,fatigue_f,p999,1.0,1.0,1.0,1.0
39,fatigue_f,right_band_mean,0.9768255666457346,0.9728937678852834,0.9959749223457035,1.0040413443792506
39,fatigue_f,tip_2l0_integral,0.0005009292375017071,0.0010302785466527373,2.0567347032707914,0.48620757864867864
39,fatigue_f,tip_2l0_mean,0.8027711668294144,0.8150937361826197,1.0153500397901358,0.9848820217771316
39,fatigue_f,tip_4l0_integral,0.0022198689455223027,0.004358283686039006,1.963306750531422,0.5093447571192443
39,fatigue_f,tip_4l0_mean,0.8865291405986812,0.8661135873994883,0.9769713681544567,1.0235714500917723
39,fatigue_f,tip_l0_integral,0.00011861519127939047,0.0002451514744231567,2.0667797419448424,0.4838444947495948
39,fatigue_f,tip_l0_mean,0.706042749682934,0.7566403009074564,1.071663580211318,0.9331286594649538
39,fatigue_f,top1_mean,1.0,1.0,1.0,1.0
40,damage_alpha,crack_strip_mean,0.28498767499543204,0.26076802611351013,0.9150151006273863,1.092878138638743
40,damage_alpha,domain_mean,0.011385231431672907,0.009603992104530334,0.8435482547866976,1.1854686371829
40,damage_alpha,max,1.0179729461669922,1.0001499652862549,0.9824916949435181,1.017820308453079
40,damage_alpha,p99,1.005333036184311,0.942062497138977,0.9370650950798614,1.06716172147547
40,damage_alpha,p999,1.0073367944955829,0.9993653297424316,0.9920865942783884,1.007976527217735
40,damage_alpha,right_band_mean,-2.531906094916091e-05,-0.0008646712522022426,34.15100006822719,0.029281719364065196
40,damage_alpha,tip_2l0_integral,0.0002775525764246214,0.0005638763541355729,2.0316019451136755,0.49222240725116373
40,damage_alpha,tip_2l0_mean,0.4447957694466659,0.44610467553138733,1.0029427125315282,0.9970659216176958
40,damage_alpha,tip_4l0_integral,0.0005789492716915491,0.0011794299352914095,2.037190463761016,0.49087211912126366
40,damage_alpha,tip_4l0_mean,0.23120977538706905,0.2343859076499939,1.0137370154769956,0.9864491329928089
40,damage_alpha,tip_l0_integral,0.0001182634312504858,0.0002255375438835472,1.9070776274523213,0.5243625039720629
40,damage_alpha,tip_l0_mean,0.7039489401518141,0.6961034536361694,0.9888550346933505,1.011270575479353
40,damage_alpha,top1_mean,1.0060960872968039,0.9838479161262512,0.977886633839985,1.0226134251095955
40,psi_plus_raw,crack_strip_mean,36.68287314054815,65.18405151367188,1.776961451844931,0.5627584092844273
40,psi_plus_raw,domain_mean,1.470179351922459,2.610546827316284,1.7756655498546077,0.5631691171132314
40,psi_plus_raw,max,1678.5516357421875,2783.658935546875,1.6583695587750291,0.6030019031093767
40,psi_plus_raw,p99,496.026192626955,0.07664897292852402,0.0001545260594457543,6471.400381183251
40,psi_plus_raw,p999,1258.5810345459522,2621.472412109375,2.0828793221527464,0.48010462697687956
40,psi_plus_raw,right_band_mean,0.00836636919721728,0.008442549034953117,1.00910548362618,0.990976678083782
40,psi_plus_raw,tip_2l0_integral,0.05855315612052532,0.12444745004177094,2.125375612300204,0.47050506941582076
40,psi_plus_raw,tip_2l0_mean,93.83518058328308,98.45525360107422,1.0492360433376116,0.9530743881224361
40,psi_plus_raw,tip_4l0_integral,0.11171713739163372,0.24252015352249146,2.170841100880672,0.460650942896888
40,psi_plus_raw,tip_4l0_mean,44.615470657276596,48.195579528808594,1.080243664782411,0.9257170697700188
40,psi_plus_raw,tip_l0_integral,0.02825291182825563,0.06230708211660385,2.205333117356448,0.4534462354597516
40,psi_plus_raw,tip_l0_mean,168.1720809840066,192.30580139160156,1.1435061055698663,0.8745034199022925
40,psi_plus_raw,top1_mean,687.2195235188802,1448.42919921875,2.1076659635659447,0.4744584850191856
40,psi_plus_active,crack_strip_mean,0.006235058338882112,0.005474346224218607,0.877994387010035,1.138959445293778
40,psi_plus_active,domain_mean,0.003113732553645895,0.0034086364321410656,1.0947107284952478,0.9134833284904096
40,psi_plus_active,max,0.31239637379237173,0.37568631768226624,1.2025950017331475,0.8315351373977333
40,psi_plus_active,p99,0.03467496691418224,0.03459452837705612,0.9976802130100024,1.0023251809144322
40,psi_plus_active,p999,0.10491946526997094,0.10526228696107864,1.0032674746313812,0.9967431669878647
40,psi_plus_active,right_band_mean,0.00836678494974263,0.008456946350634098,1.0107761107083602,0.9893387758236509
40,psi_plus_active,tip_2l0_integral,2.01692439080292e-06,9.764216883922927e-07,0.48411417544689794,2.0656284213881464
40,psi_plus_active,tip_2l0_mean,0.0032322504365819705,0.0007724854513071477,0.2389930689046586,4.184221762510316
40,psi_plus_active,tip_4l0_integral,4.16819832923088e-06,4.873711077379994e-06,1.1692608394378623,0.8552411628535882
40,psi_plus_active,tip_4l0_mean,0.0016646159630781614,0.0009685435215942562,0.5818420242728254,1.718679569853656
40,psi_plus_active,tip_l0_integral,1.4188177171744611e-06,2.940580543508986e-07,0.20725569662078058,4.824957848226086
40,psi_plus_active,tip_l0_mean,0.008445342890129237,0.000907586538232863,0.10746591938778868,9.305275623163093
40,psi_plus_active,top1_mean,0.0611294416344138,0.062447551637887955,1.0215626049941229,0.9788925271063079
40,alpha_bar,crack_strip_mean,0.36069458470330107,0.2590562403202057,0.7182149422434476,1.3923408455919286
40,alpha_bar,domain_mean,0.16889178922495449,0.17370644211769104,1.028507323623197,0.9722828190247862
40,alpha_bar,max,7.331894397735596,6.363208770751953,0.8678805811383734,1.1522322560649179
40,alpha_bar,p99,2.1598282527923582,0.937394380569458,0.43401338942461615,2.3040763818962553
40,alpha_bar,p999,2.503825441360538,1.5072603225708008,0.6019829887788744,1.661176509370315
40,alpha_bar,right_band_mean,0.33983676189126394,0.35016077756881714,1.0303793374798473,0.9705163560886707
40,alpha_bar,tip_2l0_integral,0.0003837448285405447,0.000616279779933393,1.6059624367505443,0.6226795702789721
40,alpha_bar,tip_2l0_mean,0.6149756506700148,0.4875630736351013,0.7928168751135143,1.2613253216347364
40,alpha_bar,tip_4l0_integral,0.0010568386617069844,0.002046112436801195,1.936068873082629,0.5165105507883041
40,alpha_bar,tip_4l0_mean,0.4220601726982176,0.4066201150417328,0.9634174019363708,1.0379717015595753
40,alpha_bar,tip_l0_integral,0.00016592105276714861,0.00020177268015686423,1.2160764218391822,0.8223167409887034
40,alpha_bar,tip_l0_mean,0.9876252363836915,0.6227551698684692,0.6305581782709018,1.5858964873664327
40,alpha_bar,top1_mean,2.351293020778232,1.198809266090393,0.5098510715153701,1.9613570626179486
40,fatigue_f,crack_strip_mean,0.8941999529844966,0.9263715043850052,1.0359780285082014,0.9652714367311348
40,fatigue_f,domain_mean,0.9933745968736354,0.992475997804142,0.9990954076414663,1.0009054113867555
40,fatigue_f,max,1.0,1.0,1.0,1.0
40,fatigue_f,p99,1.0,1.0,1.0,1.0
40,fatigue_f,p999,1.0,1.0,1.0,1.0
40,fatigue_f,right_band_mean,0.9745961068996807,0.9704260149116548,0.9957212100905148,1.0042971766254696
40,fatigue_f,tip_2l0_integral,0.0005004113182755338,0.001029915820233489,2.058138540476421,0.4858759409697068
40,fatigue_f,tip_2l0_mean,0.801941168118235,0.814806769096643,1.0160430733448904,0.9842102428865782
40,fatigue_f,tip_4l0_integral,0.002218712911890082,0.00435666957463449,1.9636022088694298,0.5092681172811286
40,fatigue_f,tip_4l0_mean,0.886067465820743,0.8657928180508784,0.977118392727483,1.0234174358428014
40,fatigue_f,tip_l0_integral,0.0001182839117193033,0.00024507391280645494,2.071912479425215,0.4826458694227363
40,fatigue_f,tip_l0_mean,0.7040708476947075,0.7564009132181178,1.0743249996711994,0.9308170249282602
40,fatigue_f,top1_mean,1.0,1.0,1.0,1.0
41,damage_alpha,crack_strip_mean,0.28769125574884646,0.263038694858551,0.914308966999619,1.0937221837401236
41,damage_alpha,domain_mean,0.01149340968278008,0.009674697183072567,0.8417604044487872,1.1879865038969533
41,damage_alpha,max,1.018747091293335,1.000146508216858,0.9817417068127645,1.0185978583374147
41,damage_alpha,p99,1.0054082870483398,0.9423016905784607,0.9372328662068756,1.0669706921900344
41,damage_alpha,p999,1.0075644817352296,0.9993903040885925,0.9918871915447441,1.0081791644497609
41,damage_alpha,right_band_mean,-2.5258892547121743e-05,-0.0008854030747897923,35.053123296598535,0.028528128336485138
41,damage_alpha,tip_2l0_integral,0.00027770548631125857,0.0005643431795760989,2.032164315772899,0.4920861921638788
41,damage_alpha,tip_2l0_mean,0.4450408173275358,0.44647401571273804,1.0032203751417872,0.9967899623835571
41,damage_alpha,tip_4l0_integral,0.0005793254805655547,0.0011806407710537314,2.037957608736897,0.49068734095003513
41,damage_alpha,tip_4l0_mean,0.23136001854913973,0.23462653160095215,1.0141187447697175,0.986077818951149
41,damage_alpha,tip_l0_integral,0.00011833966082258949,0.00022562974481843412,1.9066282871698443,0.5244860819118431
41,damage_alpha,tip_l0_mean,0.7044026875691113,0.6963880658149719,0.9886221022497831,1.0115088442027793
41,damage_alpha,top1_mean,1.0062146560351053,0.9842655658721924,0.9781864734018075,1.022299967533115
41,psi_plus_raw,crack_strip_mean,37.327672647181174,65.8542709350586,1.7642211867187392,0.5668223505805935
41,psi_plus_raw,domain_mean,1.4959072403733138,2.6373069286346436,1.7630150168779755,0.5672101430938711
41,psi_plus_raw,max,1711.86328125,2776.7998046875,1.6220920415209121,0.6164878283123664
41,psi_plus_raw,p99,498.5116156005866,0.07703939825296402,0.0001545388228520013,6470.86590634691
41,psi_plus_raw,p999,1298.4211166992707,2619.419677734375,2.017388383510912,0.4956903728471335
41,psi_plus_raw,right_band_mean,0.008355069670550155,0.00843546912074089,1.0096228342025833,0.9904688821641168
41,psi_plus_raw,tip_2l0_integral,0.05946263022589534,0.1272936463356018,2.1407335304883097,0.46712960102600726
41,psi_plus_raw,tip_2l0_mean,95.29267105121876,100.70699310302734,1.0568178223160356,0.9462368810250396
41,psi_plus_raw,tip_4l0_integral,0.11325500795452868,0.2478637397289276,2.1885455151655955,0.4569244701882909
41,psi_plus_raw,tip_4l0_mean,45.229636223773355,49.25749969482422,1.0890536340182582,0.9182284221487983
41,psi_plus_raw,tip_l0_integral,0.028618017753534803,0.06377753615379333,2.228579795535131,0.4487162640545604
41,psi_plus_raw,tip_l0_mean,170.34533036824828,196.84423828125,1.155559931438784,0.8653813383395037
41,psi_plus_raw,top1_mean,695.8120897081163,1463.32275390625,2.1030430134091143,0.4755014489118609
41,psi_plus_active,crack_strip_mean,0.0062347258590357765,0.0054209572263062,0.8694780410352431,1.1501153022902695
41,psi_plus_active,domain_mean,0.003049619820913213,0.003358085174113512,1.1011487894605592,0.9081424868022505
41,psi_plus_active,max,0.3124492097760879,0.39231589436531067,1.255614935452895,0.7964225112050808
41,psi_plus_active,p99,0.03485498487617651,0.03424903005361557,0.9826149738778078,1.0176926126553758
41,psi_plus_active,p999,0.10448435251819335,0.10737847536802292,1.0276991030721623,0.9730474581622582
41,psi_plus_active,right_band_mean,0.008355483787622086,0.00845019705593586,1.0113354619219157,0.9887915905763118
41,psi_plus_active,tip_2l0_integral,2.1439442443958404e-06,9.403823924003518e-07,0.43862259704675755,2.279864299589196
41,psi_plus_active,tip_2l0_mean,0.003435807882315895,0.0007439733599312603,0.21653520377565103,4.618186708504385
41,psi_plus_active,tip_4l0_integral,4.310289090731552e-06,4.836469088331796e-06,1.1220753379933828,0.8912057561021784
41,psi_plus_active,tip_4l0_mean,0.0017213614754356776,0.0009611424757167697,0.5583617906131564,1.7909534943318122
41,psi_plus_active,tip_l0_integral,1.5364875364992344e-06,2.651367765338364e-07,0.17256031710997774,5.795075117778502
41,psi_plus_active,tip_l0_mean,0.009145758426239343,0.0008183233439922333,0.08947572260868482,11.176215970598225
41,psi_plus_active,top1_mean,0.061271130312769484,0.06235726922750473,1.017726764777977,0.9825820000107354
41,alpha_bar,crack_strip_mean,0.3716588630834673,0.2644771933555603,0.7116127708117213,1.405258647704315
41,alpha_bar,domain_mean,0.17213059085568033,0.17706452310085297,1.02866388955412,0.9721348344729546
41,alpha_bar,max,7.592520236968994,6.516716003417969,0.8583073604054697,1.1650837988009257
41,alpha_bar,p99,2.2730799055099493,0.9445721507072449,0.415547270651419,2.4064650898377526
41,alpha_bar,p999,2.6571317644119796,1.5097506046295166,0.5681880834252203,1.7599805929960355
41,alpha_bar,right_band_mean,0.34819224445564173,0.35861101746559143,1.0299224729322682,0.9709468686054817
41,alpha_bar,tip_2l0_integral,0.0003895959304383302,0.0006172200664877892,1.5842569653983847,0.6312107327541623
41,alpha_bar,tip_2l0_mean,0.6243524159815165,0.4883069694042206,0.7821015133521587,1.2786063994607406
41,alpha_bar,tip_4l0_integral,0.0010677066826461944,0.0020509487949311733,1.920891597164233,0.5205915843852285
41,alpha_bar,tip_4l0_mean,0.42640043669563993,0.40758123993873596,0.9558649683786865,1.046172872823422
41,alpha_bar,tip_l0_integral,0.00017001287504574817,0.00020203774329274893,1.1883673118190803,0.8414906654317688
41,alpha_bar,tip_l0_mean,1.0119813194590157,0.6235732436180115,0.6161904687641476,1.6228748263595083
41,alpha_bar,top1_mean,2.465028634601169,1.205099105834961,0.48887833955322013,2.0454986836068207
41,fatigue_f,crack_strip_mean,0.8910035806494898,0.9236099884645945,1.0365951479020281,0.9646967787027624
41,fatigue_f,domain_mean,0.9929837017455264,0.9918989113725247,0.9989075446343231,1.0010936501296293
41,fatigue_f,max,1.0,1.0,1.0,1.0
41,fatigue_f,p99,1.0,1.0,1.0,1.0
41,fatigue_f,p999,1.0,1.0,1.0,1.0
41,fatigue_f,right_band_mean,0.9723300989605612,0.9677933986063674,0.9953341973481602,1.0046876744155588
41,fatigue_f,tip_2l0_integral,0.0004999171181290932,0.0010295611272537375,2.059463638906389,0.4855633190644809
41,fatigue_f,tip_2l0_mean,0.8011491807505501,0.814526157579493,1.0166972358586335,0.9835769831275955
41,fatigue_f,tip_4l0_integral,0.002217603700529984,0.004355061700852309,1.9638593224801593,0.5092014425641748
41,fatigue_f,tip_4l0_mean,0.8856244900334591,0.86547328829332,0.9772463363796796,1.023283447349226
41,fatigue_f,tip_l0_integral,0.00011796884701419047,0.0002450038021726627,2.0768517144461978,0.481498025614532
41,fatigue_f,tip_l0_mean,0.7021954626927819,0.756184522388023,1.0768860845215429,0.9286033261766
41,fatigue_f,top1_mean,1.0,1.0,1.0,1.0
42,damage_alpha,crack_strip_mean,0.2903289142426791,0.2654905319213867,0.9144474383955759,1.0935565654320478
42,damage_alpha,domain_mean,0.011598949091001468,0.00975282583385706,0.8408370238837722,1.189291113016247
42,damage_alpha,max,1.0193136930465698,1.0002726316452026,0.9813197237207161,1.0190358716203693
42,damage_alpha,p99,1.0054721856117248,0.9425126314163208,0.937383097119589,1.0667996927540315
42,damage_alpha,p999,1.007773819804192,0.9993836879730225,0.9916745884182627,1.0083953059592023
42,damage_alpha,right_band_mean,-2.5199521362677596e-05,-0.0009057663264684379,35.94379089318524,0.0278212168263419
42,damage_alpha,tip_2l0_integral,0.00027784538843555237,0.0005648892838507891,2.0331065670424757,0.4918581328743049
42,damage_alpha,tip_2l0_mean,0.4452650194366428,0.44690605998039246,1.003685536640237,0.996327996662606
42,damage_alpha,tip_4l0_integral,0.0005797159606584414,0.0011818716302514076,2.0387081095870427,0.4905067063291166
42,damage_alpha,tip_4l0_mean,0.23151596107983102,0.23487114906311035,1.0144922534395906,0.9857147717092414
42,damage_alpha,tip_l0_integral,0.00011841276180650144,0.0002257178712170571,1.9061954790472937,0.5246051682484288
42,damage_alpha,tip_l0_mean,0.7048378124391136,0.696660041809082,0.9883976561902488,1.0117385383677175
42,damage_alpha,top1_mean,1.0063266030947366,0.9846869707107544,0.978496412280631,1.0219761538718874
42,psi_plus_raw,crack_strip_mean,37.96143114164194,66.59646606445312,1.754319161887442,0.570021705129252
42,psi_plus_raw,domain_mean,1.5211953766806108,2.666943311691284,1.753189204078967,0.5703890930159744
42,psi_plus_raw,max,1744.218505859375,2774.248779296875,1.5905397001449684,0.6287174095112846
42,psi_plus_raw,p99,499.9323272705078,0.08187827467918396,0.00016377871606386546,6105.799483798923
42,psi_plus_raw,p999,1348.74412512212,2620.265380859375,1.9427446111189748,0.5147356962292763
42,psi_plus_raw,right_band_mean,0.008343838359224146,0.008426920510828495,1.009957305981665,0.9901408644477435
42,psi_plus_raw,tip_2l0_integral,0.06031695955814724,0.13017132878303528,2.158121525630722,0.46336593566376894
42,psi_plus_raw,tip_2l0_mean,96.66178849049801,102.983642578125,1.0654017909905364,0.93861302698794
42,psi_plus_raw,tip_4l0_integral,0.11453011449883904,0.2538907825946808,2.216803708838119,0.4510999309560541
42,psi_plus_raw,tip_4l0_mean,45.73886408210229,50.45524215698242,1.1031153302455026,0.9065235271251703
42,psi_plus_raw,tip_l0_integral,0.028970326990063775,0.065169557929039,2.2495278686840785,0.44453772452482515
42,psi_plus_raw,tip_l0_mean,172.4424089921128,201.14059448242188,1.1664218544500946,0.8573227569295214
42,psi_plus_raw,top1_mean,704.2884700520833,1479.81689453125,2.1011516693178507,0.4759294698248294
42,psi_plus_active,crack_strip_mean,0.006207028891927658,0.005362097639590502,0.8638750895076381,1.1575747606866933
42,psi_plus_active,domain_mean,0.002986301015621403,0.0033046570606529713,1.106605477266438,0.9036644229072701
42,psi_plus_active,max,0.3065766779321556,0.37621966004371643,1.2271633399556003,0.8148874460641733
42,psi_plus_active,p99,0.034965796655215535,0.03440528362989426,0.9839696766858115,1.016291481022242
42,psi_plus_active,p999,0.10135158851357148,0.10611242055892944,1.046973432929672,0.9551340736524426
42,psi_plus_active,right_band_mean,0.008344250931612666,0.008441970683634281,1.0117110274873684,0.9884245331234026
42,psi_plus_active,tip_2l0_integral,2.2463277055868897e-06,8.826909834169783e-07,0.392948447023833,2.544863092280775
42,psi_plus_active,tip_2l0_mean,0.0035998839322871094,0.0006983314524404705,0.19398721335907085,5.154978942601734
42,psi_plus_active,tip_4l0_integral,4.416895847959303e-06,4.747143066197168e-06,1.0747690752976315,0.9304324277501881
42,psi_plus_active,tip_4l0_mean,0.0017639360594253171,0.0009433908853679895,0.5348214751476549,1.869782808784777
42,psi_plus_active,tip_l0_integral,1.630974235071169e-06,2.3928248538140906e-07,0.14671138282633125,6.81610370467126
42,psi_plus_active,tip_l0_mean,0.009708179206820948,0.0007385261123999953,0.076072566921829,13.145343196156174
42,psi_plus_active,top1_mean,0.06124195368453626,0.062052223831415176,1.0132306384452185,0.986942125570225
42,alpha_bar,crack_strip_mean,0.38266848960908156,0.2698393166065216,0.7051516493615098,1.4181346677774422
42,alpha_bar,domain_mean,0.17530899551538717,0.18036919832229614,1.0288644789278074,0.9719453052185382
42,alpha_bar,max,7.86659049987793,6.669836521148682,0.8478687839734611,1.179427782815154
42,alpha_bar,p99,2.3881454825401307,0.9501267671585083,0.3978512926054714,2.5135019505683704
42,alpha_bar,p999,2.814159147262574,1.5107718706130981,0.5368466357287135,1.8627293782750525
42,alpha_bar,right_band_mean,0.3565364939659098,0.36705300211906433,1.0294963021489745,0.9713488022371679
42,alpha_bar,tip_2l0_integral,0.00039568744775216665,0.0006181024946272373,1.5620978075968113,0.6401647804233441
42,alpha_bar,tip_2l0_mean,0.6341144623858719,0.48900511860847473,0.7711622232500115,1.2967440181205545
42,alpha_bar,tip_4l0_integral,0.0010789017335634352,0.0020556957460939884,1.9053595727428883,0.5248353194354992
42,alpha_bar,tip_4l0_mean,0.4308713037207582,0.4085245728492737,0.9481359499263216,1.0547010690584075
42,alpha_bar,tip_l0_integral,0.00017432037006265334,0.000202276831259951,1.1603740353881171,0.8617910858937171
42,alpha_bar,tip_l0_mean,1.0376211687327712,0.6243111491203308,0.601675416744621,1.6620256905467794
42,alpha_bar,top1_mean,2.5809998242060344,1.2110546827316284,0.46921920388126037,2.1312000696652174
42,fatigue_f,crack_strip_mean,0.8877906324510494,0.9207906328042432,1.037170926507848,0.9641612336425565
42,fatigue_f,domain_mean,0.9925687131173507,0.991273904673838,0.998695497423603,1.0013062065261757
42,fatigue_f,max,1.0,1.0,1.0,1.0
42,fatigue_f,p99,1.0,1.0,1.0,1.0
42,fatigue_f,p999,1.0,1.0,1.0,1.0
42,fatigue_f,right_band_mean,0.970088347965787,0.9648500417682737,0.994600176150453,1.0054291402505544
42,fatigue_f,tip_2l0_integral,0.000499454746654266,0.0010292260855378885,2.0606993775360842,0.485272141536564
42,fatigue_f,tip_2l0_mean,0.8004082008664313,0.8142610929473741,1.0173072840407524,0.9829871619792128
42,fatigue_f,tip_4l0_integral,0.002216547143719233,0.004353485784100343,1.9640844529006747,0.5091430760643422
42,fatigue_f,tip_4l0_mean,0.8852025424210479,0.8651601092967667,0.9773583647088668,1.0231661549219744
42,fatigue_f,tip_l0_integral,0.00011767878183813782,0.00024494231947509265,2.0814484620685523,0.4804346675997905
42,fatigue_f,tip_l0_mean,0.7004688843997445,0.755994760988874,1.079269583311629,0.9265525643107643
42,fatigue_f,top1_mean,1.0,1.0,1.0,1.0
43,damage_alpha,crack_strip_mean,0.2931260540550148,0.2676849961280823,0.9132077903857783,1.095041030670092
43,damage_alpha,domain_mean,0.011710867530235309,0.009820537641644478,0.8385832745771954,1.1924874133748842
43,damage_alpha,max,1.020871639251709,1.0002855062484741,0.9798347488443069,1.020580257211206
43,damage_alpha,p99,1.0055199182033538,0.9427520632743835,0.9375767164899897,1.0665793874913028
43,damage_alpha,p999,1.0079738574028019,0.9994106292724609,0.9915045136662518,1.0085682780225929
43,damage_alpha,right_band_mean,-2.5135691477213683e-05,-0.0009262759704142809,36.85102402112072,0.027136287974707622
43,damage_alpha,tip_2l0_integral,0.00027811539483028143,0.0005653235130012035,2.032694066958032,0.49195794697060363
43,damage_alpha,tip_2l0_mean,0.4456977219669025,0.4472495913505554,1.0034818876273461,0.9965301938477646
43,damage_alpha,tip_4l0_integral,0.0005802576326072984,0.0011830372968688607,2.0388138481747577,0.490481267279623
43,damage_alpha,tip_4l0_mean,0.23173228374530874,0.2351028025150299,1.014544882203058,0.985663638486378
43,damage_alpha,tip_l0_integral,0.0001186194474682492,0.00022581141092814505,1.9036626434176223,0.525303158864699
43,damage_alpha,tip_l0_mean,0.7060680841384332,0.696948766708374,0.9870843653254956,1.0130846309881987
43,damage_alpha,top1_mean,1.0064442353778416,0.985076367855072,0.9787689503584394,1.021691584754283
43,psi_plus_raw,crack_strip_mean,38.63530733175042,67.24359893798828,1.740470144590454,0.574557399394695
43,psi_plus_raw,domain_mean,1.548084546459009,2.692784070968628,1.7394295919611966,0.5749011081687451
43,psi_plus_raw,max,1794.129150390625,2775.507080078125,1.5469940274220675,0.6464149067636764
43,psi_plus_raw,p99,501.41521362304684,0.0840415209531784,0.0001676086378511024,5966.279619122999
43,psi_plus_raw,p999,1385.473585083017,2621.51123046875,1.89214089585957,0.5285018690670579
43,psi_plus_raw,right_band_mean,0.008331606223019948,0.00842045247554779,1.0106637604022095,0.9894487555406501
43,psi_plus_raw,tip_2l0_integral,0.06080483724467328,0.1326257884502411,2.1811716708749116,0.45846918578347384
43,psi_plus_raw,tip_2l0_mean,97.44364371147864,104.92546081542969,1.0767809660946588,0.9286939790799488
43,psi_plus_raw,tip_4l0_integral,0.11542706735322641,0.2587808072566986,2.2419421474582335,0.44604183972085726
43,psi_plus_raw,tip_4l0_mean,46.097072094679575,51.42702865600586,1.1156246225439004,0.8963588466878335
43,psi_plus_raw,tip_l0_integral,0.028937249368233536,0.06640815734863281,2.294902203854031,0.4357484159109752
43,psi_plus_raw,tip_l0_mean,172.24551840147183,204.96343994140625,1.1899493342037215,0.8403719143800102
43,psi_plus_raw,top1_mean,713.0014769829644,1494.1982421875,2.095645367398307,0.47717997307983256
43,psi_plus_active,crack_strip_mean,0.006207734546403917,0.005309987813234329,0.8553825511611729,1.1690675694079922
43,psi_plus_active,domain_mean,0.0029204435060422185,0.0032575824297964573,1.1154410017028986,0.8965064028248384
43,psi_plus_active,max,0.3065057977569602,0.40123602747917175,1.3090650500429577,0.7639039786198436
43,psi_plus_active,p99,0.0351060034005199,0.03422940894961357,0.9750300699027066,1.0256093948977236
43,psi_plus_active,p999,0.10161934423319871,0.10674355924129486,1.0504255862578387,0.9519950894975049
43,psi_plus_active,right_band_mean,0.008332017231346966,0.008435828611254692,1.0124593333193268,0.9876939913443447
43,psi_plus_active,tip_2l0_integral,2.4452822694255033e-06,8.844840522215236e-07,0.3617104099925957,2.764642576973304
43,psi_plus_active,tip_2l0_mean,0.003918721355623209,0.0006997499731369317,0.17856589168628137,5.600173642102259
43,psi_plus_active,tip_4l0_integral,4.619865571759063e-06,4.682303824665723e-06,1.0135151666075182,0.9866650573639103
43,psi_plus_active,tip_4l0_mean,0.0018449942566538993,0.0009305055136792362,0.5043406017787885,1.9827870222485384
43,psi_plus_active,tip_l0_integral,1.823620861658865e-06,2.4305381884914823e-07,0.13328089404946444,7.502950870279057
43,psi_plus_active,tip_l0_mean,0.010854885227239021,0.0007501660729758441,0.06910861398086394,14.469976206973246
43,psi_plus_active,top1_mean,0.06157204738226884,0.0621233731508255,1.0089541568292144,0.9911253085498412
43,alpha_bar,crack_strip_mean,0.39375641085234003,0.27514928579330444,0.6987804597205309,1.431064629941052
43,alpha_bar,domain_mean,0.1784246462699658,0.18362677097320557,1.029155863901048,0.9716701182748628
43,alpha_bar,max,8.14207935333252,6.82067346572876,0.8377065820338739,1.1937353978669867
43,alpha_bar,p99,2.5044784593582152,0.9560287594795227,0.3817276830260739,2.619668534575982
43,alpha_bar,p999,2.9750831093788155,1.513001561164856,0.5085577463013341,1.9663450360806678
43,alpha_bar,right_band_mean,0.36486850998410775,0.3754887580871582,1.0291070558638042,0.9717162022182692
43,alpha_bar,tip_2l0_integral,0.0004018299135218041,0.0006189868436194956,1.5404200204868725,0.6491735933709399
43,alpha_bar,tip_2l0_mean,0.6439581569517833,0.48970475792884827,0.7604605247131223,1.314992649194042
43,alpha_bar,tip_4l0_integral,0.0010902652686055369,0.0020603779703378677,1.8897951073623738,0.5291578944744548
43,alpha_bar,tip_4l0_mean,0.4354094567389163,0.4094550609588623,0.9403908312546896,1.0633876541158729
43,alpha_bar,tip_l0_integral,0.00017865617923035684,0.00020251976093277335,1.133572663454574,0.8821666508369124
43,alpha_bar,tip_l0_mean,1.0634295546051613,0.6250609755516052,0.5877784502459901,1.7013213049602138
43,alpha_bar,top1_mean,2.6988613404168023,1.217336654663086,0.451055649444771,2.217021339231544
43,fatigue_f,crack_strip_mean,0.8845281907367868,0.9179843944927191,1.0378237845964686,0.9635547140489025
43,fatigue_f,domain_mean,0.9921190859549512,0.990598605391185,0.9984674414742232,1.0015349108665117
43,fatigue_f,max,1.0,1.0,1.0,1.0
43,fatigue_f,p99,1.0,1.0,1.0,1.0
43,fatigue_f,p999,1.0,1.0,1.0,1.0
43,fatigue_f,right_band_mean,0.9676736358754682,0.9618497810344295,0.9939815919075136,1.0060548486425556
43,fatigue_f,tip_2l0_integral,0.0004989980773099208,0.0010288890089641756,2.0619097662878305,0.48498727555879173
43,fatigue_f,tip_2l0_mean,0.7996763590113951,0.8139944184594505,1.0179048177262064,0.9824101257657841
43,fatigue_f,tip_4l0_integral,0.0022155170557590868,0.004351930870788346,1.9642958105313595,0.5090882924244955
43,fatigue_f,tip_4l0_mean,0.8847911654359825,0.8648511042746608,0.9774635394878789,1.0230560625554674
43,fatigue_f,tip_l0_integral,0.0001173881967382207,0.0002448795879708107,2.0860665277693955,0.47937109708063214
43,fatigue_f,tip_l0_mean,0.698739211322043,0.7558011452482876,1.0816641359202972,0.9245013926149858
43,fatigue_f,top1_mean,1.0,1.0,1.0,1.0
44,damage_alpha,crack_strip_mean,0.2958469597163288,0.2704436779022217,0.9141337067027326,1.0939318752472063
44,damage_alpha,domain_mean,0.011819737497159291,0.00991101749241352,0.8385141797603792,1.1925856761131557
44,damage_alpha,max,1.0219511985778809,1.000145435333252,0.9786626178676896,1.0218025923773408
44,damage_alpha,p99,1.0055726981163025,0.9429174661636353,0.9376919917674409,1.0664482674264026
44,damage_alpha,p999,1.0082297328710557,0.99945467710495,0.9912965711285684,1.0087798436158444
44,damage_alpha,right_band_mean,-2.5064774696428693e-05,-0.0009466871852055192,37.76962676390649,0.026476300818403183
44,damage_alpha,tip_2l0_integral,0.000278375238771869,0.0005658838199451566,2.032809464094985,0.4919300198384328
44,damage_alpha,tip_2l0_mean,0.4461141385155195,0.44769287109375,1.003538853494946,0.9964736258266219
44,damage_alpha,tip_4l0_integral,0.000580812517957233,0.0011845591943711042,2.0394863363780447,0.4903195388775762
44,damage_alpha,tip_4l0_mean,0.23195388332820324,0.23540523648262024,1.0148794799418535,0.9853386729794695
44,damage_alpha,tip_l0_integral,0.00011876900940949529,0.00022591612651012838,1.902147097406598,0.5257216970040897
44,damage_alpha,tip_l0_mean,0.7069583337186626,0.6972719430923462,0.9862984985616265,1.0138918405111181
44,damage_alpha,top1_mean,1.0065556897057428,0.9855173826217651,0.9790987152532732,1.021347474387524
44,psi_plus_raw,crack_strip_mean,39.28230228015989,67.98099517822266,1.7305756341210548,0.5778424128269273
44,psi_plus_raw,domain_mean,1.573900697161236,2.7222259044647217,1.729604611888578,0.5781668209753944
44,psi_plus_raw,max,1819.13037109375,2761.69775390625,1.5181417438739053,0.658700021941468
44,psi_plus_raw,p99,501.8062048339844,0.08481799066066742,0.00016902539235984194,5916.27083977464
44,psi_plus_raw,p999,1423.070767456101,2622.25244140625,1.842671848353558,0.5426902250085972
44,psi_plus_raw,right_band_mean,0.008319582117662502,0.008411770686507225,1.011080913384941,0.989040527579693
44,psi_plus_raw,tip_2l0_integral,0.06129608311469261,0.13530215620994568,2.207354032015039,0.4530310885776328
44,psi_plus_raw,tip_2l0_mean,98.23089666209964,107.04283905029297,1.089706423209239,0.9176783569421852
44,psi_plus_raw,tip_4l0_integral,0.11620253554027685,0.2642803192138672,2.274307681713754,0.4396942454358119
44,psi_plus_raw,tip_4l0_mean,46.406763865815044,52.519935607910156,1.1317301882926232,0.8836028324990103
44,psi_plus_raw,tip_l0_integral,0.028998517564464553,0.06772999465465546,2.3356364512113315,0.4281488240523776
44,psi_plus_raw,tip_l0_mean,172.61021001701005,209.04318237304688,1.211070784007774,0.8257155677480045
44,psi_plus_raw,top1_mean,721.6164048936632,1510.58447265625,2.0933344397552167,0.47770675387967854
44,psi_plus_active,crack_strip_mean,0.00618085939534467,0.005258266348391771,0.8507338562582767,1.17545574640491
44,psi_plus_active,domain_mean,0.0028557136282104873,0.0032012187875807285,1.1209873272855968,0.8920707448329855
44,psi_plus_active,max,0.2985291103449008,0.4073765277862549,1.3646124068624295,0.7328088144085099
44,psi_plus_active,p99,0.03528951332460612,0.03408544883131981,0.9658803882555456,1.0353248830386514
44,psi_plus_active,p999,0.10245585894416943,0.10676450282335281,1.0420536602160668,0.9596434791972736
44,psi_plus_active,right_band_mean,0.008319991484515881,0.008427468128502369,1.012917879085154,0.9872468643787576
44,psi_plus_active,tip_2l0_integral,2.642075503551177e-06,8.783779321674956e-07,0.3324575436950534,3.007902870500811
44,psi_plus_active,tip_2l0_mean,0.004234095109750833,0.0006949192029424012,0.16412460866598144,6.09293151178293
44,psi_plus_active,tip_4l0_integral,4.838288397324558e-06,4.594677648128709e-06,0.9496493947465887,1.053020204648103
44,psi_plus_active,tip_4l0_mean,0.0019322238204649985,0.0009130917023867369,0.47256000713571433,2.1161333690957274
44,psi_plus_active,tip_l0_integral,2.011626289596315e-06,2.3462121134798508e-07,0.11663260346188253,8.573931905128196
44,psi_plus_active,tip_l0_mean,0.011973965067388785,0.0007241395069286227,0.06047616665433775,16.535439584252707
44,psi_plus_active,top1_mean,0.061657178316355685,0.06180162355303764,1.0023427156517093,0.9976627598374014
44,alpha_bar,crack_strip_mean,0.4048991849553416,0.280407577753067,0.6925367799492967,1.443966629574842
44,alpha_bar,domain_mean,0.18147883633552725,0.18682797253131866,1.029475261709865,0.9713686546863601
44,alpha_bar,max,8.448918342590332,6.9619364738464355,0.824003285574659,1.2135873940145774
44,alpha_bar,p99,2.620520441532135,0.9634577631950378,0.3676589382495848,2.7199121140940448
44,alpha_bar,p999,3.139493337631312,1.5259475708007812,0.4860489915713851,2.0574057704903845
44,alpha_bar,right_band_mean,0.37318850060790937,0.3839162588119507,1.0287462185639864,0.972057035986861
44,alpha_bar,tip_2l0_integral,0.00040854163024245686,0.0006198652554303408,1.51726338161051,0.6590813514121344
44,alpha_bar,tip_2l0_mean,0.6547141126036002,0.49039968848228455,0.7490287425333069,1.3350622522413194
44,alpha_bar,tip_4l0_integral,0.0011023516364131064,0.002064972650259733,1.8732431486008014,0.533833528630247
44,alpha_bar,tip_4l0_mean,0.4402362809922207,0.4103681743144989,0.9321543726237103,1.0727836819402847
44,alpha_bar,tip_l0_integral,0.0001835374175444632,0.00020275433780625463,1.1047030110747635,0.9052206701483522
44,alpha_bar,tip_l0_mean,1.0924845422840301,0.6257849335670471,0.5728089591626937,1.7457827500843475
44,alpha_bar,top1_mean,2.8191190677218967,1.222913146018982,0.43379265530888217,2.305248804380862
44,fatigue_f,crack_strip_mean,0.8812437124450779,0.9151341779192098,1.0384575401736487,0.9629666705802744
44,fatigue_f,domain_mean,0.991631416759368,0.9898726673931093,0.9982264081829858,1.0017767430339202
44,fatigue_f,max,1.0,1.0,1.0,1.0
44,fatigue_f,p99,1.0,1.0,1.0,1.0
44,fatigue_f,p999,1.0,1.0,1.0,1.0
44,fatigue_f,right_band_mean,0.9649997586038005,0.9588769649381592,0.9936551345106034,1.0063853798657434
44,fatigue_f,tip_2l0_integral,0.0004985004290347886,0.0010285555209625982,2.0632991689778843,0.48466069052670596
44,fatigue_f,tip_2l0_mean,0.7988788457967723,0.813730583031584,1.018590725380892,0.9817485817240874
44,fatigue_f,tip_4l0_integral,0.002214296396603045,0.004350408373063723,1.9646910773723385,0.5089858713754849
44,fatigue_f,tip_4l0_mean,0.8843036817425183,0.8645485411417686,0.9776602302934867,1.0228502387785652
44,fatigue_f,tip_l0_integral,0.00011705200401198056,0.00024481590298592985,2.0915139817757615,0.4781225507997649
44,fatigue_f,tip_l0_mean,0.6967380642994927,0.7556045866665498,1.0844887417285607,0.9220934819536305
44,fatigue_f,top1_mean,1.0,1.0,1.0,1.0
45,damage_alpha,crack_strip_mean,0.2987175764987079,0.2729776203632355,0.913831799128888,1.0942932834611927
45,damage_alpha,domain_mean,0.011934595462206708,0.00999254360795021,0.837275435065529,1.1943501004800592
45,damage_alpha,max,1.0227004289627075,1.0001376867294312,0.9779380729739587,1.0225596360707687
45,damage_alpha,p99,1.0056196451187134,0.9431061744689941,0.9378358697016709,1.066284658442531
45,damage_alpha,p999,1.008412480711937,0.9994654059410095,0.9911275644222384,1.0089518603823049
45,damage_alpha,right_band_mean,-2.4994266681368115e-05,-0.0009668522397987545,38.68296086155994,0.025851175239114663
45,damage_alpha,tip_2l0_integral,0.00027855800848672785,0.000566428410820663,2.0334307166316883,0.49177972567290973
45,damage_alpha,tip_2l0_mean,0.4464070386823975,0.4481237232685089,1.0038455589570863,0.9961691727150923
45,damage_alpha,tip_4l0_integral,0.0005813223489949061,0.0011860448867082596,2.0402533787990533,0.49013520104479685
45,damage_alpha,tip_4l0_mean,0.2321574899747085,0.23570048809051514,1.015261183760182,0.9849682190117229
45,damage_alpha,tip_l0_integral,0.00011886158561499199,0.00022601400269195437,1.901489043096252,0.5259036351698718
45,damage_alpha,tip_l0_mean,0.7075093825175482,0.6975740194320679,0.9859572702059057,1.0142427366970594
45,damage_alpha,top1_mean,1.0066544026798672,0.9859000444412231,0.9793828366682819,1.02105117892596
45,psi_plus_raw,crack_strip_mean,40.000646874625055,68.6904296875,1.7172329713266385,0.5823321684928142
45,psi_plus_raw,domain_mean,1.602567259626387,2.7505528926849365,1.716341623830618,0.5826345909901954
45,psi_plus_raw,max,1839.382080078125,2767.1875,1.5044114705534524,0.6647117624223603
45,psi_plus_raw,p99,503.0331561279297,0.08497646450996399,0.00016892815806430274,5919.6762189246665
45,psi_plus_raw,p999,1471.910518920933,2625.009521484375,1.7834029227597246,0.5607257828492012
45,psi_plus_raw,right_band_mean,0.008306565197137777,0.008403592742979527,1.0116808263751644,0.9884540399791735
45,psi_plus_raw,tip_2l0_integral,0.06199518985021688,0.1377345472574234,2.2216973218437777,0.45010631743936386
45,psi_plus_raw,tip_2l0_mean,99.35125995455611,108.96720123291016,1.0967873108277886,0.9117538014232318
45,psi_plus_raw,tip_4l0_integral,0.11720146069615735,0.26920199394226074,2.2969167136932023,0.4353662429457899
45,psi_plus_raw,tip_4l0_mean,46.80569564138289,53.498008728027344,1.1429807418720959,0.8749053797372764
45,psi_plus_raw,tip_l0_integral,0.029253491313492516,0.06898979842662811,2.3583440925838524,0.42402633404711465
45,psi_plus_raw,tip_l0_mean,174.12791078466842,212.93145751953125,1.2228450715339279,0.8177650818395231
45,psi_plus_raw,top1_mean,731.7501569959852,1526.3497314453125,2.08588917522253,0.4794118555667352
45,psi_plus_active,crack_strip_mean,0.006175133618131338,0.005213937256485224,0.8443440383502208,1.184351348004918
45,psi_plus_active,domain_mean,0.002788254996183901,0.003149478230625391,1.1295517213941595,0.8853069594420527
45,psi_plus_active,max,0.3021572716407687,0.38736581802368164,1.2820006479414348,0.7800308070091417
45,psi_plus_active,p99,0.03541465787311836,0.03410664573311806,0.9630657976511711,1.038350653131809
45,psi_plus_active,p999,0.10218699779236036,0.10771623998880386,1.054109058059213,0.9486684440803149
45,psi_plus_active,right_band_mean,0.008306973024299062,0.008419605903327465,1.013558835294028,0.9866225473826642
45,psi_plus_active,tip_2l0_integral,2.8070578529838192e-06,8.558178024031804e-07,0.3048807139808221,3.279971326959379
45,psi_plus_active,tip_2l0_mean,0.004498489884990615,0.0006770709878765047,0.15051072808579122,6.6440446652414
45,psi_plus_active,tip_4l0_integral,5.046564771590918e-06,4.544799594441429e-06,0.900572924383311,1.1104042470350461
45,psi_plus_active,tip_4l0_mean,0.0020154012870707673,0.0009031795198097825,0.4481388027306886,2.2314514920524644
45,psi_plus_active,tip_l0_integral,2.1683999381475517e-06,2.2681645361899427e-07,0.10460083936949469,9.560152729440098
45,psi_plus_active,tip_l0_mean,0.012907141473437994,0.0007000507321208715,0.054237472608596383,18.43743729020118
45,psi_plus_active,top1_mean,0.061902768058925285,0.06172841042280197,0.9971833628512808,1.0028245930022994
45,alpha_bar,crack_strip_mean,0.41613063468613326,0.2856214940547943,0.6863745906864667,1.4569303898617019
45,alpha_bar,domain_mean,0.18446934382389643,0.1899774670600891,1.029859287847042,0.9710064392297089
45,alpha_bar,max,8.78064250946045,7.10078239440918,0.8086859687954095,1.236573946608181
45,alpha_bar,p99,2.737102348804474,0.9674679040908813,0.3534642774733861,2.8291402094382634
45,alpha_bar,p999,3.306319718837739,1.5295772552490234,0.4626223067703541,2.161590535876171
45,alpha_bar,right_band_mean,0.3814954729035762,0.3923358619213104,1.0284155115530667,0.9723696198337627
45,alpha_bar,tip_2l0_integral,0.0004157069753045629,0.0006207210826687515,1.493169755484587,0.6697162170120866
45,alpha_bar,tip_2l0_mean,0.6661970367086694,0.4910767674446106,0.737134421778223,1.3566046713537734
45,alpha_bar,tip_4l0_integral,0.001115080493250011,0.0020695175044238567,1.8559355283779073,0.53881182008192
45,alpha_bar,tip_4l0_mean,0.4453196903237429,0.4112713634967804,0.9235418339525707,1.0827879834313556
45,alpha_bar,tip_l0_integral,0.00018884998035434587,0.00020298123126849532,1.0748279183700973,0.9303814898262333
45,alpha_bar,tip_l0_mean,1.124106937473849,0.6264852285385132,0.5573181764596018,1.7943071700129392
45,alpha_bar,top1_mean,2.941436745325724,1.2285304069519043,0.4176633779067927,2.394272643705821
45,fatigue_f,crack_strip_mean,0.877909914781801,0.9121844805746862,1.0390410966043182,0.9624258398133547
45,fatigue_f,domain_mean,0.9911075828676876,0.9890945843171994,0.9979689404205104,1.00203519317809
45,fatigue_f,max,1.0,1.0,1.0,1.0
45,fatigue_f,p99,1.0,1.0,1.0,1.0
45,fatigue_f,p999,1.0,1.0,1.0,1.0
45,fatigue_f,right_band_mean,0.9623307512041029,0.9558964400122457,0.9933138256427883,1.0067311802016699
45,fatigue_f,tip_2l0_integral,0.0004980119329857833,0.001028232900318247,2.064675226060497,0.4843376756682696
45,fatigue_f,tip_2l0_mean,0.7980959996103381,0.8134753451959248,1.01927004469775,0.981094269572629
45,fatigue_f,tip_4l0_integral,0.0022128327074210615,0.004348897986827799,1.9653080742358549,0.5088260782670508
45,fatigue_f,tip_4l0_mean,0.8837191413284434,0.8642483849024339,0.9779672573384116,1.0225291209866798
45,fatigue_f,tip_l0_integral,0.00011672110905831341,0.00024475698328807867,2.096938465224821,0.47688571533394336
45,fatigue_f,tip_l0_mean,0.6947684516350148,0.755422735759814,1.0873014368773655,0.9197081564353602
45,fatigue_f,top1_mean,1.0,1.0,1.0,1.0
46,damage_alpha,crack_strip_mean,0.30166837848339184,0.27572259306907654,0.9139923596077415,1.0941010496293102
46,damage_alpha,domain_mean,0.012052659951664343,0.010082250460982323,0.8365166279821967,1.1954334995254663
46,damage_alpha,max,1.0233337879180908,1.0001362562179565,0.9773314123172575,1.02319437132282
46,damage_alpha,p99,1.0056636440753937,0.9432548880577087,0.9379427143604625,1.0661631938597138
46,damage_alpha,p999,1.0085122177600863,0.9994952082633972,0.9910590974131024,1.009021563507399
46,damage_alpha,right_band_mean,-2.49251836499685e-05,-0.000987350009381771,39.61254702261818,0.025244526675576168
46,damage_alpha,tip_2l0_integral,0.0002786952705462226,0.0005670106038451195,2.0345182131502253,0.4915168581615257
46,damage_alpha,tip_2l0_mean,0.44662700991867743,0.44858431816101074,1.004382422466321,0.9956366993604293
46,damage_alpha,tip_4l0_integral,0.000581813810537912,0.0011872848263010383,2.0406611269734936,0.4900372662476797
46,damage_alpha,tip_4l0_mean,0.23235376056096863,0.2359468936920166,1.0154640627393898,0.9847714327795384
46,damage_alpha,tip_l0_integral,0.00011892589485421715,0.00022615064517594874,1.9016097835813708,0.5258702435347506
46,damage_alpha,tip_l0_mean,0.7078921755780558,0.6979957818984985,0.9860199137368963,1.0141783001218716
46,damage_alpha,top1_mean,1.0067466815312704,0.9863759279251099,0.9797657603646863,1.0206521195717047
46,psi_plus_raw,crack_strip_mean,40.7565360400394,69.5170669555664,1.7056667153281264,0.5862810073113408
46,psi_plus_raw,domain_mean,1.632733691128251,2.7835612297058105,1.7048470579316062,0.5865628798475583
46,psi_plus_raw,max,1861.5977783203125,2758.2939453125,1.4816809395858115,0.6749091341348695
46,psi_plus_raw,p99,504.20472564697263,0.08450664579868317,0.0001676038353076681,5966.4505777228405
46,psi_plus_raw,p999,1509.0066033935968,2629.83740234375,1.7427606986142559,0.5738022442181208
46,psi_plus_raw,right_band_mean,0.008292961008299933,0.008394112810492516,1.012197308306568,0.9879496732440689
46,psi_plus_raw,tip_2l0_integral,0.06271611243253176,0.14052186906337738,2.2406023526178678,0.4463085557469058
46,psi_plus_raw,tip_2l0_mean,100.5065845378943,111.17235565185547,1.1061201230048745,0.9040609416664532
46,psi_plus_raw,tip_4l0_integral,0.11818893748489975,0.27495068311691284,2.326365639356404,0.42985504216639525
46,psi_plus_raw,tip_4l0_mean,47.200055385299656,54.640438079833984,1.157635041607422,0.8638301053944087
46,psi_plus_raw,tip_l0_integral,0.02954126515208462,0.07040508091449738,2.3832791368967197,0.4195899609569466
46,psi_plus_raw,tip_l0_mean,175.8408501653233,217.29962158203125,1.235774402692713,0.8092091872278888
46,psi_plus_raw,top1_mean,742.6478241644966,1544.7205810546875,2.0800176487321558,0.4807651514926017
46,psi_plus_active,crack_strip_mean,0.006160795399354196,0.005153385456651449,0.8364805390537157,1.1954850750398434
46,psi_plus_active,domain_mean,0.002718537722059361,0.0030899459961801767,1.1366206071400269,0.8798010468208978
46,psi_plus_active,max,0.3055694324954827,0.3887571096420288,1.2722382159340362,0.7860163194876458
46,psi_plus_active,p99,0.03548382113592977,0.03423392400145531,0.9647755767428086,1.0365104839988935
46,psi_plus_active,p999,0.10325586326800242,0.10710040479898453,1.0372331547023488,0.9641033893550833
46,psi_plus_active,right_band_mean,0.008293367418289163,0.008410445414483547,1.0141170637075834,0.9860794535337254
46,psi_plus_active,tip_2l0_integral,2.947521315478916e-06,8.325080216309289e-07,0.2824434270446191,3.540532029594814
46,psi_plus_active,tip_2l0_mean,0.004723591574495622,0.0006586296949535608,0.13943409047254224,7.171847262107848
46,psi_plus_active,tip_4l0_integral,5.258563005187842e-06,4.4797061491408385e-06,0.8518878911827013,1.1738633807925951
46,psi_plus_active,tip_4l0_mean,0.0021000651192389767,0.0008902436238713562,0.42391239000910763,2.3589779953789867
46,psi_plus_active,tip_l0_integral,2.301499520922259e-06,2.2817795297669363e-07,0.09914316770540015,10.086423735939716
46,psi_plus_active,tip_l0_mean,0.013699400832380948,0.0007042529177851975,0.05140757076912237,19.452387752207184
46,psi_plus_active,top1_mean,0.06221719008457486,0.061708997935056686,0.9918319655897773,1.00823530062914
46,alpha_bar,crack_strip_mean,0.4274298709004367,0.2907748818397522,0.680286759620232,1.4699683418184515
46,alpha_bar,domain_mean,0.1873934189644738,0.19306740164756775,1.030278452223392,0.9706113894180259
46,alpha_bar,max,9.12984561920166,7.2420783042907715,0.7932311899184161,1.2606665152726155
46,alpha_bar,p99,2.85386721611023,0.9737894535064697,0.34121750584938826,2.9306819927386583
46,alpha_bar,p999,3.4761309719085705,1.5306522846221924,0.44033216728361285,2.271012826905084
46,alpha_bar,right_band_mean,0.38978883962055527,0.40074631571769714,1.0281113130581383,0.9726573254266403
46,alpha_bar,tip_2l0_integral,0.000423192731764867,0.0006215536268427968,1.468724720887084,0.6808627823708296
46,alpha_bar,tip_2l0_mean,0.6781934405884061,0.49173542857170105,0.7250666242732566,1.3791836039926848
46,alpha_bar,tip_4l0_integral,0.0011283952334830453,0.002073997166007757,1.8380059614448203,0.5440678762619027
46,alpha_bar,tip_4l0_mean,0.45063707864970537,0.41216158866882324,0.9146197865116413,1.0933504990242982
46,alpha_bar,tip_l0_integral,0.0001944603012137397,0.0002032093470916152,1.0449914240761102,0.9569456523378765
46,alpha_bar,tip_l0_mean,1.157501701866546,0.6271892786026001,0.5418473921819873,1.845538087713331
46,alpha_bar,top1_mean,3.0657244486278956,1.2334494590759277,0.4023353956771861,2.4854885022404294
46,fatigue_f,crack_strip_mean,0.8745332716849994,0.9091386389099817,1.0395700979544285,0.9619360945141737
46,fatigue_f,domain_mean,0.9905478047794014,0.9882590586041324,0.9976894137120634,1.0023159374612782
46,fatigue_f,max,1.0,1.0,1.0,1.0
46,fatigue_f,p99,1.0,1.0,1.0,1.0
46,fatigue_f,p999,1.0,1.0,1.0,1.0
46,fatigue_f,right_band_mean,0.959711671498774,0.952665475795565,0.9926580076991197,1.0073962958480518
46,fatigue_f,tip_2l0_integral,0.0004975512409612253,0.001027920613435443,2.065959299889576,0.4840366410187505
46,fatigue_f,tip_2l0_mean,0.797357711152775,0.8132282828040186,1.019903954560493,0.9804844814342638
46,fatigue_f,tip_4l0_integral,0.0022111702344842776,0.004347401938381106,1.9661091084626836,0.5086187718147077
46,fatigue_f,tip_4l0_mean,0.8830552144300161,0.8639510779852089,0.9783658641808277,1.0221125211040414
46,fatigue_f,tip_l0_integral,0.00011641343093329152,0.000244700606950216,2.101996350321785,0.4757382189778372
46,fatigue_f,tip_l0_mean,0.6929370343682664,0.7552487347290436,1.089924043989921,0.917495127769883
46,fatigue_f,top1_mean,1.0,1.0,1.0,1.0
47,damage_alpha,crack_strip_mean,0.3047016421928699,0.278321236371994,0.9134221737991894,1.0947840206688964
47,damage_alpha,domain_mean,0.012174022553344814,0.01016626413911581,0.8350784709465343,1.1974922534723385
47,damage_alpha,max,1.0240356922149658,1.000569462776184,0.9770845590469364,1.0234528739001012
47,damage_alpha,p99,1.0057064306735992,0.9435584545135498,0.938204654693891,1.065865528375865
47,damage_alpha,p999,1.008681655406952,0.9995723366737366,0.9909690845626212,1.0091132161215348
47,damage_alpha,right_band_mean,-2.4856422034719587e-05,-0.001007557730190456,40.535107135817604,0.02466997303471737
47,damage_alpha,tip_2l0_integral,0.00027883336460180597,0.0005675595020875335,2.0354791575895126,0.4912848143256037
47,damage_alpha,tip_2l0_mean,0.4468483144819442,0.44901856780052185,1.0048568009506622,0.9951666735538166
47,damage_alpha,tip_4l0_integral,0.0005823139991672127,0.0011888571316376328,2.0416083647960694,0.4898099053879451
47,damage_alpha,tip_4l0_mean,0.23255351640536912,0.2362593561410904,1.015935427651249,0.9843145270678372
47,damage_alpha,tip_l0_integral,0.00011900498205179806,0.0002262332709506154,1.901040335035261,0.526027765729364
47,damage_alpha,tip_l0_mean,0.7083629326694746,0.6982507705688477,0.9857246029764444,1.014482135254056
47,damage_alpha,top1_mean,1.0068356892797683,0.9868190288543701,0.9801192382843352,1.0202840235545885
47,psi_plus_raw,crack_strip_mean,41.552089015619984,70.20429992675781,1.689549228207686,0.5918738461742389
47,psi_plus_raw,domain_mean,1.664484859261625,2.8109989166259766,1.6888101450637116,0.5921328711358933
47,psi_plus_raw,max,1884.6334228515625,2756.499755859375,1.462618524343385,0.6837052747222186
47,psi_plus_raw,p99,505.2991479492187,0.08718395978212357,0.0001725392970401077,5795.781118590883
47,psi_plus_raw,p999,1556.7805346680086,2624.938720703125,1.6861327992278028,0.5930730962934647
47,psi_plus_raw,right_band_mean,0.008278816734748095,0.0083848275244236,1.0128050653942553,0.9873568312089054
47,psi_plus_raw,tip_2l0_integral,0.06335382374055787,0.1428641974925995,2.2550209136175727,0.4434548672968933
47,psi_plus_raw,tip_2l0_mean,101.52855772795532,113.02546691894531,1.1132381809440832,0.8982803654398097
47,psi_plus_raw,tip_4l0_integral,0.11920366421371356,0.28012001514434814,2.349927890153919,0.4255449727585047
47,psi_plus_raw,tip_4l0_mean,47.605297693253185,55.667728424072266,1.1693599477682024,0.8551686774534766
47,psi_plus_raw,tip_l0_integral,0.02975785471405572,0.07157681882381439,2.405308430718497,0.4157470980556481
47,psi_plus_raw,tip_l0_mean,177.13007364704836,220.9160919189453,1.24719697434974,0.8017979682169909
47,psi_plus_raw,top1_mean,754.4472495524088,1559.9913330078125,2.067727510350537,0.48362271865816225
47,psi_plus_active,crack_strip_mean,0.006145263377421915,0.005105125717818737,0.8307415653778634,1.2037437894962548
47,psi_plus_active,domain_mean,0.0026469565700254667,0.0030361274257302284,1.1470257805178183,0.8718199860761242
47,psi_plus_active,max,0.305279545217968,0.39557385444641113,1.295775824626486,0.7717384295915963
47,psi_plus_active,p99,0.03582679096819075,0.03415754437446594,0.9534078674473841,1.048869045603074
47,psi_plus_active,p999,0.1031379916786295,0.10673867911100388,1.0349113587900165,0.9662663294846491
47,psi_plus_active,right_band_mean,0.008279221837172933,0.008401473052799702,1.0147660272947236,0.9854488355960352
47,psi_plus_active,tip_2l0_integral,3.101571513004094e-06,8.130987225740682e-07,0.26215701271595826,3.8145079150847643
47,psi_plus_active,tip_2l0_mean,0.004970466876552966,0.0006432742811739445,0.12941928739298975,7.726823568139713
47,psi_plus_active,tip_4l0_integral,5.520254542547496e-06,4.179278221272398e-06,0.7570807086993018,1.3208631371918649
47,psi_plus_active,tip_4l0_mean,0.002204574520204004,0.0008305401424877346,0.3767348914160902,2.6543864738441116
47,psi_plus_active,tip_l0_integral,2.4475699491411722e-06,2.325387811197288e-07,0.09500802263131411,10.5254269303191
47,psi_plus_active,tip_l0_mean,0.014568867598607583,0.0007177122170105577,0.04926341818626678,20.29903804520757
47,psi_plus_active,top1_mean,0.06252497457599782,0.061760060489177704,0.9877662631291377,1.0123852548194014
47,alpha_bar,crack_strip_mean,0.4387917877427377,0.295879989862442,0.6743061245164313,1.4830059577423165
47,alpha_bar,domain_mean,0.19024904146186553,0.1961035430431366,1.0307728308972561,0.9701458653402133
47,alpha_bar,max,9.492083549499512,7.3787126541137695,0.7773543727923493,1.2864145813033523
47,alpha_bar,p99,2.97099426984787,0.9795122146606445,0.3296917212535723,3.033136519769875
47,alpha_bar,p999,3.6484577791690835,1.5320687294006348,0.4199222855607651,2.381393020531401
47,alpha_bar,right_band_mean,0.3980680601340217,0.4091477692127228,1.0278337053090136,0.9729200305796105
47,alpha_bar,tip_2l0_integral,0.00043093258306362546,0.0006223664968274534,1.4442316995453637,0.6924096738181239
47,alpha_bar,tip_2l0_mean,0.6905970477109978,0.4923785328865051,0.7129751488491107,1.402573429963452
47,alpha_bar,tip_4l0_integral,0.0011423387009456673,0.002078176476061344,1.8192296858549555,0.5496832026078364
47,alpha_bar,tip_4l0_mean,0.4562055561274131,0.41299211978912354,0.9052763918416186,1.1046350142476196
47,alpha_bar,tip_l0_integral,0.00020030185928288303,0.00020344175572972745,1.0156758227711207,0.9845661160582208
47,alpha_bar,tip_l0_mean,1.1922728781137415,0.6279066205024719,0.5266467366898958,1.8988060313166388
47,alpha_bar,top1_mean,3.191778038872613,1.2383233308792114,0.38797288401564634,2.577499720211559
47,fatigue_f,crack_strip_mean,0.8711141914859095,0.9060389863357161,1.0400920972142969,0.9614533200264896
47,fatigue_f,domain_mean,0.989958371427327,0.9873362957828808,0.9973513273687805,1.002655706728949
47,fatigue_f,max,1.0,1.0,1.0,1.0
47,fatigue_f,p99,1.0,1.0,1.0,1.0
47,fatigue_f,p999,1.0,1.0,1.0,1.0
47,fatigue_f,right_band_mean,0.9571015333120417,0.9493400533974489,0.9918906410193135,1.0081756583289796
47,fatigue_f,tip_2l0_integral,0.000497118656259349,0.001027621844990348,2.06715606435465,0.48375641164383604
47,fatigue_f,tip_2l0_mean,0.796664466478917,0.8129919153779889,1.0204947623322973,0.9799168373138364
47,fatigue_f,tip_4l0_integral,0.002209404771456906,0.004346037586217899,1.9670626416507981,0.5083722189755889
47,fatigue_f,tip_4l0_mean,0.8823501573033009,0.8636799428247472,0.9788403568311079,1.0216170522815327
47,fatigue_f,tip_l0_integral,0.00011612896115070362,0.0002446440216980738,2.106658143446171,0.4746854648016848
47,fatigue_f,tip_l0_mean,0.691243761986089,0.755074088901159,1.0923412700776816,0.9154648161639862
47,fatigue_f,top1_mean,1.0,1.0,1.0,1.0
48,damage_alpha,crack_strip_mean,0.307740403288898,0.28104040026664734,0.9132385519194064,1.0950041453005264
48,damage_alpha,domain_mean,0.012295603848734354,0.010255031287670135,0.8340404760784267,1.1989825778023366
48,damage_alpha,max,1.0251822471618652,1.0005884170532227,0.9760102848281575,1.0245793671898307
48,damage_alpha,p99,1.0057464838027954,0.9437162280082703,0.9383241634015119,1.0657297754913477
48,damage_alpha,p999,1.0087660164833072,0.9996748566627502,0.9909878409145364,1.009094116712014
48,damage_alpha,right_band_mean,-2.478080183102303e-05,-0.0010278788395226002,41.47883698564592,0.02410867981534916
48,damage_alpha,tip_2l0_integral,0.00027903470664662717,0.000568064337130636,2.0358196439342557,0.4912026480241065
48,damage_alpha,tip_2l0_mean,0.4471709779963739,0.44941794872283936,1.0050248581348757,0.9950002648250901
48,damage_alpha,tip_4l0_integral,0.0005829049443984421,0.0011900400277227163,2.0415679076986346,0.48981961179398337
48,damage_alpha,tip_4l0_mean,0.2327895168994701,0.23649443686008453,1.0159153213167,0.9843340079800426
48,damage_alpha,tip_l0_integral,0.00011913804864606279,0.0002263467467855662,1.8998695157245753,0.5263519371848115
48,damage_alpha,tip_l0_mean,0.7091549956682546,0.6986010074615479,0.9851175155344405,1.0151073189044715
48,damage_alpha,top1_mean,1.0069271731376648,0.9872548580169678,0.9804630209160048,1.0199262783676866
48,psi_plus_raw,crack_strip_mean,42.34132328969882,70.95075225830078,1.6756857543836454,0.5967706041445834
48,psi_plus_raw,domain_mean,1.6959832283746035,2.8408026695251465,1.6750181381497005,0.5970084605201019
48,psi_plus_raw,max,1906.8204345703125,2758.578369140625,1.446690165014017,0.6912330118663045
48,psi_plus_raw,p99,506.9088565063476,0.09070805460214615,0.00017894351901308767,5588.355507454066
48,psi_plus_raw,p999,1599.9090129394629,2625.56103515625,1.6410689694987022,0.6093589109210141
48,psi_plus_raw,right_band_mean,0.008264586720733828,0.008375098928809166,1.013371776691276,0.9868046683370877
48,psi_plus_raw,tip_2l0_integral,0.06367088973484102,0.14514636993408203,2.279634704942049,0.43866677315979064
48,psi_plus_raw,tip_2l0_mean,102.03667627871518,114.83097839355469,1.1253892480767564,0.8885814412292977
48,psi_plus_raw,tip_4l0_integral,0.11972313182154723,0.2848797142505646,2.3794876555283464,0.42025853661256246
48,psi_plus_raw,tip_4l0_mean,47.81275281030888,56.61361312866211,1.1840693078951037,0.8445451573925854
48,psi_plus_raw,tip_l0_integral,0.029677887103326948,0.0727924332022667,2.4527498520643176,0.40770566112087053
48,psi_plus_raw,tip_l0_mean,176.6540760015905,224.66798400878906,1.2717962081257965,0.7862894963916165
48,psi_plus_raw,top1_mean,765.9378868950738,1576.5777587890625,2.0583624152346425,0.48582309538818763
48,psi_plus_active,crack_strip_mean,0.006124381343675944,0.005043406970798969,0.8234965603516521,1.214334155291404
48,psi_plus_active,domain_mean,0.00257511048826059,0.00297982688061893,1.1571646708765935,0.8641812398597205
48,psi_plus_active,max,0.2962759571472177,0.3892066776752472,1.3136627130423977,0.7612304056983047
48,psi_plus_active,p99,0.036129761050726586,0.03420369699597359,0.9466903738430823,1.056311575177962
48,psi_plus_active,p999,0.1117676434921587,0.1065315455198288,0.9531519337016597,1.049150680643747
48,psi_plus_active,right_band_mean,0.00826499049161931,0.008392061106860638,1.0153745627862703,0.9848582352269282
48,psi_plus_active,tip_2l0_integral,3.37948048682402e-06,8.234719643951394e-07,0.2436682110181452,4.103941157615891
48,psi_plus_active,tip_2l0_mean,0.005415833795638073,0.0006514809210784733,0.12029189699343762,8.313111896926472
48,psi_plus_active,tip_4l0_integral,5.9152060687022734e-06,4.1429148041061126e-06,0.7003838507041259,1.4277884891187271
48,psi_plus_active,tip_4l0_mean,0.0023623027670747893,0.0008233137195929885,0.34852167599688666,2.8692619968031288
48,psi_plus_active,tip_l0_integral,2.7151746851690553e-06,2.3405424087741267e-07,0.08620227720738333,11.600621612283216
48,psi_plus_active,tip_l0_mean,0.016161752806778475,0.0007223896100185812,0.044697479206314825,22.3726263260663
48,psi_plus_active,top1_mean,0.06284529736539071,0.06149115413427353,0.9784527516316135,1.0220217566279572
48,alpha_bar,crack_strip_mean,0.4501879056482433,0.3009234070777893,0.6684395633518361,1.4960215624963624
48,alpha_bar,domain_mean,0.1930350212324058,0.1990833580493927,1.0313328471609562,0.969619073757605
48,alpha_bar,max,9.865960121154785,7.519813537597656,0.7621978444321424,1.3119953136905371
48,alpha_bar,p99,3.08813289642334,0.9848132133483887,0.31890247161609997,3.135754937653216
48,alpha_bar,p999,3.8231229956150066,1.5355525016784668,0.4016487315317069,2.489737727258472
48,alpha_bar,right_band_mean,0.4063330493118479,0.4175398349761963,1.0275802957286586,0.9731599604981707
48,alpha_bar,tip_2l0_integral,0.00043890307275779657,0.0006231899606063962,1.4198806052795536,0.7042845689149438
48,alpha_bar,tip_2l0_mean,0.7033702676250575,0.49303001165390015,0.7009537285655035,1.4266276920253957
48,alpha_bar,tip_4l0_integral,0.0011568614951519489,0.002082319464534521,1.7999730073659486,0.5555638867403817
48,alpha_bar,tip_4l0_mean,0.46200539412810065,0.4138154685497284,0.8956940196135229,1.1164526926633755
48,alpha_bar,tip_l0_integral,0.00020634896344002418,0.0002036757068708539,0.987044972145221,1.013125063416941
48,alpha_bar,tip_l0_mean,1.2282675428837073,0.628628671169281,0.5118010931831647,1.9538840641790451
48,alpha_bar,top1_mean,3.319467306666904,1.2430307865142822,0.37446694655427004,2.670462664867202
48,fatigue_f,crack_strip_mean,0.8676679276677323,0.9029226207527812,1.0406315503441652,0.9609549121101246
48,fatigue_f,domain_mean,0.9893165688504971,0.9863452599459062,0.9969966045266548,1.0030124430311085
48,fatigue_f,max,1.0,1.0,1.0,1.0
48,fatigue_f,p99,1.0,1.0,1.0,1.0
48,fatigue_f,p999,1.0,1.0,1.0,1.0
48,fatigue_f,right_band_mean,0.9542387503399477,0.9460400020077057,0.9914080744160503,1.0086663865321155
48,fatigue_f,tip_2l0_integral,0.0004967008456266252,0.0010273143398603565,2.0682758020359775,0.48349451219978307
48,fatigue_f,tip_2l0_mean,0.7959948981965421,0.8127486360181359,1.0210475442236528,0.9793863230534909
48,fatigue_f,tip_4l0_integral,0.00220759510637014,0.004344688595497814,1.9680640634512054,0.5081135409008972
48,fatigue_f,tip_4l0_mean,0.881627447596776,0.8634118604152233,0.9793386795848898,1.021097216770676
48,fatigue_f,tip_l0_integral,0.00011585502757683793,0.0002445870998883058,2.1111479148031753,0.47367595277815056
48,fatigue_f,tip_l0_mean,0.6896132051270857,0.7548984043152416,1.0946692996926077,0.9135179001373367
48,fatigue_f,top1_mean,1.0,1.0,1.0,1.0
49,damage_alpha,crack_strip_mean,0.31064186148677,0.28394976258277893,0.914074365971671,1.094002892135575
49,damage_alpha,domain_mean,0.012411694811254901,0.010351451113820076,0.8340078668735393,1.1990294572984288
49,damage_alpha,max,1.026358962059021,1.0005983114242554,0.974900934675831,1.0257452469593895
49,damage_alpha,p99,1.0057846307754517,0.9439297318458557,0.9385008509407164,1.0655291351069518
49,damage_alpha,p999,1.008919678807259,1.0000171661376953,0.9911761928560179,1.0089023598504288
49,damage_alpha,right_band_mean,-2.470408557101577e-05,-0.0010479176416993141,42.41879905600676,0.023574453361578464
49,damage_alpha,tip_2l0_integral,0.0002794357964861831,0.0005685619544237852,2.0346783109868967,0.4914781833571331
49,damage_alpha,tip_2l0_mean,0.44781375013742436,0.4498116374015808,1.0044614245622054,0.995558391339767
49,damage_alpha,tip_4l0_integral,0.0005836916177263866,0.0011914153583347797,2.041172636632366,0.4899144648783126
49,damage_alpha,tip_4l0_mean,0.2331036835671742,0.2367677539587021,1.0157186293045943,0.9845246224189508
49,damage_alpha,tip_l0_integral,0.00011932470303449612,0.00022642366820946336,1.8975422729022464,0.526997482101162
49,damage_alpha,tip_l0_mean,0.7102660336072267,0.6988384127616882,0.983910787923363,1.0163523078251788
49,damage_alpha,top1_mean,1.0070314558347067,0.9877387285232544,0.9808419814498636,1.019532217128204
49,psi_plus_raw,crack_strip_mean,43.08309132251243,71.8270034790039,1.667173855778352,0.5998174674669012
49,psi_plus_raw,domain_mean,1.7255870560084363,2.8757922649383545,1.6665587835310551,0.6000388404429574
49,psi_plus_raw,max,1926.3538818359375,2756.97802734375,1.431189800243855,0.6987193451417931
49,psi_plus_raw,p99,507.6301715087891,0.09390262514352798,0.0001849823560810592,5405.920981792448
49,psi_plus_raw,p999,1623.8378621826541,2625.2138671875,1.6166724082038975,0.6185545042554338
49,psi_plus_raw,right_band_mean,0.008251245644835316,0.008364425972104073,1.0137167564923484,0.9864688470378935
49,psi_plus_raw,tip_2l0_integral,0.06377622474938599,0.1478014886379242,2.317501376394142,0.43149920435254485
49,psi_plus_raw,tip_2l0_mean,102.20548238186053,116.93154907226562,1.1440829429813315,0.8740625023165978
49,psi_plus_raw,tip_4l0_integral,0.12007919463771109,0.2902281880378723,2.41697313938118,0.41374063439365777
49,psi_plus_raw,tip_4l0_mean,47.9549504220416,57.67650604248047,1.2027226706498801,0.8314468700084111
49,psi_plus_raw,tip_l0_integral,0.029435436968441003,0.07412517815828323,2.5182292431315365,0.39710443468460915
49,psi_plus_raw,tip_l0_mean,175.2109205503409,228.78140258789062,1.3057485336489518,0.7658442450672115
49,psi_plus_raw,top1_mean,776.7651527235244,1596.0511474609375,2.054740923771877,0.48667936109643706
49,psi_plus_active,crack_strip_mean,0.006088064311985163,0.004977114498615265,0.8175200266556242,1.2232116246630427
49,psi_plus_active,domain_mean,0.0025067556679316417,0.002916524186730385,1.163465679579713,0.8595010730022025
49,psi_plus_active,max,0.2953853546903326,0.37994346022605896,1.2862637033050366,0.7774455560166349
49,psi_plus_active,p99,0.03611697366153698,0.034009598195552826,0.9416513829277889,1.061964138884173
49,psi_plus_active,p999,0.10828724525610535,0.10664353519678116,0.9848208341117486,1.0154131242582232
49,psi_plus_active,right_band_mean,0.008251648154214484,0.008381696417927742,1.015760277375234,0.9844842550685686
49,psi_plus_active,tip_2l0_integral,3.7006596585345044e-06,7.902958145677985e-07,0.21355538944123356,4.682625910853827
49,psi_plus_active,tip_2l0_mean,0.005930543976503592,0.0006252339808270335,0.10542607614144126,9.48531934981991
49,psi_plus_active,tip_4l0_integral,6.380372202521004e-06,4.010576958535239e-06,0.6285804074173895,1.590886365848786
49,psi_plus_active,tip_4l0_mean,0.002548071991731834,0.0007970144506543875,0.3127911822117259,3.197021069868612
49,psi_plus_active,tip_l0_integral,3.025551803764027e-06,2.3410920846345107e-07,0.07737735912245845,12.923677046374593
49,psi_plus_active,tip_l0_mean,0.018009235510197896,0.000722559227142483,0.04012159354200944,24.924234351582943
49,psi_plus_active,top1_mean,0.06306303142985595,0.061307456344366074,0.9721615811088534,1.028635588396112
49,alpha_bar,crack_strip_mean,0.4615932238917374,0.305900514125824,0.6627058160575819,1.5089651784693419
49,alpha_bar,domain_mean,0.19575446685758602,0.20199987292289734,1.0319042837977992,0.9690821287412633
49,alpha_bar,max,10.265544891357422,7.656925678253174,0.7458859475349966,1.3406875452001736
49,alpha_bar,p99,3.205331354141235,0.988168478012085,0.3082890250130888,3.243709372909217
49,alpha_bar,p999,3.992870162963894,1.5443849563598633,0.3867856687865532,2.5854111997925338
49,alpha_bar,right_band_mean,0.41458469668055936,0.42592155933380127,1.0273451064258097,0.973382745238409
49,alpha_bar,tip_2l0_integral,0.0004472282740469948,0.0006239801878109574,1.395216322448767,0.716734734184362
49,alpha_bar,tip_2l0_mean,0.7167119355747081,0.49365517497062683,0.6887776671038424,1.4518473053935947
49,alpha_bar,tip_4l0_integral,0.0011722402353977132,0.0020863302052021027,1.7797804086585207,0.5618670680579819
49,alpha_bar,tip_4l0_mean,0.46814706361767494,0.4146125018596649,0.8856458452514604,1.1291195068115192
49,alpha_bar,tip_l0_integral,0.00021272200911429145,0.00020390977442730218,0.9585739401217548,1.0432163426777317
49,alpha_bar,tip_l0_mean,1.2662023355791554,0.6293511390686035,0.4970383653420929,2.011917126984227
49,alpha_bar,top1_mean,3.4487874311871,1.2470626831054688,0.361594533727531,2.76552853189291
49,fatigue_f,crack_strip_mean,0.8642212001009089,0.8997974618379974,1.0411656896786778,0.9604619225481947
49,fatigue_f,domain_mean,0.9886215033327607,0.9852601393843341,0.9965999485777974,1.0034116512117572
49,fatigue_f,max,1.0,1.0,1.0,1.0
49,fatigue_f,p99,1.0,1.0,1.0,1.0
49,fatigue_f,p999,1.0,1.0,1.0,1.0
49,fatigue_f,right_band_mean,0.9513403008704696,0.942505560479067,0.9907133752419414,1.009373674556267
49,fatigue_f,tip_2l0_integral,0.0004962789147483361,0.0010270130516885144,2.0694271329446154,0.4832255188309465
49,fatigue_f,tip_2l0_mean,0.7953187269569179,0.8125102751375252,1.0216159227714734,0.9788414390480201
49,fatigue_f,tip_4l0_integral,0.002205782992694769,0.004343380485519177,1.969087847673057,0.5078493583624197
49,fatigue_f,tip_4l0_mean,0.8809037600193926,0.8631519021591926,0.9798481302204803,1.020566319573407
49,fatigue_f,tip_l0_integral,0.00011557382367429004,0.00024453059261394,2.115795643337679,0.47263543771292327
49,fatigue_f,tip_l0_mean,0.6879393725055217,0.7547239991594896,1.097079233029989,0.9115111925308541
49,fatigue_f,top1_mean,1.0,1.0,1.0,1.0
50,damage_alpha,crack_strip_mean,0.3137115786057494,0.28666937351226807,0.9137991488434475,1.094332382849834
50,damage_alpha,domain_mean,0.012534514447218486,0.010440097190439701,0.8329079865360438,1.2006128121773334
50,damage_alpha,max,1.0266993045806885,1.0006085634231567,0.9745877482909299,1.026074872943595
50,damage_alpha,p99,1.005816971063614,0.9441432356834412,0.9386829441593582,1.0653224352505464
50,damage_alpha,p999,1.0089869132041935,1.000020146369934,0.9911130989739162,1.008966586190097
50,damage_alpha,right_band_mean,-2.4628437912654593e-05,-0.001068185898475349,43.37205235117625,0.02305632188910885
50,damage_alpha,tip_2l0_integral,0.0002797039513478429,0.0005691355327144265,2.0347783074635344,0.4914540303147601
50,damage_alpha,tip_2l0_mean,0.44824348546742676,0.45026543736457825,1.0045108338720037,0.9955094223776401
50,damage_alpha,tip_4l0_integral,0.000584364212114463,0.0011928167659789324,2.0412214527355212,0.4899027485037749
50,damage_alpha,tip_4l0_mean,0.2333722915523598,0.2370462566614151,1.0157429362527,0.9845010625318459
50,damage_alpha,tip_l0_integral,0.00011941941266903787,0.0002265219809487462,1.8968606182692862,0.5271868635832662
50,damage_alpha,tip_l0_mean,0.7108297813875243,0.6991418600082397,0.983557355522626,1.0167175247941052
50,damage_alpha,top1_mean,1.007115822368198,0.988152265548706,0.9811704310484372,1.0191909258123917
50,psi_plus_raw,crack_strip_mean,43.89922751145097,72.62226104736328,1.6542947373827934,0.6044872037627755
50,psi_plus_raw,domain_mean,1.7581615879362946,2.9075465202331543,1.6537424888493848,0.6046890654032626
50,psi_plus_raw,max,1955.0632324218748,2746.0400390625,1.4045786312807829,0.7119572929058
50,psi_plus_raw,p99,508.3341198730468,0.09923732280731201,0.0001952206608364119,5122.40864115282
50,psi_plus_raw,p999,1666.0177125244488,2626.01611328125,1.5762234059937783,0.634427833134174
50,psi_plus_raw,right_band_mean,0.008237176233579857,0.008354687131941319,1.0142659201441404,0.9859347338199898
50,psi_plus_raw,tip_2l0_integral,0.06417638022951133,0.1500626504421234,2.338284738177201,0.4276639126420272
50,psi_plus_raw,tip_2l0_mean,102.84675715211654,118.72044372558594,1.1543430927043354,0.8662935710536904
50,psi_plus_raw,tip_4l0_integral,0.12059481060159319,0.29490211606025696,2.4453964029556756,0.4089316557394665
50,psi_plus_raw,tip_4l0_mean,48.16086734261538,58.6053466796875,1.2168665124481732,0.8217828247965615
50,psi_plus_raw,tip_l0_integral,0.029509100475579895,0.07520002871751785,2.5483673682208394,0.39240810115150593
50,psi_plus_raw,tip_l0_mean,175.64939377262087,232.0988311767578,1.3213756460623545,0.7567870673112216
50,psi_plus_raw,top1_mean,788.9499104817709,1613.7244873046875,2.04540803651181,0.4889000053531499
50,psi_plus_active,crack_strip_mean,0.006076193847698664,0.004925462882965803,0.8106164823611255,1.2336289993601501
50,psi_plus_active,domain_mean,0.0024353560852514995,0.002858350984752178,1.1736891381356234,0.8520143601128282
50,psi_plus_active,max,0.2987226276474648,0.3814089298248291,1.276799594421571,0.7832082688380162
50,psi_plus_active,p99,0.035889299154819025,0.033660631626844406,0.9379016146745968,1.0662099140824575
50,psi_plus_active,p999,0.10604565871681383,0.10703537613153458,1.0093329366491437,0.9907533616408795
50,psi_plus_active,right_band_mean,0.008237577648370431,0.008372272364795208,1.016351253022959,0.9839118090578183
50,psi_plus_active,tip_2l0_integral,3.8685555020155205e-06,7.749355290798121e-07,0.20031650797722048,4.992099802946433
50,psi_plus_active,tip_2l0_mean,0.006199607812444303,0.0006130818510428071,0.09889042494142689,10.112202476552236
50,psi_plus_active,tip_4l0_integral,6.67283092694059e-06,3.928603291569743e-06,0.5887461160912343,1.6985250053777616
50,psi_plus_active,tip_4l0_mean,0.00266486860810113,0.0007807239890098572,0.2929690366858902,3.4133299932038907
50,psi_plus_active,tip_l0_integral,3.1646758446044868e-06,2.327613515262783e-07,0.07354982404378552,13.596225592663313
50,psi_plus_active,tip_l0_mean,0.018837354735758392,0.0007183991838246584,0.03813694618496208,26.221291950070025
50,psi_plus_active,top1_mean,0.06337059144993812,0.06141619011759758,0.9691591748218968,1.0318222496152614
50,alpha_bar,crack_strip_mean,0.47307443708620145,0.31082597374916077,0.6570339662900101,1.5219913296820444
50,alpha_bar,domain_mean,0.19840602350624334,0.20485824346542358,1.0325202826262843,0.9685039769450661
50,alpha_bar,max,10.695907592773438,7.79353141784668,0.7286461060221094,1.372408349863132
50,alpha_bar,p99,3.3227541565895082,0.9920967817306519,0.29857664304269355,3.349223803340202
50,alpha_bar,p999,4.178463245391847,1.5485557317733765,0.3706041290374343,2.698296974179128
50,alpha_bar,right_band_mean,0.42282227243764486,0.43429380655288696,1.0271308652902948,0.9735857754769867
50,alpha_bar,tip_2l0_integral,0.000456148706100331,0.0006247551646083593,1.3696304653573717,0.7301239460521742
50,alpha_bar,tip_2l0_mean,0.7310074989237227,0.4942682981491089,0.6761466864250095,1.4789690167488656
50,alpha_bar,tip_4l0_integral,0.0011886014280000476,0.0020902585238218307,1.7585865830053058,0.5686384791421912
50,alpha_bar,tip_4l0_mean,0.4746810862887765,0.4153931736946106,0.8750994840394851,1.1427272192916518
50,alpha_bar,tip_l0_integral,0.00021965428479437808,0.0002041425323113799,0.9293810612548762,1.0759849126361283
50,alpha_bar,tip_l0_mean,1.307465878047336,0.6300694942474365,0.48190129075370425,2.0751137612351647
50,alpha_bar,top1_mean,3.5797101963890925,1.2513034343719482,0.34955439566983854,2.8607850806273967
50,fatigue_f,crack_strip_mean,0.8607189745363824,0.8966184543873881,1.0417087120338466,0.9599612525535915
50,fatigue_f,domain_mean,0.9878911278889025,0.984084942848209,0.9961471614297952,1.0038677403494025
50,fatigue_f,max,1.0,1.0,1.0,1.0
50,fatigue_f,p99,1.0,1.0,1.0,1.0
50,fatigue_f,p999,1.0,1.0,1.0,1.0
50,fatigue_f,right_band_mean,0.9484773771897008,0.9388655711959344,0.9898660672094828,1.0102376807592623
50,fatigue_f,tip_2l0_integral,0.0004958477426467349,0.0010267248872226223,2.070645480288309,0.48294119370968497
50,fatigue_f,tip_2l0_mean,0.7946277460654192,0.8122822969350263,1.0222173853820524,0.9782654984157321
50,fatigue_f,tip_4l0_integral,0.0022040244392464194,0.004342124503359917,1.9700890906838302,0.5075912580445251
50,fatigue_f,tip_4l0_mean,0.8802014623092477,0.8629023031674724,0.980346364005815,1.020047645113792
50,fatigue_f,tip_l0_integral,0.00011528354216317975,0.00024447184280422714,2.1206135604177216,0.47156163605924434
50,fatigue_f,tip_l0_mean,0.6862115065039092,0.7545426725988235,1.099577412280721,0.9094402893615472
50,fatigue_f,top1_mean,1.0,1.0,1.0,1.0
51,damage_alpha,crack_strip_mean,0.31693180048178127,0.2893211841583252,0.9128815212563586,1.0954324046605128
51,damage_alpha,domain_mean,0.01266335514000938,0.010526305064558983,0.8312414007328539,1.2030199640181085
51,damage_alpha,max,1.0268512964248657,1.0006273984909058,0.9744618349070967,1.0262074554159815
51,damage_alpha,p99,1.0058468580245972,0.9442667365074158,0.9387778357849427,1.0652147525019777
51,damage_alpha,p999,1.009134020328522,1.0000256299972534,0.9909740528534522,1.0091081568892324
51,damage_alpha,right_band_mean,-2.4549691340450814e-05,-0.0010881887283176184,44.32596374540144,0.02256014117919194
51,damage_alpha,tip_2l0_integral,0.0002798609707330488,0.0005698442691937089,2.0361691296256765,0.4911183385752622
51,damage_alpha,tip_2l0_mean,0.4484951190827957,0.45082613825798035,1.0051974237310581,0.9948294498092062
51,damage_alpha,tip_4l0_integral,0.0005848757114307601,0.0011943901190534234,2.042126379520241,0.4896856580614424
51,damage_alpha,tip_4l0_mean,0.23357656444432862,0.2373589277267456,1.0161932482028542,0.9840647945344135
51,damage_alpha,tip_l0_integral,0.00011946713530657073,0.00022666389122605324,1.897290754016989,0.5270673447824358
51,damage_alpha,tip_l0_mean,0.7111138446838222,0.6995798349380493,0.9837803611447037,1.0164870528991081
51,damage_alpha,top1_mean,1.007193468676673,0.9886042475700378,0.9815435448255446,1.0188035011505636
51,psi_plus_raw,crack_strip_mean,44.7947600396134,73.38399505615234,1.6382272165596288,0.6104159361361713
51,psi_plus_raw,domain_mean,1.7939081753372097,2.9379634857177734,1.6377446327014538,0.610595803541425
51,psi_plus_raw,max,1983.8729248046875,2750.188232421875,1.386272375632442,0.7213589606038152
51,psi_plus_raw,p99,509.5329049682627,0.0998350977897644,0.00019593454478858993,5103.745238385519
51,psi_plus_raw,p999,1708.6201787109578,2627.77099609375,1.5379491760867716,0.6502165452205942
51,psi_plus_raw,right_band_mean,0.008222753143238507,0.008344273082911968,1.014778497853044,0.9854367254683553
51,psi_plus_raw,tip_2l0_integral,0.06466274487604955,0.152078777551651,2.351876305949695,0.42519242932557066
51,psi_plus_raw,tip_2l0_mean,103.62618762966919,120.31548309326172,1.1610528751982594,0.8612872172847784
51,psi_plus_raw,tip_4l0_integral,0.12142293203395944,0.2988705039024353,2.4614008152829605,0.4062727182793432
51,psi_plus_raw,tip_4l0_mean,48.49158676784447,59.393978118896484,1.2248305753170685,0.8164394489753268
51,psi_plus_raw,tip_l0_integral,0.029718409042920568,0.07624317705631256,2.5655201443051334,0.3897845051888486
51,psi_plus_raw,tip_l0_mean,176.89527800400333,235.3184356689453,1.3302697410816122,0.7517272393093168
51,psi_plus_raw,top1_mean,802.9150186496311,1630.6522216796875,2.0309150829214433,0.49238887849585217
51,psi_plus_active,crack_strip_mean,0.006062116474045179,0.0048669553361833096,0.8028475462358854,1.2455664897880738
51,psi_plus_active,domain_mean,0.002360069410270435,0.0028037335723638535,1.187987760089895,0.8417595143609309
51,psi_plus_active,max,0.29885983055757465,0.3957892060279846,1.3243305575378648,0.7550984867850173
51,psi_plus_active,p99,0.03635600537370006,0.03366169333457947,0.9258908669578518,1.0800408943287716
51,psi_plus_active,p999,0.11254901484772775,0.10874434560537338,0.9661954460685253,1.0349872834414884
51,psi_plus_active,right_band_mean,0.008223153580849003,0.00836216565221548,1.0169049586633314,0.9833760682162942
51,psi_plus_active,tip_2l0_integral,4.027896436080487e-06,7.51052198211255e-07,0.1864626387817701,5.363004656232329
51,psi_plus_active,tip_2l0_mean,0.006454961858458807,0.0005941868294030428,0.09205117589105498,10.863522277906874
51,psi_plus_active,tip_4l0_integral,6.986441484878476e-06,3.853326234093402e-06,0.5515434778110687,1.8130936911242928
51,psi_plus_active,tip_4l0_mean,0.002790112442414931,0.0007657643291167915,0.27445644034833167,3.643565436944496
51,psi_plus_active,tip_l0_integral,3.2960032996032036e-06,2.1704809682887571e-07,0.06585190520137085,15.18558949725243
51,psi_plus_active,tip_l0_mean,0.019619065715912307,0.000669901492074132,0.034145432905645416,29.286493533800403
51,psi_plus_active,top1_mean,0.06365957108252672,0.061267778277397156,0.9624283864239535,1.0390383472744913
51,alpha_bar,crack_strip_mean,0.4846169905690761,0.3156929612159729,0.6514277612207962,1.5350896285506295
51,alpha_bar,domain_mean,0.20098531027455113,0.20766198635101318,1.0332197217166843,0.9678483472407107
51,alpha_bar,max,11.13967227935791,7.924234867095947,0.7113526025159422,1.405772603436267
51,alpha_bar,p99,3.4397375869750975,0.9956764578819275,0.2894629118372732,3.454674015585693
51,alpha_bar,p999,4.358878402709962,1.5486083030700684,0.3552767845295436,2.8147068526422205
51,alpha_bar,right_band_mean,0.4310454255406578,0.4426559805870056,1.0269358038814234,0.9737707033101618
51,alpha_bar,tip_2l0_integral,0.000465474182097361,0.0006255061598494649,1.3438041977559794,0.744156032307312
51,alpha_bar,tip_2l0_mean,0.7459521711187649,0.49486243724823,0.6633970064140234,1.507392994438543
51,alpha_bar,tip_4l0_integral,0.0012058770005097079,0.0020941118709743023,1.7365882839536284,0.5758417290040307
51,alpha_bar,tip_4l0_mean,0.4815802766582043,0.4161589443683624,0.8641527997288106,1.1572027543205565
51,alpha_bar,tip_l0_integral,0.00022692478526460105,0.00020435950136743486,0.9005605144856504,1.1104195486198325
51,alpha_bar,tip_l0_mean,1.350742663155545,0.630739152431488,0.46695730403449554,2.1415234141537853
51,alpha_bar,top1_mean,3.7124778768751354,1.2558189630508423,0.33826974993528836,2.9562205907897527
51,fatigue_f,crack_strip_mean,0.857167867570302,0.8934045299187197,1.0422748725417494,0.9594398045511203
51,fatigue_f,domain_mean,0.9871086821856865,0.9828085851433055,0.9956437450911083,1.0043753148958847
51,fatigue_f,max,1.0,1.0,1.0,1.0
51,fatigue_f,p99,1.0,1.0,1.0,1.0
51,fatigue_f,p999,1.0,1.0,1.0,1.0
51,fatigue_f,right_band_mean,0.9454988174385046,0.9351406439439299,0.9890447525649619,1.0110765942659592
51,fatigue_f,tip_2l0_integral,0.0004954292626240498,0.0010264422839594812,2.0718240955790774,0.48266645905597444
51,fatigue_f,tip_2l0_mean,0.7939571050427846,0.8120587184179743,1.0227992334349274,0.9777089846280395
51,fatigue_f,tip_4l0_integral,0.0022023869579336297,0.004340877238674231,1.9709875337924365,0.5073598806968961
51,fatigue_f,tip_4l0_mean,0.8795475160914306,0.8626544365830147,0.9807934429927264,1.0195826727273665
51,fatigue_f,tip_l0_integral,0.00011500652622452424,0.00024441691041868273,2.1252438313067032,0.4705342442448834
51,fatigue_f,tip_l0_mean,0.6845626022368861,0.7543731282107031,1.1019782935055218,0.9074588908814919
51,fatigue_f,top1_mean,1.0,1.0,1.0,1.0
52,damage_alpha,crack_strip_mean,0.320117527461132,0.29202592372894287,0.9122459680512185,1.0961955821369598
52,damage_alpha,domain_mean,0.012790814028214727,0.010614700615406036,0.8298690444557718,1.2050094007974477
52,damage_alpha,max,1.0268415212631226,1.0006484985351562,0.9744916599245557,1.026176047599442
52,damage_alpha,p99,1.0058718085289002,0.9445984363555908,0.9390843130767106,1.0648671115841688
52,damage_alpha,p999,1.0091925525665286,1.0000320672988892,0.9909229559370578,1.0091601915250399
52,damage_alpha,right_band_mean,-2.4467790562715526e-05,-0.001107988297007978,45.28354508217637,0.022083076715510967
52,damage_alpha,tip_2l0_integral,0.0002800006584124041,0.0005705055082216859,2.037514881059338,0.4907939614556745
52,damage_alpha,tip_2l0_mean,0.4487189775301625,0.45134925842285156,1.0058617554068399,0.9941724045324012
52,damage_alpha,tip_4l0_integral,0.0005853372293491865,0.0011957308743149042,2.042806803258338,0.4895225522085447
52,damage_alpha,tip_4l0_mean,0.233760876713942,0.2376253604888916,1.0165317816619872,0.9837370734882893
52,damage_alpha,tip_l0_integral,0.00011950123798478359,0.00022677602828480303,1.8976876901783981,0.5269570989871319
52,damage_alpha,tip_l0_mean,0.7113168368000701,0.69992595911026,0.9839862110658689,1.0162744038016394
52,damage_alpha,top1_mean,1.0072728588845994,0.9890082478523254,0.9818672657848647,1.0184676023399566
52,psi_plus_raw,crack_strip_mean,45.68297803501858,74.10952758789062,1.622256927538338,0.6164251685566419
52,psi_plus_raw,domain_mean,1.8293630586644585,2.966933012008667,1.6218393598560479,0.6165838767710993
52,psi_plus_raw,max,2009.8038330078127,2750.8330078125,1.368707215417977,0.7306164450186077
52,psi_plus_raw,p99,510.58964477539064,0.10213930904865265,0.00020004187333956593,4998.953385637045
52,psi_plus_raw,p999,1740.7347021484684,2623.57275390625,1.5071640443935286,0.6634977816249541
52,psi_plus_raw,right_band_mean,0.008209264013448885,0.008334249258041382,1.0152249025476265,0.9850034189375961
52,psi_plus_raw,tip_2l0_integral,0.06497978493407117,0.1540602147579193,2.3708945007163322,0.42178173668118263
52,psi_plus_raw,tip_2l0_mean,104.13426461590984,121.88307189941406,1.1704415674222999,0.8543784054101319
52,psi_plus_raw,tip_4l0_integral,0.1220165424882122,0.3029952645301819,2.4832310304109275,0.4027011533576556
52,psi_plus_raw,tip_4l0_mean,48.72865164814769,60.21368408203125,1.2356936226516775,0.8092620870326238
52,psi_plus_raw,tip_l0_integral,0.029947129145438855,0.07728308439254761,2.5806508536167425,0.3874991452634964
52,psi_plus_raw,tip_l0_mean,178.2567070785424,238.52801513671875,1.3381152330589163,0.7473197937624634
52,psi_plus_raw,top1_mean,816.637276272244,1646.775390625,2.0165322334318856,0.4959008258936308
52,psi_plus_active,crack_strip_mean,0.006025603058715939,0.004809558391571045,0.7981870602335969,1.2528391524003668
52,psi_plus_active,domain_mean,0.00228476260760094,0.002749186474829912,1.2032700752734347,0.8310686192148151
52,psi_plus_active,max,0.29424294219495445,0.38628220558166504,1.3128002415287459,0.7617305118983735
52,psi_plus_active,p99,0.03599182807349305,0.033739518374204636,0.9374216365256763,1.0667558343396628
52,psi_plus_active,p999,0.10643366949356192,0.10614534467458725,0.9972910375039534,1.0027163209075123
52,psi_plus_active,right_band_mean,0.008209663575344726,0.008352447301149368,1.0173921531003354,0.9829051629233273
52,psi_plus_active,tip_2l0_integral,4.1560286323465654e-06,7.174537586251972e-07,0.17262964769809838,5.792747730962413
52,psi_plus_active,tip_2l0_mean,0.0066603019045258635,0.0005676057771779597,0.08522222945963688,11.734027686680292
52,psi_plus_active,tip_4l0_integral,7.294608443724679e-06,3.7602912925649434e-06,0.5154891207080214,1.9399051499409057
52,psi_plus_active,tip_4l0_mean,0.002913182315408066,0.0007472756551578641,0.25651523806301463,3.8984038825574316
52,psi_plus_active,tip_l0_integral,3.3951506081211483e-06,2.0348491602817376e-07,0.05993398806563719,16.685023511281145
52,psi_plus_active,tip_l0_mean,0.02020922822018029,0.0006280398229137063,0.03107688309871061,32.178259216783886
52,psi_plus_active,top1_mean,0.06390621971579236,0.061067018657922745,0.955572382930859,1.046493199115776
52,alpha_bar,crack_strip_mean,0.49617143396157787,0.32050248980522156,0.6459511125947658,1.5481047721754526
52,alpha_bar,domain_mean,0.20349122646224366,0.2104111611843109,1.0340060593391294,0.9671123210236662
52,alpha_bar,max,11.592061996459961,8.054259300231934,0.6948081629214528,1.4392461881784897
52,alpha_bar,p99,3.556657793521881,1.0005546808242798,0.2813187939100288,3.554686077318458
52,alpha_bar,p999,4.5409825172424325,1.5555166006088257,0.3425506693105333,2.919276152671789
52,alpha_bar,right_band_mean,0.43925508882186187,0.4510084390640259,1.026757459483709,0.9739398440823953
52,alpha_bar,tip_2l0_integral,0.0004750840363950253,0.0006262235110625625,1.3181320841979773,0.7586493129089213
52,alpha_bar,tip_2l0_mean,0.7613525777432042,0.49542996287345886,0.6507234326860871,1.5367511753375047
52,alpha_bar,tip_4l0_integral,0.001223838756261626,0.0020978720858693123,1.7141735993698504,0.5833714860429605
52,alpha_bar,tip_4l0_mean,0.48875350187157146,0.4169062077999115,0.8529989170480888,1.172334430928268
52,alpha_bar,tip_l0_integral,0.00023445215911084306,0.00020456296624615788,0.8725147468121447,1.146112433805435
52,alpha_bar,tip_l0_mean,1.395548456334041,0.6313671469688416,0.45241506599303377,2.2103596346974834
52,alpha_bar,top1_mean,3.846580712000529,1.260619044303894,0.3277245789672437,3.051342694988863
52,fatigue_f,crack_strip_mean,0.8535973325459473,0.8901834473225112,1.0428610931426436,0.9589004773267719
52,fatigue_f,domain_mean,0.9862727202702024,0.981419715759254,0.9950794497189187,1.004944881820714
52,fatigue_f,max,1.0,1.0,1.0,1.0
52,fatigue_f,p99,1.0,1.0,1.0,1.0
52,fatigue_f,p999,1.0,1.0,1.0,1.0
52,fatigue_f,right_band_mean,0.9424089537596271,0.93122210111227,0.9881295136227978,1.0120130875695448
52,fatigue_f,tip_2l0_integral,0.0004950308623593322,0.0010261668752451667,2.072935150657929,0.48240775871961555
52,fatigue_f,tip_2l0_mean,0.7933186431175683,0.8118408317904626,1.0233477289782402,0.9771849506115073
52,fatigue_f,tip_4l0_integral,0.0022008318740778434,0.004339652704637006,1.9718238161446733,0.5071447011707205
52,fatigue_f,tip_4l0_mean,0.8789264762066169,0.862411087217926,0.9812095898396757,1.0191502512357167
52,fatigue_f,tip_l0_integral,0.00011474843634378552,0.00024436792742603815,2.1295970142365475,0.469572408918171
52,fatigue_f,tip_l0_mean,0.6830263530676471,0.7542219461450795,1.1042354994908683,0.9056039227692567
52,fatigue_f,top1_mean,1.0,1.0,1.0,1.0
53,damage_alpha,crack_strip_mean,0.3231637349831684,0.2948719561100006,0.9124537322399701,1.0959459802362952
53,damage_alpha,domain_mean,0.012912695161993004,0.010709087364375591,0.8293456346663033,1.205769896410393
53,damage_alpha,max,1.026840090751648,1.0006645917892456,0.9745086901084649,1.0261581144942873
53,damage_alpha,p99,1.0058987498283387,0.9448971152305603,0.9393560886638057,1.0645590230031485
53,damage_alpha,p999,1.0093282479047776,1.0000354051589966,0.9907930420405139,1.0092925137428546
53,damage_alpha,right_band_mean,-2.4385053063590497e-05,-0.0011275511933490634,46.239439808011674,0.0216265595809994
53,damage_alpha,tip_2l0_integral,0.00028013555641339164,0.0005710481200367212,2.038470686648697,0.49056383618840654
53,damage_alpha,tip_2l0_mean,0.44893516021136476,0.4517785608768463,1.0063336555420226,0.9937062071737913
53,damage_alpha,tip_4l0_integral,0.0005858146877342464,0.0011969910701736808,2.0432930331659644,0.48940606352998606
53,damage_alpha,tip_4l0_mean,0.23395155498467174,0.2378758043050766,1.0167737689140899,0.9835029488103296
53,damage_alpha,tip_l0_integral,0.00011953242289643276,0.00022688283934257925,1.8980861748210256,0.5268464694940903
53,damage_alpha,tip_l0_mean,0.7115024612595673,0.7002556324005127,0.9841928461650794,1.0160610330551714
53,damage_alpha,top1_mean,1.0073480976952447,0.9894370436668396,0.9822195981018036,1.0181022674894271
53,psi_plus_raw,crack_strip_mean,46.53414515880228,74.88194274902344,1.6091827300895192,0.6214334651381511
53,psi_plus_raw,domain_mean,1.8633395871626484,2.997774362564087,1.6088180507820742,0.621574328752641
53,psi_plus_raw,max,2031.8634033203123,2753.1865234375,1.3550057149208248,0.7380042674273382
53,psi_plus_raw,p99,511.41440856933593,0.10904227197170258,0.00021321705087806297,4690.056427859945
53,psi_plus_raw,p999,1777.1892780762007,2625.922119140625,1.4775703137164848,0.6767867428824639
53,psi_plus_raw,right_band_mean,0.008197441226951645,0.008323565125465393,1.0153857642917983,0.9848473704941791
53,psi_plus_raw,tip_2l0_integral,0.06522710848059138,0.15622976422309875,2.3951661795583905,0.4175075652514329
53,psi_plus_raw,tip_2l0_mean,104.5306164300196,123.5994873046875,1.182423786694437,0.8457204694736246
53,psi_plus_raw,tip_4l0_integral,0.12258847911129386,0.30722713470458984,2.5061664597834588,0.3990157940611827
53,psi_plus_raw,tip_4l0_mean,48.95706084498801,61.0546760559082,1.2471066481957462,0.8018560412990755
53,psi_plus_raw,tip_l0_integral,0.030147580491139594,0.07838375866413116,2.6000016381801596,0.3846151422811942
53,psi_plus_raw,tip_l0_mean,179.44986975669238,241.9251708984375,1.3481490470093538,0.7417577472003819
53,psi_plus_raw,top1_mean,830.0767030843099,1663.9404296875,2.0045622573249062,0.4988620315212873
53,psi_plus_active,crack_strip_mean,0.0059807626878790295,0.004753017798066139,0.7947176716606543,1.2583084983002637
53,psi_plus_active,domain_mean,0.002212803165734444,0.002691795350983739,1.2164639822766676,0.8220547542463645
53,psi_plus_active,max,0.28991310438055146,0.3683924674987793,1.2706996059592144,0.786968057053208
53,psi_plus_active,p99,0.03642230930728929,0.03358898684382439,0.9222091482568936,1.0843527218203617
53,psi_plus_active,p999,0.11025670853749961,0.10715994983911514,0.9719131947664552,1.028898470958915
53,psi_plus_active,right_band_mean,0.008197840037782182,0.00834206398576498,1.0175929204910195,0.9827112393013402
53,psi_plus_active,tip_2l0_integral,4.2704245348148195e-06,6.959767233638559e-07,0.16297600336684928,6.135872639784027
53,psi_plus_active,tip_2l0_mean,0.006843628660542237,0.0005506144370883703,0.08045650405654006,12.429075955093193
53,psi_plus_active,tip_4l0_integral,7.637111006367382e-06,3.6849444313702406e-06,0.482505024255631,2.072517279053659
53,psi_plus_active,tip_4l0_mean,0.003049964490376075,0.000732302141841501,0.24010185828465325,4.164899043865158
53,psi_plus_active,tip_l0_integral,3.4842454792983923e-06,1.9471588075248292e-07,0.055884661947438914,17.893997478959932
53,psi_plus_active,tip_l0_mean,0.020739554792604396,0.0006009748904034495,0.02897723198078262,34.50985244771443
53,psi_plus_active,top1_mean,0.06402420378009577,0.060849566012620926,0.9504150371259784,1.0521719048385059
53,alpha_bar,crack_strip_mean,0.5077219015936884,0.32525554299354553,0.6406175151645042,1.5609938478550809
53,alpha_bar,domain_mean,0.20592681766366458,0.21310296654701233,1.0348480541037077,0.9663254388260023
53,alpha_bar,max,12.048589706420898,8.175773620605469,0.6785668546957375,1.4736941438856306
53,alpha_bar,p99,3.673400948047638,1.004613995552063,0.2734833495608481,3.656529736109244
53,alpha_bar,p999,4.724841514110614,1.5615501403808594,0.33049788775291855,3.025737945858231
53,alpha_bar,right_band_mean,0.44745292750225935,0.45935049653053284,1.026589543384345,0.9740991484321109
53,alpha_bar,tip_2l0_integral,0.00048498403410728887,0.0006269196746870875,1.292660439515416,0.773598363058804
53,alpha_bar,tip_2l0_mean,0.777217957761186,0.49598070979118347,0.6381488034834912,1.5670326333627134
53,alpha_bar,tip_4l0_integral,0.0012426462840356524,0.0021015573292970657,1.6911951182696898,0.5912978279071245
53,alpha_bar,tip_4l0_mean,0.4962644954678041,0.4176385700702667,0.8415644759687663,1.1882630844759112
53,alpha_bar,tip_l0_integral,0.0002421637956942516,0.0002047578018391505,0.8455343262692795,1.1826840956443054
53,alpha_bar,tip_l0_mean,1.4414510514331844,0.6319684982299805,0.43842522269600226,2.2808906701368903
53,alpha_bar,top1_mean,3.982084953520033,1.2650940418243408,0.3176963968852646,3.147659242610636
53,fatigue_f,crack_strip_mean,0.8500340110410233,0.8868938914010867,1.0433628300530253,0.9584393570443548
53,fatigue_f,domain_mean,0.9854004774057965,0.9798914914868304,0.9944093939009759,1.0056220366916413
53,fatigue_f,max,1.0,1.0,1.0,1.0
53,fatigue_f,p99,1.0,1.0,1.0,1.0
53,fatigue_f,p999,1.0,1.0,1.0,1.0
53,fatigue_f,right_band_mean,0.9392969962841698,0.9271680191109658,0.9870871755992131,1.0130817466987636
53,fatigue_f,tip_2l0_integral,0.0004946533325864242,0.0010259004971411526,2.0739787434099832,0.48216501889302166
53,fatigue_f,tip_2l0_mean,0.7927136274913658,0.8116300896326806,1.0238629203350247,0.97669324685846
53,fatigue_f,tip_4l0_integral,0.0021993887631796246,0.004338455333824007,1.972573201452555,0.5069520356778772
53,fatigue_f,tip_4l0_mean,0.8783501539570683,0.8621731359497201,0.9815824953926758,1.0187630736018334
53,fatigue_f,tip_l0_integral,0.00011450979758945397,0.0002443218184948515,2.133632437032208,0.46868428818553093
53,fatigue_f,tip_l0_mean,0.6816058844036266,0.7540796346388989,1.1063279409606088,0.9038911185156494
53,fatigue_f,top1_mean,1.0,1.0,1.0,1.0
54,damage_alpha,crack_strip_mean,0.32643951885131445,0.2978244423866272,0.9123418740311257,1.0960803493339206
54,damage_alpha,domain_mean,0.01304375768111859,0.010807494632899761,0.8285568389961799,1.2069178032632357
54,damage_alpha,max,1.026769757270813,1.0006786584854126,0.9745891436705817,1.026073403848635
54,damage_alpha,p99,1.0059197318553925,0.9450343251228333,0.9394728974843174,1.0644266616714113
54,damage_alpha,p999,1.0093762892484666,1.000033974647522,0.9907444679447539,1.0093419972098823
54,damage_alpha,right_band_mean,-2.429814793606938e-05,-0.0011472628684714437,47.216062371913935,0.021179233289789143
54,damage_alpha,tip_2l0_integral,0.00028023863682597,0.0005714953294955194,2.039316690833112,0.4903603273072192
54,damage_alpha,tip_2l0_mean,0.4491003531705448,0.45213234424591064,1.0067512551570281,0.9932940186342503
54,damage_alpha,tip_4l0_integral,0.0005861651420763989,0.0011979697737842798,2.0437410684993282,0.48929877439624825
54,damage_alpha,tip_4l0_mean,0.2340915127904666,0.2380702942609787,1.0169966925459337,0.983287366939823
54,damage_alpha,tip_l0_integral,0.00011955977862689729,0.00022695615189149976,1.898265072903385,0.5267968179336019
54,damage_alpha,tip_l0_mean,0.7116652929757112,0.7004818916320801,0.9842855883882301,1.0159652968581023
54,damage_alpha,top1_mean,1.0074132861031426,0.9898853302001953,0.9826010276569325,1.0177070569369913
54,psi_plus_raw,crack_strip_mean,47.48497437434432,75.71160888671875,1.594432973467603,0.6271822125110603
54,psi_plus_raw,domain_mean,1.9012972127123262,3.030900716781616,1.5941225267236552,0.6273043528562797
54,psi_plus_raw,max,2054.37548828125,2746.609375,1.336955873289694,0.7479678424534796
54,psi_plus_raw,p99,512.1833618164062,0.11390296369791031,0.0002223870828094943,4496.664047959297
54,psi_plus_raw,p999,1815.0163276367439,2625.575927734375,1.4465852938926596,0.6912831232433382
54,psi_plus_raw,right_band_mean,0.008186172735296869,0.008311816491186619,1.0153482903369486,0.9848837187366954
54,psi_plus_raw,tip_2l0_integral,0.0655782266301353,0.1581512987613678,2.4116434202063677,0.4146549990024763
54,psi_plus_raw,tip_2l0_mean,105.09330573921248,125.11968994140625,1.1905581336635176,0.8399421848665694
54,psi_plus_raw,tip_4l0_integral,0.12334297980458997,0.31125327944755554,2.5234778658718025,0.39627849069899546
54,psi_plus_raw,tip_4l0_mean,49.258379016296324,61.85478210449219,1.2557210233010012,0.7963552265544065
54,psi_plus_raw,tip_l0_integral,0.030365849273054822,0.0793335810303688,2.6125922024109354,0.38276161089250227
54,psi_plus_raw,tip_l0_mean,180.74908859444128,244.85671997070312,1.3546774806710333,0.7381830836256719
54,psi_plus_raw,top1_mean,845.4456924099393,1682.3768310546875,1.989928916970503,0.5025305132619584
54,psi_plus_active,crack_strip_mean,0.005967797787966913,0.004697131924331188,0.7870796047751796,1.2705195178899837
54,psi_plus_active,domain_mean,0.0021367312400091204,0.002629270777106285,1.2305107576819359,0.8126706684660139
54,psi_plus_active,max,0.2920486421429048,0.3962928354740143,1.356941201870409,0.736951607498983
54,psi_plus_active,p99,0.036403981381631124,0.03374756500124931,0.9270295094227744,1.0787143125817662
54,psi_plus_active,p999,0.10621933175172842,0.10369895398616791,0.9762719485804006,1.024304755917757
54,psi_plus_active,right_band_mean,0.008186571005631279,0.00833061896264553,1.0175956400934123,0.9827086129301841
54,psi_plus_active,tip_2l0_integral,4.344172321074947e-06,6.959905931580579e-07,0.16021247356638882,6.241711258428452
54,psi_plus_active,tip_2l0_mean,0.006961814208509831,0.000550625438336283,0.07909223398452969,12.643466363531953
54,psi_plus_active,tip_4l0_integral,7.911633324632009e-06,3.6344317777547985e-06,0.45937818761637894,2.1768556430352057
54,psi_plus_active,tip_4l0_mean,0.0031595980051730642,0.0007222638232633471,0.22859358123432724,4.374576025277445
54,psi_plus_active,tip_l0_integral,3.557295649313066e-06,1.9567023912259174e-07,0.055005335066928375,18.180054694389888
54,psi_plus_active,tip_l0_mean,0.021174377198956044,0.0006039204308763146,0.028521284248496794,35.06153479230883
54,psi_plus_active,top1_mean,0.06433235284012874,0.06084643304347992,0.9458138923457126,1.0572904543830504
54,alpha_bar,crack_strip_mean,0.519333442980408,0.3299526870250702,0.635338801082213,1.573963369302546
54,alpha_bar,domain_mean,0.20828929844434563,0.21573224663734436,1.0357337042689567,0.9654991392848624
54,alpha_bar,max,12.509587287902832,8.299161911010742,0.6634241178393068,1.5073313934634767
54,alpha_bar,p99,3.790017592906952,1.0074379444122314,0.2658135271713935,3.762035779899236
54,alpha_bar,p999,4.909498970508577,1.5615811347961426,0.3180734213769227,3.143928202711984
54,alpha_bar,right_band_mean,0.45563949712297436,0.4676811099052429,1.0264279388821698,0.9742525141015246
54,alpha_bar,tip_2l0_integral,0.0004951354419865819,0.0006276157218962908,1.267563718279127,0.7889149756965452
54,alpha_bar,tip_2l0_mean,0.7934862386642219,0.4965313971042633,0.6257593048370176,1.5980585382752805
54,alpha_bar,tip_4l0_integral,0.0012622633064110606,0.0021051918156445026,1.6677913434956013,0.5995953893753001
54,alpha_bar,tip_4l0_mean,0.5040987696589248,0.4183608293533325,0.8299183702360494,1.2049377816707143
54,alpha_bar,tip_l0_integral,0.00025004724540760514,0.0002049535687547177,0.819659374453897,1.2200189873583231
54,alpha_bar,tip_l0_mean,1.488376343653915,0.6325727105140686,0.4250085760978459,2.3528936973021906
54,alpha_bar,top1_mean,4.118922636244032,1.2691525220870972,0.30812730273672084,3.2454118512647656
54,fatigue_f,crack_strip_mean,0.8464115238210211,0.8835164034416945,1.043837871503885,0.9580031797076624
54,fatigue_f,domain_mean,0.9844662466484908,0.9782111298828686,0.9936461846336356,1.006394444485999
54,fatigue_f,max,1.0,1.0,1.0,1.0
54,fatigue_f,p99,1.0,1.0,1.0,1.0
54,fatigue_f,p999,1.0,1.0,1.0,1.0
54,fatigue_f,right_band_mean,0.9360345010056899,0.9229240653372335,0.9859936405609299,1.0142053243174083
54,fatigue_f,tip_2l0_integral,0.0004942952121756939,0.0010256481005433314,2.0749707366754175,0.48193450747273237
54,fatigue_f,tip_2l0_mean,0.7921397166104176,0.8114304087924007,1.0243526385276178,0.9762263134669895
54,fatigue_f,tip_4l0_integral,0.002197999993303194,0.004337316710803476,1.973301512292217,0.506764928608596
54,fatigue_f,tip_4l0_mean,0.8777955333937575,0.8619468595207288,0.9819449139690264,1.0183870660911059
54,fatigue_f,tip_l0_integral,0.00011428783478790225,0.00024427597474472885,2.1373751213159413,0.46786359119980725
54,fatigue_f,tip_l0_mean,0.6802846773554859,0.7539381415927356,1.10826859208937,0.9023083457727012
54,fatigue_f,top1_mean,1.0,1.0,1.0,1.0
55,damage_alpha,crack_strip_mean,0.3295172254074315,0.3010816276073456,0.9137052766667153,1.0944448122791806
55,damage_alpha,domain_mean,0.013166896800076388,0.0109182670712471,0.8292209802376334,1.2059511563653704
55,damage_alpha,max,1.026692509651184,1.0006825923919678,0.9746663027004521,1.0259921751981753
55,damage_alpha,p99,1.0059434175491333,0.9451908469200134,0.9396063739080508,1.064275453816642
55,damage_alpha,p999,1.00942051589489,1.0000377893447876,0.9907048386649996,1.009382371996412
55,damage_alpha,right_band_mean,-2.420799596481469e-05,-0.0011667516082525253,48.196951534044786,0.020748200211244315
55,damage_alpha,tip_2l0_integral,0.0002803717344081306,0.0005719609325751662,2.0400092533670886,0.4901938549295665
55,damage_alpha,tip_2l0_mean,0.44931365056533495,0.45250070095062256,1.0070931528149158,0.992956805638992
55,damage_alpha,tip_4l0_integral,0.0005865298131211396,0.001199092948809266,2.0443853355526023,0.4891445769100557
55,damage_alpha,tip_4l0_mean,0.2342371481931994,0.23829349875450134,1.0173172811938278,0.9829775021874141
55,damage_alpha,tip_l0_integral,0.0001195853160580729,0.00022706165327690542,1.898741925527378,0.5266645174658208
55,damage_alpha,tip_l0_mean,0.7118173014826537,0.700807511806488,0.9845328433950212,1.0157101479231943
55,damage_alpha,top1_mean,1.007483823829227,0.9903698563575745,0.9830131590534069,1.017280380013377
55,psi_plus_raw,crack_strip_mean,48.38072274568218,76.6368179321289,1.5840362355679876,0.6312986897306868
55,psi_plus_raw,domain_mean,1.9370562712256978,3.0678441524505615,1.5837661497099116,0.631406347574207
55,psi_plus_raw,max,2074.798095703125,2737.0068359375,1.3191677983538732,0.7580536769074052
55,psi_plus_raw,p99,512.8548095703125,0.12505394220352173,0.00024383887967882421,4101.068711097934
55,psi_plus_raw,p999,1842.0888011474865,2626.327392578125,1.4257333256366986,0.7013934387438294
55,psi_plus_raw,right_band_mean,0.008177745757306258,0.008298694156110287,1.014789943634035,0.9854256107613057
55,psi_plus_raw,tip_2l0_integral,0.06582108214461482,0.16024965047836304,2.4346249751148146,0.4107408780495406
55,psi_plus_raw,tip_2l0_mean,105.48249724598499,126.77977752685547,1.2019034516333573,0.8320135853183752
55,psi_plus_raw,tip_4l0_integral,0.12396558847547048,0.31577226519584656,2.5472574210247836,0.39257908986587287
55,psi_plus_raw,tip_4l0_mean,49.50702465415631,62.75283432006836,1.2675541452641108,0.7889209338600975
55,psi_plus_raw,tip_l0_integral,0.030574550870014757,0.08039557933807373,2.62949338748651,0.3803013937053037
55,psi_plus_raw,tip_l0_mean,181.99135990717502,248.13449096679688,1.3634410506815173,0.7334383833464226
55,psi_plus_raw,top1_mean,859.8557386610244,1702.937744140625,1.9804923867722928,0.5049249402214314
55,psi_plus_active,crack_strip_mean,0.0059170063183815605,0.004637985490262508,0.7838398745416763,1.2757707696163276
55,psi_plus_active,domain_mean,0.0020638135362282366,0.002562181558459997,1.2414791905777316,0.8054907465139569
55,psi_plus_active,max,0.2890694605070246,0.36718130111694336,1.2702182391488588,0.7872662895079154
55,psi_plus_active,p99,0.03675153583067209,0.03376881778240204,0.9188409958698723,1.088327582786284
55,psi_plus_active,p999,0.1106606031828089,0.10540178418159485,0.9524779474360301,1.0498930738416508
55,psi_plus_active,right_band_mean,0.008178143596971773,0.008317794650793076,1.0170761312962289,0.9832105672616013
55,psi_plus_active,tip_2l0_integral,4.43411668701104e-06,6.758357358194189e-07,0.152417219375205,6.560938482536563
55,psi_plus_active,tip_2l0_mean,0.007105955812127055,0.0005346801481209695,0.07524394497478891,13.290105939222858
55,psi_plus_active,tip_4l0_integral,8.241528999350692e-06,3.533704330038745e-06,0.4287680514522424,2.332263321889279
55,psi_plus_active,tip_4l0_mean,0.0032913454804397915,0.0007022464415058494,0.21336150995975506,4.6868809664340265
55,psi_plus_active,tip_l0_integral,3.6215915572026526e-06,2.0044166149091325e-07,0.05534629135421777,18.068057958933018
55,psi_plus_active,tip_l0_mean,0.0215570909062821,0.0006186470855027437,0.02869807842775574,34.845538613931595
55,psi_plus_active,top1_mean,0.06452819647063185,0.0607646107673645,0.9416753309542715,1.0619371317571031
55,alpha_bar,crack_strip_mean,0.5309099027926389,0.33459070324897766,0.6302212512688071,1.5867443346074535
55,alpha_bar,domain_mean,0.21057949019416708,0.2182944267988205,1.0366366952334236,0.9646581146491501
55,alpha_bar,max,12.973021507263184,8.420358657836914,0.6490668849290524,1.5406732699193353
55,alpha_bar,p99,3.906270279884339,1.0095170736312866,0.2584350291452893,3.8694444917442326
55,alpha_bar,p999,5.09572629594803,1.5673301219940186,0.307577375817911,3.2512144215444847
55,alpha_bar,right_band_mean,0.4638176408139862,0.4759989380836487,1.0262631176517665,0.9744089822580195
55,alpha_bar,tip_2l0_integral,0.000505371187595623,0.0006282915128394961,1.2432278061372761,0.8043578136391689
55,alpha_bar,tip_2l0_mean,0.809889676177511,0.49706605076789856,0.6137453845737775,1.6293401549479047
55,alpha_bar,tip_4l0_integral,0.001282404964453988,0.0021087252534925938,1.6443520665801772,0.6081422709430705
55,alpha_bar,tip_4l0_mean,0.5121425628887217,0.4190630316734314,0.8182546463424587,1.2221134392208226
55,alpha_bar,tip_l0_integral,0.00025806082660370807,0.00020515400683507323,0.7949831422888474,1.2578883083242314
55,alpha_bar,tip_l0_mean,1.5360762279729232,0.6331913471221924,0.4122134927885583,2.425927383490434
55,alpha_bar,top1_mean,4.256945901446873,1.2728441953659058,0.2990040805858691,3.344435962347398
55,fatigue_f,crack_strip_mean,0.8428122064708174,0.8800576421282471,1.0441918559929153,0.9576784134646467
55,fatigue_f,domain_mean,0.9834949792962785,0.9763256945431837,0.9927104002521451,1.007343128213428
55,fatigue_f,max,1.0,1.0,1.0,1.0
55,fatigue_f,p99,1.0,1.0,1.0,1.0
55,fatigue_f,p999,1.0,1.0,1.0,1.0
55,fatigue_f,right_band_mean,0.932667275893336,0.9184840269232755,0.984792809465224,1.0154420202794068
55,fatigue_f,tip_2l0_integral,0.0004939567204610576,0.001025404318068356,2.0758991134106792,0.48171897831634564
55,fatigue_f,tip_2l0_mean,0.7915972619713633,0.8112375429223028,1.0248109510915033,0.9757897287640439
55,fatigue_f,tip_4l0_integral,0.002196759731133209,0.0043362277243125785,1.973919888851802,0.5066061726454786
55,fatigue_f,tip_4l0_mean,0.8773002210205241,0.8617304472666844,0.9822526275717472,1.0180680325306195
55,fatigue_f,tip_l0_integral,0.00011408093256012883,0.00024422803657680103,2.140831347500384,0.46710825734478867
55,fatigue_f,tip_l0_mean,0.6790531165727816,0.7537901842945338,1.11006070938744,0.9008516304948995
55,fatigue_f,top1_mean,1.0,1.0,1.0,1.0
56,damage_alpha,crack_strip_mean,0.3329000282622225,0.30408260226249695,0.913435195093987,1.0947684141917764
56,damage_alpha,domain_mean,0.013302242336053108,0.01101873628795147,0.8283367577876216,1.2072384698596115
56,damage_alpha,max,1.0266005992889404,1.0006828308105469,0.9747537956861265,1.0259000831036547
56,damage_alpha,p99,1.0059607028961182,0.945360004901886,0.9397583843784699,1.064103302107139
56,damage_alpha,p999,1.0095481041669847,1.000040054321289,0.9905818753891464,1.0095076690224658
56,damage_alpha,right_band_mean,-2.4114672772139183e-05,-0.001186260487884283,49.1924770903309,0.02032831154576187
56,damage_alpha,tip_2l0_integral,0.0002805368040981537,0.0005724638467654586,2.0406015838305693,0.49005156514816745
56,damage_alpha,tip_2l0_mean,0.4495781853094614,0.4528985917568207,1.007385604008063,0.9926685432284539
56,damage_alpha,tip_4l0_integral,0.0005869681519848696,0.0012001397553831339,2.0446420326635883,0.48908316664960844
56,damage_alpha,tip_4l0_mean,0.2344122036517378,0.23850153386592865,1.0174450397653627,0.9828540716367483
56,damage_alpha,tip_l0_integral,0.0001196100628932422,0.00022714180522598326,1.8990191939679721,0.5265876212185696
56,damage_alpha,tip_l0_mean,0.7119646040613573,0.7010549306869507,0.9846766632608235,1.0155617953698954
56,damage_alpha,top1_mean,1.0075480678346422,0.9908118844032288,0.9833891960436371,1.016891383414818
56,psi_plus_raw,crack_strip_mean,49.374399148912836,77.45745086669922,1.5687775892338072,0.6374389887150295
56,psi_plus_raw,domain_mean,1.976725717185016,3.1006100177764893,1.5685585464997926,0.6375280044417087
56,psi_plus_raw,max,2094.9951171875,2732.416015625,1.304258894547319,0.7667189422136002
56,psi_plus_raw,p99,513.3804425048828,0.13390719890594482,0.00026083424263804365,3833.852449303166
56,psi_plus_raw,p999,1877.8412254638909,2628.283203125,1.3996301537557971,0.71447446121147
56,psi_plus_raw,right_band_mean,0.008171560966730397,0.008287101052701473,1.0141392919224963,0.9860578403429252
56,psi_plus_raw,tip_2l0_integral,0.06588384586006885,0.16206756234169006,2.459898329036627,0.4065208664098045
56,psi_plus_raw,tip_2l0_mean,105.58308011741181,128.21800231933594,1.2143802035018618,0.8234653340991052
56,psi_plus_raw,tip_4l0_integral,0.12439942900033174,0.3194352984428406,2.5678196516640663,0.38943544939067415
56,psi_plus_raw,tip_4l0_mean,49.680283651466915,63.48078155517578,1.2777862139541423,0.7826035287276064
56,psi_plus_raw,tip_l0_integral,0.030780401781376747,0.08139322698116302,2.6443198356952204,0.37816908019263457
56,psi_plus_raw,tip_l0_mean,183.21666285458943,251.21365356445312,1.3711288572253373,0.7293260547543531
56,psi_plus_raw,top1_mean,875.7721107313369,1721.17333984375,1.9653210221623048,0.5088227260194725
56,psi_plus_active,crack_strip_mean,0.005912011387872718,0.004581545479595661,0.7749554557681949,1.2903967480411165
56,psi_plus_active,domain_mean,0.001985992941275964,0.0025003552436828613,1.2589950305042015,0.7942843107168744
56,psi_plus_active,max,0.28669059874333686,0.3783755898475647,1.3198046657480733,0.757687880602539
56,psi_plus_active,p99,0.03680095492167311,0.03380921483039856,0.9187048244361553,1.0884888958907326
56,psi_plus_active,p999,0.10892830662997756,0.10595575720071793,0.972710955295053,1.0280546287223313
56,psi_plus_active,right_band_mean,0.008171958742373645,0.008306503295898438,1.0164641743511436,0.9838025040462902
56,psi_plus_active,tip_2l0_integral,4.524518513067756e-06,6.62484069380298e-07,0.1464208992552258,6.82962613319908
56,psi_plus_active,tip_2l0_mean,0.007250830524868916,0.0005241170874796808,0.07228373159213454,13.834371551852943
56,psi_plus_active,tip_4l0_integral,8.565016858098876e-06,3.484355147520546e-06,0.40681240974159,2.458135435532084
56,psi_plus_active,tip_4l0_mean,0.0034205339237434393,0.0006924393819645047,0.20243605162281147,4.939831576359965
56,psi_plus_active,tip_l0_integral,3.678333834100618e-06,2.0355452079456882e-07,0.05533878380137281,18.070509167481788
56,psi_plus_active,tip_l0_mean,0.02189484252790993,0.0006282546673901379,0.028694185244277744,34.850266403693134
56,psi_plus_active,top1_mean,0.06499036447549181,0.06060905382037163,0.9325852272028357,1.0722880556443788
56,alpha_bar,crack_strip_mean,0.5425543189863523,0.33917221426963806,0.6251396448254424,1.599642589103799
56,alpha_bar,domain_mean,0.2127947791932442,0.22079475224018097,1.0375947806485977,0.9637673768702872
56,alpha_bar,max,13.438655853271484,8.543248176574707,0.63572192560426,1.573014803680855
56,alpha_bar,p99,4.022870721817017,1.0127692222595215,0.2517528631400022,3.972149462482539
56,alpha_bar,p999,5.283165264606477,1.5705256462097168,0.2972698311618498,3.363947145566702
56,alpha_bar,right_band_mean,0.47198959772126625,0.4843054413795471,1.026093464173238,0.9745700902653517
56,alpha_bar,tip_2l0_integral,0.000515849740253355,0.0006289540324360132,1.219258212918956,0.8201708132077762
56,alpha_bar,tip_2l0_mean,0.8266822275280447,0.49759018421173096,0.601912279763932,1.66137165434172
56,alpha_bar,tip_4l0_integral,0.0013033350668016264,0.0021122093312442303,1.6206188147976213,0.617048247786064
56,alpha_bar,tip_4l0_mean,0.5205012300453221,0.4197554290294647,0.8064446437387188,1.24001071587995
56,alpha_bar,tip_l0_integral,0.0002661942659973763,0.00020535761723294854,0.771457703882219,1.296247344433381
56,alpha_bar,tip_l0_mean,1.5844895538879722,0.6338197588920593,0.40001510728601003,2.499905583028398
56,alpha_bar,top1_mean,4.396329116821289,1.2765825986862183,0.2903746659461281,3.4438266049887614
56,fatigue_f,crack_strip_mean,0.8391484743015739,0.8765608068970926,1.044583686607614,0.9573191816230601
56,fatigue_f,domain_mean,0.9824725160241831,0.9743078064447596,0.9916896305532658,1.0083800104293699
56,fatigue_f,max,1.0,1.0,1.0,1.0
56,fatigue_f,p99,1.0,1.0,1.0,1.0
56,fatigue_f,p999,1.0,1.0,1.0,1.0
56,fatigue_f,right_band_mean,0.9291950584661539,0.9138598146607898,0.9834962060273131,1.0167807398458113
56,fatigue_f,tip_2l0_integral,0.0004935676055084625,0.0010251699253663684,2.077060799624929,0.48144955611341655
56,fatigue_f,tip_2l0_mean,0.7909736803531624,0.8110521056696125,1.0253844417522024,0.9752439760946392
56,fatigue_f,tip_4l0_integral,0.002195566795080859,0.004335189413345953,1.974519483105179,0.5064523336216338
56,fatigue_f,tip_4l0_mean,0.8768238088542056,0.8615241056650532,0.9825509948125777,1.0177588799762507
56,fatigue_f,tip_l0_integral,0.00011388666057890317,0.00024417879145783054,2.144050850350978,0.4664068484365944
56,fatigue_f,tip_l0_mean,0.6778967358231368,0.753638193197096,1.1117300812519624,0.8994989133278296
56,fatigue_f,top1_mean,1.0,1.0,1.0,1.0
57,damage_alpha,crack_strip_mean,0.336157926203892,0.3071613907814026,0.913741330600362,1.0944016282408533
57,damage_alpha,domain_mean,0.013432592654487423,0.011122321709990501,0.8280100495919431,1.2077148103369233
57,damage_alpha,max,1.0265077352523804,1.0006814002990723,0.9748405841803439,1.0258087488641134
57,damage_alpha,p99,1.005980372428894,0.9455644488334656,0.9399432382069672,1.0638940303539997
57,damage_alpha,p999,1.0097433499097825,1.0000404119491577,0.9903906889196232,1.0097025458618347
57,damage_alpha,right_band_mean,-2.401584420385413e-05,-0.001205588225275278,50.199702123392434,0.01992043692892776
57,damage_alpha,tip_2l0_integral,0.0002806713050921612,0.0005729431286454201,2.04133133045891,0.4898763787528754
57,damage_alpha,tip_2l0_mean,0.44979373176156634,0.4532777667045593,1.007745850368675,0.9923136866643101
57,damage_alpha,tip_4l0_integral,0.0005873344976035091,0.0012012210208922625,2.0452076726185573,0.48894790166695484
57,damage_alpha,tip_4l0_mean,0.23455850781402168,0.23871640861034393,1.0177264974742208,0.9825822580838622
57,damage_alpha,tip_l0_integral,0.0001196339470107852,0.0002272091805934906,1.8992032468259807,0.5265365893151442
57,damage_alpha,tip_l0_mean,0.7121067714164989,0.7012628316879272,0.984772031156225,1.0154634457133147
57,damage_alpha,top1_mean,1.0076049706670973,0.9913038611412048,0.9838219242655183,1.0164441097880184
57,psi_plus_raw,crack_strip_mean,50.34041886933178,78.37792205810547,1.5569580829581575,0.6422780490660611
57,psi_plus_raw,domain_mean,2.0152917061577553,3.1373658180236816,1.5567799978719763,0.6423515213241044
57,psi_plus_raw,max,2112.8642578125,2729.5078125,1.2918519504541792,0.7740825097244524
57,psi_plus_raw,p99,513.7900732421882,0.1322292983531952,0.00025736055490286887,3885.5993311695056
57,psi_plus_raw,p999,1910.1519160156467,2624.763427734375,1.3741123968869053,0.7277425065558911
57,psi_plus_raw,right_band_mean,0.008169857699526977,0.008274717256426811,1.0128349306384987,0.9873277172318617
57,psi_plus_raw,tip_2l0_integral,0.06605003846335875,0.16391952335834503,2.4817475836789917,0.40294186506976676
57,psi_plus_raw,tip_2l0_mean,105.8494144019244,129.68316650390625,1.2251665938507879,0.816215529397457
57,psi_plus_raw,tip_4l0_integral,0.1248969977619957,0.32323354482650757,2.5880009177039063,0.38639862650713724
57,psi_plus_raw,tip_4l0_mean,49.87899322283889,64.235595703125,1.287828633913012,0.7765008275686051
57,psi_plus_raw,tip_l0_integral,0.03095960880235222,0.08233940601348877,2.6595751431856876,0.3759999045570045
57,psi_plus_raw,tip_l0_mean,184.28337122884795,254.1339569091797,1.3790390050635086,0.7251426510259927
57,psi_plus_raw,top1_mean,891.6516136338976,1741.62939453125,1.9532622023003976,0.5119640357665649
57,psi_plus_active,crack_strip_mean,0.005863398258340411,0.004520286340266466,0.7709328517530886,1.297129831380277
57,psi_plus_active,domain_mean,0.0019092382460460648,0.0024345973506569862,1.2751668659995228,0.7842110916332218
57,psi_plus_active,max,0.291671357698252,0.39790257811546326,1.364215469271798,0.7330220353928314
57,psi_plus_active,p99,0.037155997277312384,0.03355631232261658,0.9031196786933292,1.107272960153898
57,psi_plus_active,p999,0.10663018400263656,0.10584918409585953,0.9926756207533345,1.0073784216047403
57,psi_plus_active,right_band_mean,0.008170255603540372,0.008294419385492802,1.0151970498816005,0.9850304432194982
57,psi_plus_active,tip_2l0_integral,4.609646120007955e-06,6.314345455393777e-07,0.13698113241245688,7.300275464134368
57,psi_plus_active,tip_2l0_mean,0.007387252963881666,0.0004995526396669447,0.06762360001876158,14.787736821502534
57,psi_plus_active,tip_4l0_integral,8.859621404694988e-06,3.393201041035354e-06,0.38299616722190766,2.6109921863019605
57,psi_plus_active,tip_4l0_mean,0.003538187497859665,0.0006743245176039636,0.19058473244051616,5.247010015936676
57,psi_plus_active,tip_l0_integral,3.7253300011398325e-06,1.9663886519083462e-07,0.052784280890731665,18.945034073119086
57,psi_plus_active,tip_l0_mean,0.022174581595419164,0.0006069100345484912,0.027369627333751676,36.53685115276743
57,psi_plus_active,top1_mean,0.06527362998934345,0.06063440069556236,0.9289264394436392,1.076511505689222
57,alpha_bar,crack_strip_mean,0.5541838417620732,0.34369251132011414,0.6201777919531458,1.6124408403123691
57,alpha_bar,domain_mean,0.21493466245175016,0.22322937846183777,1.0385918023434197,0.9628421847194023
57,alpha_bar,max,13.905621528625488,8.665718078613281,0.6231809244034453,1.6046704269025465
57,alpha_bar,p99,4.13975335597992,1.0177130699157715,0.24583905909410608,4.067701868388638
57,alpha_bar,p999,5.471692376613618,1.578518271446228,0.2884881244773412,3.4663471912811556
57,alpha_bar,right_band_mean,0.4801598531830283,0.49259987473487854,1.0259080834630052,0.9747461942442727
57,alpha_bar,tip_2l0_integral,0.0005266023588445167,0.0006295854691416025,1.1955614299241912,0.836427116976673
57,alpha_bar,tip_2l0_mean,0.8439139870794506,0.4980897307395935,0.5902138587172162,1.6943011168416513
57,alpha_bar,tip_4l0_integral,0.0013250382632165254,0.0021156028378754854,1.5966352796030716,0.6263171137296948
57,alpha_bar,tip_4l0_mean,0.5291686408421418,0.4204297959804535,0.7945100361793235,1.2586373418375507
57,alpha_bar,tip_l0_integral,0.00027442681398247,0.00020555424271151423,0.7490311887840696,1.3350578920796843
57,alpha_bar,tip_l0_mean,1.6334928118484238,0.6344266533851624,0.3883865596367451,2.574754391437469
57,alpha_bar,top1_mean,4.537336294386122,1.280253529548645,0.282159718055868,3.544092001828549
57,fatigue_f,crack_strip_mean,0.835501178635285,0.8730497865031043,1.044941418190638,0.9569914471679608
57,fatigue_f,domain_mean,0.9814125920390321,0.9722230929003004,0.9906364568650591,1.0094520477921562
57,fatigue_f,max,1.0,1.0,1.0,1.0
57,fatigue_f,p99,1.0,1.0,1.0,1.0
57,fatigue_f,p999,1.0,1.0,1.0,1.0
57,fatigue_f,right_band_mean,0.9255438694621583,0.9090690367021111,0.9821998358979777,1.018122752062719
57,fatigue_f,tip_2l0_integral,0.0004931276094980184,0.001024943872576059,2.078455663067427,0.4811264525720888
57,fatigue_f,tip_2l0_mean,0.7902685585829374,0.8108732664479026,1.0260730452213767,0.9745894843034771
57,fatigue_f,tip_4l0_integral,0.0021944627556604785,0.004334180709371629,1.9750532098081333,0.5063154729371292
57,fatigue_f,tip_4l0_mean,0.8763828985380757,0.8613236478057761,0.9828165853562176,1.0174838468334906
57,fatigue_f,tip_l0_integral,0.00011370346849761624,0.0002441278350597105,2.1470570624222303,0.4657538066882289
57,fatigue_f,tip_l0_mean,0.6768063068536524,0.7534809203742528,1.113288857896503,0.8982394756823885
57,fatigue_f,top1_mean,1.0,1.0,1.0,1.0
58,damage_alpha,crack_strip_mean,0.33942981383106513,0.3098362684249878,0.9128139479792247,1.0955134967139653
58,damage_alpha,domain_mean,0.013563501886003302,0.011209734715521336,0.8264631663515372,1.2099752786498035
58,damage_alpha,max,1.026414394378662,1.0006812810897827,0.9749291188531539,1.025715593741151
58,damage_alpha,p99,1.0059946775436401,0.9456790089607239,0.9400437498037362,1.063780276406052
58,damage_alpha,p999,1.009799091458321,1.0000466108322144,0.9903421574562694,1.0097520260760555
58,damage_alpha,right_band_mean,-2.391250643015699e-05,-0.0012250361032783985,51.22993304179347,0.019519838122454662
58,damage_alpha,tip_2l0_integral,0.00028077961158689483,0.0005733282305300236,2.041915462770671,0.4897362394440669
58,damage_alpha,tip_2l0_mean,0.44996729985191414,0.45358243584632874,1.0080342193657281,0.9920298148501513
58,damage_alpha,tip_4l0_integral,0.0005876295589639542,0.001202186569571495,2.045823854897739,0.4888006353068873
58,damage_alpha,tip_4l0_mean,0.23467634382178557,0.2389082908630371,1.0180331215849574,0.9822863115132423
58,damage_alpha,tip_l0_integral,0.00011965577542373974,0.00022725846793036908,1.8992686907554062,0.5265184462142978
58,damage_alpha,tip_l0_mean,0.7122367024357672,0.7014150023460388,0.9848060342120541,1.0154283841285585
58,damage_alpha,top1_mean,1.0076578127013311,0.9917162656784058,0.9841796026170936,1.0160747056135258
58,psi_plus_raw,crack_strip_mean,51.33486983194372,79.12805938720703,1.5414095651990662,0.6487568408665314
58,psi_plus_raw,domain_mean,2.0549947886094113,3.167318344116211,1.5412780420039385,0.6488122017879527
58,psi_plus_raw,max,2128.68017578125,2725.0771484375,1.2801721834222304,0.7811449217141573
58,psi_plus_raw,p99,514.1318041992195,0.13893264532089233,0.0002702276812796777,3700.583135171224
58,psi_plus_raw,p999,1935.909887695333,2624.5146484375,1.3557008335558112,0.7376258649757864
58,psi_plus_raw,right_band_mean,0.0081737469002299,0.008263498544692993,1.010980477565383,0.9891387837757007
58,psi_plus_raw,tip_2l0_integral,0.06628904420439452,0.16555821895599365,2.497520079570226,0.4003971812599321
58,psi_plus_raw,tip_2l0_mean,106.23243640033503,130.97959899902344,1.2329529796853116,0.8110609378268678
58,psi_plus_raw,tip_4l0_integral,0.12547194554620938,0.3264479339122772,2.601760357593654,0.38435515287998756
58,psi_plus_raw,tip_4l0_mean,50.1086049600796,64.8743896484375,1.2946756290685295,0.7723942411115458
58,psi_plus_raw,tip_l0_integral,0.031135781729656066,0.08306719362735748,2.6679013345034477,0.3748264551867773
58,psi_plus_raw,tip_l0_mean,185.33201952314883,256.3802185058594,1.3833563092093555,0.722879559910014
58,psi_plus_raw,top1_mean,908.1518018934462,1758.2984619140625,1.9361283633948725,0.5164946802631238
58,psi_plus_active,crack_strip_mean,0.005828695385944545,0.0044608451426029205,0.7653248020749049,1.3066347742668956
58,psi_plus_active,domain_mean,0.0018328835870650366,0.002378984587267041,1.297946363891264,0.7704478611904917
58,psi_plus_active,max,0.29520291283932426,0.39429011940956116,1.33565795681755,0.7486946750818475
58,psi_plus_active,p99,0.03701202653372315,0.03372632712125778,0.9112261683517481,1.0974223905452896
58,psi_plus_active,p999,0.1122432654430996,0.10345744341611862,0.9217251744031374,1.084922087158517
58,psi_plus_active,right_band_mean,0.008174145285742883,0.008283501490950584,1.0133783045670153,0.9867983116406548
58,psi_plus_active,tip_2l0_integral,4.687338125853865e-06,6.114075858931756e-07,0.13043812276328987,7.666470344829564
58,psi_plus_active,tip_2l0_mean,0.0075117593761990864,0.0004837085143662989,0.06439350492228534,15.529516543739483
58,psi_plus_active,tip_4l0_integral,9.122609588182238e-06,3.3105609418271342e-06,0.36289626447631346,2.7556084145508497
58,psi_plus_active,tip_4l0_mean,0.00364321472875311,0.0006579015753231943,0.18058270629257173,5.5376288268703115
58,psi_plus_active,tip_l0_integral,3.7666395141261643e-06,1.9312849985908542e-07,0.051273422671532176,19.503281581301884
58,psi_plus_active,tip_l0_mean,0.02242047153432448,0.000596075551584363,0.026586218343882948,37.61347277997074
58,psi_plus_active,top1_mean,0.06561282840613014,0.06028768792748451,0.9188399493208236,1.0883288223799665
58,alpha_bar,crack_strip_mean,0.565816045935332,0.34815335273742676,0.6153119114215042,1.6251920065870051
58,alpha_bar,domain_mean,0.2169996864188343,0.22560834884643555,1.0396713127547361,0.9618424474465663
58,alpha_bar,max,14.373740196228027,8.785326957702637,0.6112067449228067,1.6361075991173766
58,alpha_bar,p99,4.2565757131576545,1.021203875541687,0.23991206649631697,4.168193849538417
58,alpha_bar,p999,5.661238012313844,1.5791494846343994,0.27894066301391457,3.5849918373145777
58,alpha_bar,right_band_mean,0.48833399667287436,0.5008832812309265,1.0256981587265133,0.9749456908858843
58,alpha_bar,tip_2l0_integral,0.0005375502915929395,0.0006301968824118376,1.172349624338135,0.8529878623576672
58,alpha_bar,tip_2l0_mean,0.8614587500696351,0.4985734522342682,0.578754876184108,1.7278472133025957
58,alpha_bar,tip_4l0_integral,0.001347359922989636,0.0021189134567976,1.572641000109292,0.6358730313723883
58,alpha_bar,tip_4l0_mean,0.5380830418004993,0.42108771204948425,0.7825701227090661,1.2778407595452852
58,alpha_bar,tip_l0_integral,0.0002827437150790351,0.00020574734662659466,0.727681414842704,1.3742277590202856
58,alpha_bar,tip_l0_mean,1.6829981716233662,0.6350226402282715,0.3773162983390225,2.6502963280464757
58,alpha_bar,top1_mean,4.680073994530572,1.2842832803726196,0.27441516563061047,3.644113464727738
58,fatigue_f,crack_strip_mean,0.8318543876371554,0.8695216923873058,1.0452811276948875,0.9566804312302625
58,fatigue_f,domain_mean,0.9803022610953477,0.9700749562302274,0.9895671924150286,1.0105427985739002
58,fatigue_f,max,1.0,1.0,1.0,1.0
58,fatigue_f,p99,1.0,1.0,1.0,1.0
58,fatigue_f,p999,1.0,1.0,1.0,1.0
58,fatigue_f,right_band_mean,0.9217563739454961,0.9040130199352682,0.9807504949119266,1.0196273213094857
58,fatigue_f,tip_2l0_integral,0.0004926580492969927,0.0010247264845427411,2.0799954167094055,0.48077029014901396
58,fatigue_f,tip_2l0_mean,0.7895160583049461,0.8107012822550315,1.0268331767634582,0.9738680270849492
58,fatigue_f,tip_4l0_integral,0.0021934402448327475,0.004333210596191638,1.975531636387045,0.5061928554223774
58,fatigue_f,tip_4l0_mean,0.8759745475643889,0.8611308590230732,0.9830546577151266,1.017237436547281
58,fatigue_f,tip_l0_integral,0.00011352986077985507,0.0002440778430349382,2.1498999589916505,0.46513792226361156
58,fatigue_f,tip_l0_mean,0.675772927662571,0.7533266240121539,1.114762952428167,0.897051698589201
58,fatigue_f,top1_mean,1.0,1.0,1.0,1.0
59,damage_alpha,crack_strip_mean,0.34251807848526816,0.3129461705684662,0.9136632202084659,1.094495190221004
59,damage_alpha,domain_mean,0.013687067783512205,0.011314645409584045,0.826666864557649,1.209677129777183
59,damage_alpha,max,1.026320219039917,1.0006850957870483,0.9750222954032326,1.0256175727616952
59,damage_alpha,p99,1.0060088694095612,0.9458780288696289,0.9402283196814916,1.0635714528772717
59,damage_alpha,p999,1.009932347416878,1.0000566244125366,0.9902214014338676,1.009875163828991
59,damage_alpha,right_band_mean,-2.3802083811128126e-05,-0.0012440665159374475,52.26712609741389,0.0191324848842125
59,damage_alpha,tip_2l0_integral,0.00028095795076092753,0.0005737539031542838,2.042134424743516,0.4896837288885114
59,damage_alpha,tip_2l0_mean,0.4502530997935259,0.4539192020893097,1.0081423143948702,0.9919234474353379
59,damage_alpha,tip_4l0_integral,0.0005879692878616145,0.0012032182421535254,2.0463964138832997,0.48866387431864766
59,damage_alpha,tip_4l0_mean,0.2348120183030592,0.23911331593990326,1.018318047210397,0.9820114675757953
59,damage_alpha,tip_l0_integral,0.00011967551564757447,0.000227357231779024,1.8997806740064962,0.5263765516105995
59,damage_alpha,tip_l0_mean,0.7123542037588719,0.7017198204994202,0.9850714950465128,1.0151547426035126
59,damage_alpha,top1_mean,1.0077107954025268,0.9921648502349854,0.9845730092021772,1.015668711871681
59,psi_plus_raw,crack_strip_mean,52.26714938471272,80.0184326171875,1.5309507704009504,0.6531888675545743
59,psi_plus_raw,domain_mean,2.092215197631559,3.202871561050415,1.530851876363458,0.653231063984781
59,psi_plus_raw,max,2142.01806640625,2720.746826171875,1.2701792150318234,0.787290476938678
59,psi_plus_raw,p99,514.7209057617188,0.16211476922035217,0.0003149566442817079,3175.04017824614
59,psi_plus_raw,p999,1964.2957102050968,2622.044677734375,1.3348523158260124,0.7491465446356856
59,psi_plus_raw,right_band_mean,0.008184194851166568,0.008251571096479893,1.008232483040616,0.9918347373457078
59,psi_plus_raw,tip_2l0_integral,0.06618370158297193,0.16724513471126556,2.5269836940382797,0.3957287110159135
59,psi_plus_raw,tip_2l0_mean,106.06361810668135,132.31417846679688,1.2474982546202797,0.8016043279390282
59,psi_plus_raw,tip_4l0_integral,0.12567480779263202,0.32988977432250977,2.6249475142770047,0.38095999808035486
59,psi_plus_raw,tip_4l0_mean,50.189620235032535,65.55838012695312,1.3062139107638264,0.7655713905352887
59,psi_plus_raw,tip_l0_integral,0.031294256746751695,0.08392991125583649,2.6819589273213307,0.3728617876332556
59,psi_plus_raw,tip_l0_mean,186.2753231221179,259.04290771484375,1.390645327427622,0.7190906123057076
59,psi_plus_raw,top1_mean,923.2652254231771,1778.0843505859375,1.9258651811249097,0.5192471465816179
59,psi_plus_active,crack_strip_mean,0.005776274339746967,0.004405119922012091,0.7626230443557948,1.311263811657728
59,psi_plus_active,domain_mean,0.001760003769905955,0.0023152180947363377,1.315462008845612,0.7601891907753029
59,psi_plus_active,max,0.2906723894203979,0.36950045824050903,1.2711921451407706,0.7866631365073933
59,psi_plus_active,p99,0.03742734039550251,0.03347887098789215,0.8945030727300936,1.1179391446335913
59,psi_plus_active,p999,0.11624455485346133,0.10501686483621597,0.9034131961587443,1.1069132089855855
59,psi_plus_active,right_band_mean,0.008184593942527586,0.008271872997283936,1.010663822221264,0.9894486950192529
59,psi_plus_active,tip_2l0_integral,4.781126345296941e-06,6.006962394167203e-07,0.12563906411040743,7.959307935637225
59,psi_plus_active,tip_2l0_mean,0.007662061001100578,0.0004752343229483813,0.06202434604476768,16.12270122571263
59,psi_plus_active,tip_4l0_integral,9.385615917874458e-06,3.258911419834476e-06,0.34722403392067586,2.879984973126752
59,psi_plus_active,tip_4l0_mean,0.003748249206533598,0.0006476374110206962,0.17278397868844877,5.7875736372706506
59,psi_plus_active,tip_l0_integral,3.7983128933283136e-06,1.899839929819791e-07,0.050017994387898765,19.99280483429255
59,psi_plus_active,tip_l0_mean,0.02260900353855117,0.000586370297241956,0.025935256113438238,38.55755253104497
59,psi_plus_active,top1_mean,0.06592416855348258,0.060420747846364975,0.9165189212412619,1.0910849485198602
59,alpha_bar,crack_strip_mean,0.5774091402455778,0.352558434009552,0.6105868602280966,1.637768620874728
59,alpha_bar,domain_mean,0.21899236303301522,0.22792357206344604,1.0407831985861733,0.9608148953196264
59,alpha_bar,max,14.842665672302246,8.903865814208984,0.599883202302697,1.6669911678830553
59,alpha_bar,p99,4.373133821487427,1.0253196954727173,0.234458797129601,4.2651417316929825
59,alpha_bar,p999,5.851729692459108,1.5794243812561035,0.2699072691774272,3.7049761684730194
59,alpha_bar,right_band_mean,0.4965185907685781,0.5091552138328552,1.0254504530126787,0.975181196772689
59,alpha_bar,tip_2l0_integral,0.0005485689734750091,0.0006307975854724646,1.1498965781395976,0.8696434262095873
59,alpha_bar,tip_2l0_mean,0.8791168930750352,0.4990486800670624,0.5676704474662702,1.7615854488522023
59,alpha_bar,tip_4l0_integral,0.0013701144995630766,0.002122172387316823,1.5489014881556062,0.6456188515841478
59,alpha_bar,tip_4l0_mean,0.5471703328565904,0.42173534631729126,0.7707569672419086,1.2974258326569776
59,alpha_bar,tip_l0_integral,0.00029113069026429474,0.00020593733643181622,0.7073707558789555,1.413685810006993
59,alpha_bar,tip_l0_mean,1.7329206390362915,0.6356090307235718,0.3667848465796134,2.726393986352821
59,alpha_bar,top1_mean,4.824167974260118,1.2883014678955078,0.26705153609272786,3.7445955736902095
59,fatigue_f,crack_strip_mean,0.8282413809957038,0.8659726130954196,1.045555840320796,0.9564290700085243
59,fatigue_f,domain_mean,0.9791260947786904,0.9678978251113602,0.988532355814837,1.0116006766169128
59,fatigue_f,max,1.0,1.0,1.0,1.0
59,fatigue_f,p99,1.0,1.0,1.0,1.0
59,fatigue_f,p999,1.0,1.0,1.0,1.0
59,fatigue_f,right_band_mean,0.9177422387174134,0.8986782193019626,0.9792272616305709,1.0212133987516228
59,fatigue_f,tip_2l0_integral,0.0004921651355715199,0.001024515093839358,2.0816490640883254,0.4803883696111659
59,fatigue_f,tip_2l0_mean,0.788726132509204,0.8105340427849148,1.0276495343273748,0.973094393172209
59,fatigue_f,tip_4l0_integral,0.0021924744747805766,0.004332251938785925,1.9759645955374228,0.5060819420846051
59,fatigue_f,tip_4l0_mean,0.8755888566450699,0.8609403468250241,0.9832701047884809,1.017014546796496
59,fatigue_f,tip_l0_integral,0.00011336461384284834,0.00024402999245603564,2.15261168528587,0.4645519704438465
59,fatigue_f,tip_l0_mean,0.6747893150196835,0.753178937050431,1.1161690327424063,0.8959216486619583
59,fatigue_f,top1_mean,1.0,1.0,1.0,1.0
60,damage_alpha,crack_strip_mean,0.3457830771488591,0.31591007113456726,0.9136076691184296,1.0945617400135588
60,damage_alpha,domain_mean,0.013817705508583921,0.011413979344069958,0.8260401364741269,1.2105949285568665
60,damage_alpha,max,1.0262256860733032,1.0006828308105469,0.9751099045664193,1.0255254257156254
60,damage_alpha,p99,1.0060221040248871,0.9460654258728027,0.9404022258435376,1.063374769347237
60,damage_alpha,p999,1.0100574686527253,1.0000602006912231,0.9901022780665767,1.0099966661552897
60,damage_alpha,right_band_mean,-2.368491097490096e-05,-0.0012630622368305922,53.32771730360594,0.01875197459337682
60,damage_alpha,tip_2l0_integral,0.00028113408555776166,0.0005744776572100818,2.043429405119394,0.4893734021320749
60,damage_alpha,tip_2l0_mean,0.4505353670795781,0.4544917941093445,1.008781612541125,0.9912948328637711
60,damage_alpha,tip_4l0_integral,0.0005883348558448137,0.0012048654025420547,2.0479245629802776,0.48829923624956806
60,damage_alpha,tip_4l0_mean,0.2349580119080555,0.2394406497478485,1.0190784634385959,0.981278710008039
60,damage_alpha,tip_l0_integral,0.00011969759708224544,0.00022750525386072695,1.9006668421623014,0.5261311334617411
60,damage_alpha,tip_l0_mean,0.712485640859667,0.7021766901016235,0.9855310055854529,1.0146814197955667
60,damage_alpha,top1_mean,1.0077582494417827,0.9925755262374878,0.9849341613301554,1.015296290108872
60,psi_plus_raw,crack_strip_mean,53.27233546226963,80.77568054199219,1.5162781928192715,0.6595095838849093
60,psi_plus_raw,domain_mean,2.1323479283888713,3.233106851577759,1.5162191913120777,0.6595352477596848
60,psi_plus_raw,max,2154.43408203125,2713.55517578125,1.2595210957778982,0.7939525612966298
60,psi_plus_raw,p99,514.5397491455084,0.17423881590366364,0.00033863042883085416,2953.0718885853576
60,psi_plus_raw,p999,1992.749628662127,2614.79541015625,1.312154508798853,0.7621053719621789
60,psi_plus_raw,right_band_mean,0.008204969139044749,0.008241036906838417,1.0043958444184797,0.9956233944585615
60,psi_plus_raw,tip_2l0_integral,0.0660739814068734,0.16876265406608582,2.554146889179742,0.3915201605030428
60,psi_plus_raw,tip_2l0_mean,105.8877845014587,133.51475524902344,1.2609080063166695,0.7930792690587896
60,psi_plus_raw,tip_4l0_integral,0.12587815107099334,0.33282142877578735,2.643996801224711,0.3782152835951978
60,psi_plus_raw,tip_4l0_mean,50.27082761539425,66.14098358154297,1.3156931508581102,0.7600556401375111
60,psi_plus_raw,tip_l0_integral,0.03144920171181868,0.08474165201187134,2.694556535596426,0.3711185817738485
60,psi_plus_raw,tip_l0_mean,187.19761450828392,261.54827880859375,1.3971774132678365,0.7157287188468897
60,psi_plus_raw,top1_mean,939.9049994574652,1794.9102783203125,1.9096720193598034,0.5236501293741734
60,psi_plus_active,crack_strip_mean,0.005756295240479054,0.004346989560872316,0.755171404396302,1.3242026832298006
60,psi_plus_active,domain_mean,0.0016844817441307703,0.002257806248962879,1.3403566152199275,0.7460701045116405
60,psi_plus_active,max,0.2923186884465122,0.3656630218029022,1.2509053859887251,0.7994209723620244
60,psi_plus_active,p99,0.03747613274053213,0.033371105790138245,0.8904628986449791,1.1230114152107897
60,psi_plus_active,p999,0.11551277897011467,0.10380899906158447,0.8986797823333627,1.1127434038891653
60,psi_plus_active,right_band_mean,0.008205369577956161,0.008261638693511486,1.0068575967262332,0.9931891096133848
60,psi_plus_active,tip_2l0_integral,4.881088829393109e-06,5.717831754736835e-07,0.11714254656266444,8.536607998914025
60,psi_plus_active,tip_2l0_mean,0.007822257280314115,0.0004523600800894201,0.05782986468980663,17.2921034030409
60,psi_plus_active,tip_4l0_integral,9.638316106135718e-06,3.1796751045476412e-06,0.3298994419288107,3.031226710034238
60,psi_plus_active,tip_4l0_mean,0.0038491678130938016,0.0006318908999674022,0.16416299071656076,6.091506956805947
60,psi_plus_active,tip_l0_integral,3.825640930914546e-06,1.875108921467472e-07,0.04901424245843204,20.40223310292063
60,psi_plus_active,tip_l0_mean,0.022771670416146767,0.0005787372938357294,0.02541479317324752,39.347162622304324
60,psi_plus_active,top1_mean,0.06634588114444734,0.060165949165821075,0.9068528163011145,1.1027147757877798
60,alpha_bar,crack_strip_mean,0.5890334597857928,0.35690543055534363,0.6059170741932647,1.6503908580748092
60,alpha_bar,domain_mean,0.22091156571626455,0.23018138110637665,1.041961657190996,0.9597282137001858
60,alpha_bar,max,15.312070846557617,9.020934104919434,0.5891387386669175,1.6973930491530145
60,alpha_bar,p99,4.48966082572937,1.0292171239852905,0.22924162067812517,4.362209606797735
60,alpha_bar,p999,6.043431471348013,1.5794965028762817,0.261357559916861,3.8261759113381086
60,alpha_bar,right_band_mean,0.5047239586979541,0.5174168348312378,1.0251481545794414,0.9754687608155933
60,alpha_bar,tip_2l0_integral,0.0005599325756077262,0.0006313693011179566,1.127580942103067,0.8868542937014224
60,alpha_bar,tip_2l0_mean,0.8973277928599283,0.49950098991394043,0.556653871515503,1.7964484775386127
60,alpha_bar,tip_4l0_integral,0.0013935542384629711,0.0021253519225865602,1.5251303924350512,0.6556816420157896
60,alpha_bar,tip_4l0_mean,0.5565312510426375,0.4223672151565552,0.7589281183496314,1.3176478454568328
60,alpha_bar,tip_l0_integral,0.000299569502714915,0.0002061248233076185,0.6880701187522982,1.4533402523180854
60,alpha_bar,tip_l0_mean,1.7831516615758956,0.6361876726150513,0.35677709660030144,2.8028705024199
60,alpha_bar,top1_mean,4.969860666063097,1.2924803495407104,0.2600636992434148,3.845211780456981
60,fatigue_f,crack_strip_mean,0.8246076270231953,0.8624198449925432,1.0458548001864216,0.956155672682051
60,fatigue_f,domain_mean,0.9778869571147566,0.9657083430725407,0.9875459898983122,1.0126110684758793
60,fatigue_f,max,1.0,1.0,1.0,1.0
60,fatigue_f,p99,1.0,1.0,1.0,1.0
60,fatigue_f,p999,1.0,1.0,1.0,1.0
60,fatigue_f,right_band_mean,0.9135341072247928,0.893154104845996,0.9776910328606024,1.0228180134516773
60,fatigue_f,tip_2l0_integral,0.000491614908165543,0.0010243154956317924,2.083572891338908,0.4799448121814437
60,fatigue_f,tip_2l0_mean,0.787844357871891,0.8103761328204021,1.0285992718274628,0.9721959050421533
60,fatigue_f,tip_4l0_integral,0.002191511362596368,0.004331331977941123,1.9764131967856315,0.5059670728906104
60,fatigue_f,tip_4l0_mean,0.8752042271746279,0.8607575247223438,0.9834933356081682,1.0167837074174217
60,fatigue_f,tip_l0_integral,0.0001132069979022284,0.00024398429692776296,2.155205079623088,0.4639929672840621
60,fatigue_f,tip_l0_mean,0.6738511249707628,0.7530379014790819,1.117513755745017,0.8948435711498929
60,fatigue_f,top1_mean,1.0,1.0,1.0,1.0
61,damage_alpha,crack_strip_mean,0.3489485676381913,0.31896334886550903,0.9140698041100069,1.0940083519919575
61,damage_alpha,domain_mean,0.013944363499470345,0.01151671539992094,0.8259047033848755,1.2107934437249417
61,damage_alpha,max,1.0261306762695312,1.0006827116012573,0.975200074165223,1.0254306029006466
61,damage_alpha,p99,1.006032943725586,0.9461519122123718,0.9404780609952393,1.0632890244582345
61,damage_alpha,p999,1.0101029975414282,1.0000696182250977,0.9900669740207171,1.0100326808588962
61,damage_alpha,right_band_mean,-2.3559750100070225e-05,-0.0012819308321923018,54.411902789600504,0.018378331738678425
61,damage_alpha,tip_2l0_integral,0.00028125328943137066,0.0005750323180109262,2.0445354405401233,0.4891086650646765
61,damage_alpha,tip_2l0_mean,0.45072639891709865,0.4549306035041809,1.0093276200310946,0.9907585804193021
61,damage_alpha,tip_4l0_integral,0.0005886147294672142,0.0012062271125614643,2.0492642337599727,0.4879800191336031
61,damage_alpha,tip_4l0_mean,0.2350697825251648,0.23971126973628998,1.0197451461487965,0.9806371756478894
61,damage_alpha,tip_l0_integral,0.00011971647077375662,0.0002276323502883315,1.9014288411367988,0.5259202860319161
61,damage_alpha,tip_l0_mean,0.7125979842526802,0.7025689482688904,0.9859260954908433,1.0142748067766174
61,damage_alpha,top1_mean,1.007800899611579,0.9930077195167542,0.9853213267615395,1.0148973465201498
61,psi_plus_raw,crack_strip_mean,54.26945739025439,81.65440368652344,1.5046106523480147,0.6646237672446713
61,psi_plus_raw,domain_mean,2.1721600648359263,3.2681965827941895,1.5045836794909735,0.6646356820368523
61,psi_plus_raw,max,2165.768310546875,2713.470458984375,1.2528904619068881,0.79815437215318
61,psi_plus_raw,p99,514.9077307128906,0.19826920330524445,0.0003850577326363704,2597.0131625543822
61,psi_plus_raw,p999,2015.2461750488426,2609.06982421875,1.2946655632061999,0.7724002463798685
61,psi_plus_raw,right_band_mean,0.00823762608467001,0.008229780942201614,0.9990476452332553,1.000953262610936
61,psi_plus_raw,tip_2l0_integral,0.06616623206894356,0.17020046710968018,2.5723161465857016,0.3887547031601557
61,psi_plus_raw,tip_2l0_mean,106.03562209225336,134.6522674560547,1.269877658084603,0.7874774342501087
61,psi_plus_raw,tip_4l0_integral,0.12625872894804313,0.3359696865081787,2.6609620523459725,0.37580393118284955
61,psi_plus_raw,tip_4l0_mean,50.4228155870051,66.76663208007812,1.3241353403772465,0.7552098108907053
61,psi_plus_raw,tip_l0_integral,0.03158501843860698,0.08545206487178802,2.7054619277137517,0.36962264734031913
61,psi_plus_raw,tip_l0_mean,188.00604734222568,263.7409362792969,1.402832196132562,0.7128436335841725
61,psi_plus_raw,top1_mean,956.7446295844184,1814.4376220703125,1.8964701404788138,0.5272954098541851
61,psi_plus_active,crack_strip_mean,0.005710650553937295,0.004287901800125837,0.7508604772129646,1.3318053491266297
61,psi_plus_active,domain_mean,0.0016099048842523173,0.0021962537430226803,1.3642133547800739,0.7330231715560437
61,psi_plus_active,max,0.2908459461818306,0.3628796339035034,1.247669560698085,0.8014942669920463
61,psi_plus_active,p99,0.0379484317475715,0.033050768077373505,0.8709389704750732,1.1481860772110446
61,psi_plus_active,p999,0.11831213885458601,0.10572518408298492,0.8936123132126675,1.1190535148344736
61,psi_plus_active,right_band_mean,0.0082380283629291,0.008250681683421135,1.001535964667101,0.9984663909022862
61,psi_plus_active,tip_2l0_integral,4.980275001997016e-06,5.36715674570587e-07,0.10776828073858813,9.279168166611887
61,psi_plus_active,tip_2l0_mean,0.007981209470670762,0.00042461679549887776,0.053202061299011595,18.79626419697724
61,psi_plus_active,tip_4l0_integral,9.869981977307844e-06,3.0512590001308126e-06,0.30914534668310306,3.2347244127373984
61,psi_plus_active,tip_4l0_mean,0.003941686133191274,0.0006063710316084325,0.1538354427823256,6.5004525739558074
61,psi_plus_active,tip_l0_integral,3.845993342503725e-06,1.6109099476580013e-07,0.04188540655687422,23.87466380783835
61,psi_plus_active,tip_l0_mean,0.02289281571369348,0.0004971944144926965,0.021718360061549643,46.04399214148807
61,psi_plus_active,top1_mean,0.06675209756690373,0.060071758925914764,0.8999231651965176,1.1112059769920786
61,alpha_bar,crack_strip_mean,0.6006382704530575,0.36119335889816284,0.6013492257589864,1.662927226251702
61,alpha_bar,domain_mean,0.22275723706863182,0.23237763345241547,1.0431878061982767,0.9586001619826564
61,alpha_bar,max,15.781682014465332,9.125187873840332,0.5782138979531001,1.7294637910642399
61,alpha_bar,p99,4.606375713348388,1.0323106050491333,0.22410473423991367,4.4621993524217896
61,alpha_bar,p999,6.235557934284422,1.579543948173523,0.25331236832695514,3.9476951188947904
61,alpha_bar,right_band_mean,0.5129619862766124,0.5256674885749817,1.0247688964061323,0.975829773431847
61,alpha_bar,tip_2l0_integral,0.0005715682589360644,0.0006319060339592397,1.1055653005215687,0.9045146401829305
61,alpha_bar,tip_2l0_mean,0.9159747201763158,0.4999256432056427,0.5457854154636628,1.832221916649178
61,alpha_bar,tip_4l0_integral,0.0014175621761428913,0.002128403168171644,1.5014531312925632,0.6660214555875781
61,alpha_bar,tip_4l0_mean,0.5661190856766855,0.4229736030101776,0.7471459869694992,1.3384265156212678
61,alpha_bar,tip_l0_integral,0.0003080535764367189,0.00020628582569770515,0.6696426903522117,1.4933337052839781
61,alpha_bar,tip_l0_mean,1.833652096422776,0.6366845965385437,0.34722213542069136,2.8800007199667976
61,alpha_bar,top1_mean,5.1169079197777645,1.2963483333587646,0.25334603508266124,3.9471705159061283
61,fatigue_f,crack_strip_mean,0.8210052915610133,0.8588519515852556,1.0460979489575308,0.9559334295574627
61,fatigue_f,domain_mean,0.9766253920371133,0.9635162047713624,0.9865770566968294,1.0136055700992197
61,fatigue_f,max,1.0,1.0,1.0,1.0
61,fatigue_f,p99,1.0,1.0,1.0,1.0
61,fatigue_f,p999,1.0,1.0,1.0,1.0
61,fatigue_f,right_band_mean,0.9090937259664363,0.8873318208679646,0.9760619785651505,1.0245251038976433
61,fatigue_f,tip_2l0_integral,0.0004911596241821508,0.0010241249076199358,2.0851162375678713,0.479589570107815
61,fatigue_f,tip_2l0_mean,0.7871147361464566,0.810225351174836,1.029361176925138,0.9714763121212281
61,fatigue_f,tip_4l0_integral,0.002190690076322459,0.004330466651561088,1.976759149258895,0.5058785236304125
61,fatigue_f,tip_4l0_mean,0.8748762374452961,0.8605855600249368,0.9836654868326414,1.016605760175601
61,fatigue_f,tip_l0_integral,0.00011305597534171522,0.00024394540138047123,2.1577400101422204,0.46344786457108345
61,fatigue_f,tip_l0_mean,0.6729521812289133,0.7529178535019035,1.1188281641749949,0.8937923016421232
61,fatigue_f,top1_mean,1.0,1.0,1.0,1.0
62,damage_alpha,crack_strip_mean,0.35215633174792277,0.32239559292793274,0.9154899794864598,1.0923112457887805
62,damage_alpha,domain_mean,0.01407271089009031,0.011634446680545807,0.8267381296618924,1.209572855202609
62,damage_alpha,max,1.0260347127914429,1.0006842613220215,0.975292793554272,1.025333116997294
62,damage_alpha,p99,1.00604105591774,0.9462988972663879,0.9406165799099984,1.0631324403145048
62,damage_alpha,p999,1.0103930172920232,1.0000783205032349,0.9897914013534723,1.0103138889998116
62,damage_alpha,right_band_mean,-2.342570821861611e-05,-0.001300938194617629,55.534636668264746,0.018006780272525846
62,damage_alpha,tip_2l0_integral,0.00028135103578798,0.0005757082253694534,2.0462274956872544,0.488704214026865
62,damage_alpha,tip_2l0_mean,0.4508830437101634,0.4554653465747833,1.0101629522967057,0.989939294176648
62,damage_alpha,tip_4l0_integral,0.0005888391438059384,0.0012078196741640568,2.0511878105748242,0.48752239792209
62,damage_alpha,tip_4l0_mean,0.23515940486582076,0.2400277554988861,1.0207023428888298,0.9797175513184019
62,damage_alpha,tip_l0_integral,0.00011973354178239579,0.00022779154824092984,1.9024873469033357,0.5256276745428518
62,damage_alpha,tip_l0_mean,0.7126995973913468,0.7030602693557739,0.986474907421226,1.0137105287494137
62,damage_alpha,top1_mean,1.0078396195835537,0.9935416579246521,0.9858132570092754,1.0143909030334648
62,psi_plus_raw,crack_strip_mean,55.30786378732948,82.66276550292969,1.4945933515130079,0.669078314169991
62,psi_plus_raw,domain_mean,2.2136224686358306,3.3084607124328613,1.4945912228979754,0.6690792670794792
62,psi_plus_raw,max,2176.89111328125,2707.76123046875,1.243866178675016,0.8039450040077577
62,psi_plus_raw,p99,514.8963494873052,0.20525065064430237,0.00039862518125963686,2508.622252212083
62,psi_plus_raw,p999,2040.7248895263817,2608.838623046875,1.278388202366828,0.7822350035369414
62,psi_plus_raw,right_band_mean,0.008287983991692874,0.008217877708375454,0.9915412139565317,1.0085309475031454
62,psi_plus_raw,tip_2l0_integral,0.06634766788852095,0.17206084728240967,2.59332170606977,0.3856058419822967
62,psi_plus_raw,tip_2l0_mean,106.32638460656217,136.12408447265625,1.2802474661049938,0.781098987871763
62,psi_plus_raw,tip_4l0_integral,0.12673047538101628,0.3396998643875122,2.6804907293703555,0.3730660169956637
62,psi_plus_raw,tip_4l0_mean,50.61121272668658,67.50791931152344,1.333853027313994,0.7497077860322584
62,psi_plus_raw,tip_l0_integral,0.03172492980707939,0.08635188639163971,2.721893694225617,0.36739127693394413
62,psi_plus_raw,tip_l0_mean,188.83885304141714,266.5181579589844,1.411352344427395,0.7085402904160788
62,psi_plus_raw,top1_mean,974.43912367079,1836.8460693359375,1.8850290641208982,0.5304957992604532
62,psi_plus_active,crack_strip_mean,0.005679653946025006,0.004219530150294304,0.7429202888755938,1.34603942707433
62,psi_plus_active,domain_mean,0.0015348022525338693,0.0021236641332507133,1.3836728019812763,0.7227142129035878
62,psi_plus_active,max,0.2883936160688783,0.37405118346214294,1.297016170333003,0.7710004106912981
62,psi_plus_active,p99,0.03798158064454049,0.03328753635287285,0.8764126133770483,1.1410150706831306
62,psi_plus_active,p999,0.11814785032145592,0.10418810695409775,0.881845134470271,1.1339859584310177
62,psi_plus_active,right_band_mean,0.008288388945855176,0.008239085786044598,0.9940515388294809,1.0059840571018315
62,psi_plus_active,tip_2l0_integral,5.075752220541001e-06,5.194651748752221e-07,0.10234250063921653,9.771111647205647
62,psi_plus_active,tip_2l0_mean,0.008134217824741774,0.00041096925269812346,0.05052351210070649,19.79276496073234
62,psi_plus_active,tip_4l0_integral,1.0077752940864964e-05,2.9596048989333212e-06,0.29367706435153995,3.40510077696422
62,psi_plus_active,tip_4l0_mean,0.004024661758457438,0.0005881567485630512,0.1461381810103909,6.84283869613032
62,psi_plus_active,tip_l0_integral,3.861180468240825e-06,1.5555090726593335e-07,0.040285842256112724,24.822616184678783
62,psi_plus_active,tip_l0_mean,0.022983215264539763,0.0004800953611265868,0.02088895550951542,47.87218774746665
62,psi_plus_active,top1_mean,0.06724464290408014,0.06019101291894913,0.8951049528927899,1.117187427874476
62,alpha_bar,crack_strip_mean,0.6122398363929075,0.3654128611087799,0.5968459407373072,1.675474241752672
62,alpha_bar,domain_mean,0.2245289158359056,0.23450127243995667,1.0444145760332235,0.9574741897973945
62,alpha_bar,max,16.251384735107422,9.22805404663086,0.5678318615333589,1.7610846938028895
62,alpha_bar,p99,4.722741322517395,1.0343594551086426,0.21901674990687206,4.565860832220409
62,alpha_bar,p999,6.428413015842658,1.579594612121582,0.24572077248750382,4.069660004226363
62,alpha_bar,right_band_mean,0.5212503753485743,0.5339065790176392,1.0242804691710798,0.9762950969955239
62,alpha_bar,tip_2l0_integral,0.000583413484385612,0.0006324254209175706,1.0840089196491107,0.9225016343257544
62,alpha_bar,tip_2l0_mean,0.9349574521544194,0.5003365278244019,0.5351436331904496,1.86865719402872
62,alpha_bar,tip_4l0_integral,0.0014420301105033109,0.0021313626784831285,1.4780292470725318,0.6765765981834638
62,alpha_bar,tip_4l0_mean,0.5758906250572068,0.4235617220401764,0.7354898718799275,1.3596380293367998
62,alpha_bar,tip_l0_integral,0.00031657047243956215,0.00020644131291192025,0.6521180302162668,1.5334647313284107
62,alpha_bar,tip_l0_mean,1.8843479019747575,0.6371644735336304,0.3381352630615054,2.9573963713394313
62,alpha_bar,top1_mean,5.265207679536608,1.2998871803283691,0.24688241365680993,4.050511274529644
62,fatigue_f,crack_strip_mean,0.8174139604700585,0.8552162765178801,1.0462462324794197,0.9557979459865539
62,fatigue_f,domain_mean,0.9753642946969279,0.9613461134179675,0.9856277481601721,1.0145818255083179
62,fatigue_f,max,1.0,1.0,1.0,1.0
62,fatigue_f,p99,1.0,1.0,1.0,1.0
62,fatigue_f,p999,1.0,1.0,1.0,1.0
62,fatigue_f,right_band_mean,0.9044185881902184,0.8813680193814942,0.9745133844994834,1.0261531713221226
62,fatigue_f,tip_2l0_integral,0.0004906382596287041,0.0010239387848602292,2.0869525862803813,0.4791675702524324
62,fatigue_f,tip_2l0_mean,0.7862792160777915,0.8100781021652446,1.0302677288179756,0.9706214918983226
62,fatigue_f,tip_4l0_integral,0.0021898406198280667,0.004329631239185706,1.9771444551638846,0.5057799380253732
62,fatigue_f,tip_4l0_mean,0.8745369976277975,0.8604195400818758,0.9838572209246543,1.0164076440483654
62,fatigue_f,tip_l0_integral,0.00011290948773353307,0.00024390674443057183,2.160197068701551,0.46292072815425084
62,fatigue_f,tip_l0_mean,0.6720802312488152,0.7527985419363791,1.1201021945513534,0.8927756814194446
62,fatigue_f,top1_mean,1.0,1.0,1.0,1.0
63,damage_alpha,crack_strip_mean,0.3556611177923212,0.32578563690185547,0.916000149029755,1.0917028791526062
63,damage_alpha,domain_mean,0.014212937011133468,0.011750728823244572,0.8267628860973516,1.2095366359760007
63,damage_alpha,max,1.0259394645690918,1.0006850957870483,0.975384153106294,1.0252370789655667
63,damage_alpha,p99,1.0060459613800048,0.9464502334594727,0.9407624201991885,1.0629676297957023
63,damage_alpha,p999,1.010522503256798,1.0000903606414795,0.9896764865881791,1.010431200045391
63,damage_alpha,right_band_mean,-2.3284257578175443e-05,-0.0013197207590565085,56.67867032588986,0.017643321451442324
63,damage_alpha,tip_2l0_integral,0.0002814476023707661,0.000576213002204895,2.04731892313589,0.4884436853972386
63,damage_alpha,tip_2l0_mean,0.451037797840161,0.45586469769477844,1.0107017635278717,0.9894115515436354
63,damage_alpha,tip_4l0_integral,0.0005890463413424834,0.0012089917436242104,2.0524560781904224,0.48722114476703665
63,damage_alpha,tip_4l0_mean,0.2352421514866868,0.24026067554950714,1.0213334388888393,0.9791121703485504
63,damage_alpha,tip_l0_integral,0.00011974919050500489,0.00022790810908190906,1.9032121062428702,0.5254275110587119
63,damage_alpha,tip_l0_mean,0.7127927445424056,0.7034200429916382,0.9868507337896875,1.0133244732562714
63,damage_alpha,top1_mean,1.0078740157021417,0.9940965175628662,0.9863301385643152,1.0138593163700569
63,psi_plus_raw,crack_strip_mean,56.48026796383156,83.6218490600586,1.4805497933120249,0.6754247675540694
63,psi_plus_raw,domain_mean,2.2604375006913915,3.3467578887939453,1.4805797053757448,0.6754111219876662
63,psi_plus_raw,max,2188.627197265625,2695.0068359375,1.2313686128475985,0.8121045067792109
63,psi_plus_raw,p99,515.0391375732422,0.2220965474843979,0.00043122266111828093,2318.987590788296
63,psi_plus_raw,p999,2068.0444824218857,2609.399169921875,1.261771297523547,0.7925366522147712
63,psi_plus_raw,right_band_mean,0.008371260094864863,0.008207010105252266,0.9803792992033121,1.0200133772843147
63,psi_plus_raw,tip_2l0_integral,0.06655585364009187,0.17353664338588715,2.6073836318636334,0.3835262244417971
63,psi_plus_raw,tip_2l0_mean,106.66001559911383,137.29164123535156,1.28718939767802,0.7768864487261274
63,psi_plus_raw,tip_4l0_integral,0.12725658935863565,0.34242233633995056,2.6908024021839285,0.3716363561993154
63,psi_plus_raw,tip_4l0_mean,50.821322144801854,68.0489501953125,1.338984255494674,0.7468347711307183
63,psi_plus_raw,tip_l0_integral,0.031876048389697764,0.08710725605487823,2.7326867806811026,0.3659402193729488
63,psi_plus_raw,tip_l0_mean,189.73836834337163,268.84954833984375,1.416948773657122,0.705741815506157
63,psi_plus_raw,top1_mean,994.5490919325086,1858.1585693359375,1.8683427338165368,0.5352337030568588
63,psi_plus_active,crack_strip_mean,0.0056716924238378605,0.004149239975959063,0.7315699910876688,1.3669232092383126
63,psi_plus_active,domain_mean,0.0014533369394894393,0.0020537017844617367,1.4130940518055,0.7076669799312418
63,psi_plus_active,max,0.3006386100002383,0.38113775849342346,1.2677605131726806,0.788792512157847
63,psi_plus_active,p99,0.03841648731199347,0.033466849476099014,0.8711585003673878,1.1478967370211928
63,psi_plus_active,p999,0.11865685429203911,0.10267067700624466,0.8652738825651896,1.155703436968884
63,psi_plus_active,right_band_mean,0.008371669440471938,0.008228527382016182,0.9829016112648032,1.0173958293884517
63,psi_plus_active,tip_2l0_integral,5.168403140872686e-06,4.4681436861537804e-07,0.08645114485785514,11.567226803580471
63,psi_plus_active,tip_2l0_mean,0.008282696855020439,0.0003534923598635942,0.042678413329751384,23.43104914125038
63,psi_plus_active,tip_4l0_integral,1.026402406796144e-05,2.8570352696988266e-06,0.27835430341759404,3.5925437031946124
63,psi_plus_active,tip_4l0_mean,0.004099051186966847,0.0005677732988260686,0.13851334685239705,7.219520881735842
63,psi_plus_active,tip_l0_integral,3.8741499554855785e-06,9.739901685179575e-08,0.02514074518821457,39.77606839071652
63,psi_plus_active,tip_l0_mean,0.023060414587303533,0.0003006142214871943,0.013035941758510477,76.71099016280529
63,psi_plus_active,top1_mean,0.06805493144639677,0.060093868523836136,0.8830200434654595,1.1324771248401637
63,alpha_bar,crack_strip_mean,0.623883152765554,0.36956214904785156,0.5923579558281926,1.6881684295129815
63,alpha_bar,domain_mean,0.22622111776987774,0.23655501008033752,1.0456804935469017,0.9563150562444218
63,alpha_bar,max,16.721202850341797,9.333227157592773,0.5581672108835157,1.791577829190491
63,alpha_bar,p99,4.838956384658814,1.037789225578308,0.21446550517968366,4.662754502931272
63,alpha_bar,p999,6.62198336458229,1.5825598239898682,0.2389857746327478,4.184349472418229
63,alpha_bar,right_band_mean,0.5296220427532383,0.5421351194381714,1.023626427291213,0.9769188967172968
63,alpha_bar,tip_2l0_integral,0.0005954526593925106,0.0006328722229227424,1.0628422141374054,0.9408734304099807
63,alpha_bar,tip_2l0_mean,0.9542510007125998,0.5006900429725647,0.5246942812726082,1.9058717346310161
63,alpha_bar,tip_4l0_integral,0.0014669057995894087,0.002134219743311405,1.454912608504772,0.6873265061794397
63,alpha_bar,tip_4l0_mean,0.5858250057835022,0.42412951588630676,0.7239867054139514,1.3812408329076062
63,alpha_bar,tip_l0_integral,0.00032511276845507286,0.00020653872343245894,0.6352833338841947,1.5741007935559808
63,alpha_bar,tip_l0_mean,1.935194898066435,0.6374651789665222,0.32940619035501306,3.035765657355326
63,alpha_bar,top1_mean,5.414648088879056,1.303346872329712,0.24070758633540887,4.154418293267131
63,fatigue_f,crack_strip_mean,0.8138025950496782,0.8515527146196603,1.0463873177593856,0.955669074947588
63,fatigue_f,domain_mean,0.9741327391721787,0.9592079197783868,0.9846788648059658,1.0155595247766929
63,fatigue_f,max,1.0,1.0,1.0,1.0
63,fatigue_f,p99,1.0,1.0,1.0,1.0
63,fatigue_f,p999,1.0,1.0,1.0,1.0
63,fatigue_f,right_band_mean,0.8996419712428679,0.8752131834721595,0.972846100391515,1.0279118142094184
63,fatigue_f,tip_2l0_integral,0.000490171524665482,0.001023767735384991,2.0885907970351036,0.47879172953340976
63,fatigue_f,tip_2l0_mean,0.7855312434242194,0.8099427782217373,1.031076465769974,0.9698601735160669
63,fatigue_f,tip_4l0_integral,0.0021890780057846997,0.004328829668300984,1.9774670691779512,0.5056974225192574
63,fatigue_f,tip_4l0_mean,0.8742324393006773,0.8602602453951289,0.9840177585760543,1.0162418221466585
63,fatigue_f,tip_l0_integral,0.00011276867196549772,0.00024387571946798655,2.162619415635238,0.46240221130460185
63,fatigue_f,tip_l0_mean,0.6712420422193155,0.7527027858856297,1.1213582263068356,0.8917756846476029
63,fatigue_f,top1_mean,1.0,1.0,1.0,1.0
64,damage_alpha,crack_strip_mean,0.3589330791202703,0.32909631729125977,0.9168737473232081,1.0906627034741447
64,damage_alpha,domain_mean,0.014343850633793277,0.01186374481767416,0.8270962324247764,1.2090491538914718
64,damage_alpha,max,1.0258439779281616,1.000695824623108,0.9754854014390726,1.025130666768321
64,damage_alpha,p99,1.006054401397705,0.9467459321022034,0.9410484470689608,1.062644546212953
64,damage_alpha,p999,1.010536573886872,1.000102162361145,0.9896743850788176,1.0104333456305026
64,damage_alpha,right_band_mean,-2.313497301122566e-05,-0.00133811985142529,57.83969796619176,0.01728916358768879
64,damage_alpha,tip_2l0_integral,0.00028162795629773675,0.0005766099784523249,2.0474174014270567,0.48842019184900776
64,damage_alpha,tip_2l0_mean,0.45132682655231726,0.4561787545681,1.0107503647696872,0.9893639763640979
64,damage_alpha,tip_4l0_integral,0.0005893317168712967,0.0012099836021661758,2.0531452279369216,0.4870576062487494
64,damage_alpha,tip_4l0_mean,0.23535611935078846,0.24045778810977936,1.0216763803425357,0.9787835162292112
64,damage_alpha,tip_l0_integral,0.00011976439469617439,0.00022797309793531895,1.9035131310407822,0.5253444190601569
64,damage_alpha,tip_l0_mean,0.7128832456731986,0.7036206126213074,0.9870068021543357,1.0131642434655002
64,damage_alpha,top1_mean,1.0079130993949041,0.9946249127388,0.9868161385499588,1.013359997810143
64,psi_plus_raw,crack_strip_mean,57.568488255989905,84.61329650878906,1.4697849304734034,0.6803716511625342
64,psi_plus_raw,domain_mean,2.303889687907748,3.386348247528076,1.4698395783885603,0.6803463552779937
64,psi_plus_raw,max,2198.89892578125,2691.45361328125,1.2240006039954745,0.8169930608986018
64,psi_plus_raw,p99,514.8648187255859,0.24592098593711853,0.0004776418527601712,2093.618878289776
64,psi_plus_raw,p999,2089.024152343762,2609.423828125,1.2491113734598904,0.8005691255777446
64,psi_plus_raw,right_band_mean,0.008485372052161688,0.008198237046599388,0.966161176693584,1.0350239940526484
64,psi_plus_raw,tip_2l0_integral,0.06631083556881266,0.1752818077802658,2.643335833076192,0.37830985661638244
64,psi_plus_raw,tip_2l0_mean,106.26735845664781,138.67230224609375,1.3049378874197355,0.7663199985535775
64,psi_plus_raw,tip_4l0_integral,0.1272899643449833,0.3459334969520569,2.717680837858532,0.3679607943911384
64,psi_plus_raw,tip_4l0_mean,50.83465081360636,68.74671936035156,1.3523594292488161,0.7394483880335435
64,psi_plus_raw,tip_l0_integral,0.032011345162611886,0.08794163912534714,2.7472022396628257,0.3640066921766683
64,psi_plus_raw,tip_l0_mean,190.54370621402018,271.4248046875,1.424475308476647,0.7020128703174318
64,psi_plus_raw,top1_mean,1012.930904812283,1880.19091796875,1.8561887183382841,0.538738324460473
64,psi_plus_active,crack_strip_mean,0.0056172129521338526,0.004080106969922781,0.7263578939753104,1.3767317851081151
64,psi_plus_active,domain_mean,0.001374522217829991,0.0019836979918181896,1.4431909256075373,0.6929090131155252
64,psi_plus_active,max,0.2945837408958117,0.4029301404953003,1.367794907044135,0.7311037604029715
64,psi_plus_active,p99,0.03856792820854526,0.0332186184823513,0.861301605383907,1.1610334797347452
64,psi_plus_active,p999,0.12255998427945691,0.10213542729616165,0.8333505254314988,1.1999752438893732
64,psi_plus_active,right_band_mean,0.008485786889076802,0.008220064453780651,0.9686861762180007,1.032326076856239
64,psi_plus_active,tip_2l0_integral,5.2779113440259924e-06,4.348375455265341e-07,0.08238818676231115,12.137662440429562
64,psi_plus_active,tip_2l0_mean,0.008458190760030274,0.0003440170257817954,0.040672649215653785,24.586546961763375
64,psi_plus_active,tip_4l0_integral,1.0454419514671457e-05,2.7118476282339543e-06,0.25939724577038625,3.8550910478254723
64,psi_plus_active,tip_4l0_mean,0.004175087707990396,0.0005389204015955329,0.1290800192207058,7.747132406992929
64,psi_plus_active,tip_l0_integral,3.882787986531088e-06,1.0093189217741383e-07,0.02599469569998004,38.46938666032424
64,psi_plus_active,tip_l0_mean,0.02311183143471941,0.0003115181752946228,0.01347873171256559,74.19095663635376
64,psi_plus_active,top1_mean,0.06871034947398663,0.0599827840924263,0.8729803377748131,1.145501171938138
64,alpha_bar,crack_strip_mean,0.635472500228615,0.373642235994339,0.5879754605587479,1.700751250825517
64,alpha_bar,domain_mean,0.22783452553025552,0.2385386973619461,1.0469822201300616,0.9551260573228978
64,alpha_bar,max,17.190813064575195,9.433303833007812,0.5487409930858276,1.8223533736317594
64,alpha_bar,p99,4.954475440979004,1.0406413078308105,0.21004066328062773,4.760982870559384
64,alpha_bar,p999,6.816208897590874,1.58424711227417,0.23242349758882938,4.30249097175647
64,alpha_bar,right_band_mean,0.5381078296658169,0.5503551959991455,1.0227600597094724,0.9777464328085538
64,alpha_bar,tip_2l0_integral,0.0006075887050189684,0.0006333070923574269,1.0423286132971408,0.9593903374068903
64,alpha_bar,tip_2l0_mean,0.9736997906391678,0.5010340809822083,0.5145673089375047,1.9433803559437783
64,alpha_bar,tip_4l0_integral,0.0014920561463712986,0.002136931288987398,1.4322056808548693,0.6982237351573065
64,alpha_bar,tip_4l0_mean,0.5958690740891027,0.4246683716773987,0.7126873840978971,1.403139752874644
64,alpha_bar,tip_l0_integral,0.00033367029302515156,0.00020663964096456766,0.6192928926669282,1.6147448353453429
64,alpha_bar,tip_l0_mean,1.986132540309123,0.6377766132354736,0.3211148300990072,3.1141507842900826
64,alpha_bar,top1_mean,5.564859442181057,1.3066452741622925,0.2348029249863989,4.258890727438449
64,fatigue_f,crack_strip_mean,0.8102546257261521,0.8478853666215304,1.0464431052913192,0.955618126722341
64,fatigue_f,domain_mean,0.9729358293110668,0.9571071291359957,0.983730992632598,1.016538065273174
64,fatigue_f,max,1.0,1.0,1.0,1.0
64,fatigue_f,p99,1.0,1.0,1.0,1.0
64,fatigue_f,p999,1.0,1.0,1.0,1.0
64,fatigue_f,right_band_mean,0.894736119184995,0.8688433707029316,0.9710610224323472,1.0298013996022264
64,fatigue_f,tip_2l0_integral,0.0004896804295596731,0.0010236002311493119,2.0903433532554,0.47839030771793933
64,fatigue_f,tip_2l0_mean,0.7847442320828958,0.8098102590561878,1.0319416517490811,0.9690470370151821
64,fatigue_f,tip_4l0_integral,0.0021883170768540435,0.004328052711031325,1.9777996327905993,0.5056123903658726
64,fatigue_f,tip_4l0_mean,0.8739285539418988,0.8601058421261916,0.9841832472993826,1.0160709428290098
64,fatigue_f,tip_l0_integral,0.00011263308053711314,0.0002438449895185898,2.1649500160678077,0.46190442854486635
64,fatigue_f,tip_l0_mean,0.670434950447195,0.7526079403693499,1.122566685802021,0.8908156750487809
64,fatigue_f,top1_mean,1.0,1.0,1.0,1.0
65,damage_alpha,crack_strip_mean,0.3623156180323955,0.332339346408844,0.9172647544526462,1.0901977811157957
65,damage_alpha,domain_mean,0.014479187397533629,0.011974260210990906,0.8269980822978084,1.2091926467610505
65,damage_alpha,max,1.025748372077942,1.0006961822509766,0.9755766711321071,1.0250347610706505
65,damage_alpha,p99,1.006055977344513,0.9468323588371277,0.9411328794410564,1.0625492125978058
65,damage_alpha,p999,1.010826972484589,1.000113844871521,0.9894016207474802,1.0107119081172646
65,damage_alpha,right_band_mean,-2.297141523041049e-05,-0.001356388907879591,59.04681510801948,0.01693571445251726
65,damage_alpha,tip_2l0_integral,0.00028180493612032793,0.0005772541626356542,2.048417499646537,0.4881817306152453
65,damage_alpha,tip_2l0_mean,0.45161044804623396,0.45668840408325195,1.0112441066387776,0.9888809175104601
65,damage_alpha,tip_4l0_integral,0.0005896412893823752,0.0012114067794755101,2.0544809213486532,0.48674095223213615
65,damage_alpha,tip_4l0_mean,0.23547975054656375,0.2407406121492386,1.0223410360783212,0.9781471785931426
65,damage_alpha,tip_l0_integral,0.00011978221994198662,0.0002280743356095627,1.904075043191089,0.5251893845129517
65,damage_alpha,tip_l0_mean,0.7129893483184947,0.70393306016922,0.9872981438353421,1.012865268960514
65,damage_alpha,top1_mean,1.0079477940665351,0.9951039552688599,0.9872574364731161,1.0129070322046958
65,psi_plus_raw,crack_strip_mean,58.72191529038495,85.51412963867188,1.4562557984663325,0.6866925447116901
65,psi_plus_raw,domain_mean,2.3499473651041214,3.4223172664642334,1.4563378385764814,0.6866538611517947
65,psi_plus_raw,max,2207.80908203125,2695.445556640625,1.2208689503898293,0.8190887315798269
65,psi_plus_raw,p99,514.5386584472658,0.27121701836586,0.0005271071743847533,1897.1473897451947
65,psi_plus_raw,p999,2112.8601887207137,2610.06396484375,1.2353226109220607,0.809505137490835
65,psi_plus_raw,right_band_mean,0.008659972910986602,0.008191493339836597,0.9459028826111383,1.057190984807582
65,psi_plus_raw,tip_2l0_integral,0.06605841524554396,0.17662210762500763,2.6737260796900797,0.3740098911388534
65,psi_plus_raw,tip_2l0_mean,105.86283873156152,139.732666015625,1.3199406674701768,0.7576098112929719
65,psi_plus_raw,tip_4l0_integral,0.12729517080307895,0.34841108322143555,2.737032999943218,0.36535913159276695
65,psi_plus_raw,tip_4l0_mean,50.83673007005543,69.23908233642578,1.3619892987021596,0.734220159404263
65,psi_plus_raw,tip_l0_integral,0.03213910593594819,0.08857288211584091,2.755922404697963,0.36285491866364633
65,psi_plus_raw,tip_l0_mean,191.3041869478539,273.3730773925781,1.428996833546015,0.6997916136164756
65,psi_plus_raw,top1_mean,1032.7379059516059,1900.2083740234375,1.8399715581975369,0.5434866618153678
65,psi_plus_active,crack_strip_mean,0.005596056113045991,0.004017930943518877,0.7179933264342976,1.3927706054960225
65,psi_plus_active,domain_mean,0.0012942601865055616,0.0019170849118381739,1.481220647769602,0.675118863287373
65,psi_plus_active,max,0.30141747891622817,0.4020799696445465,1.3339636808398065,0.7496455970753587
65,psi_plus_active,p99,0.039283434531615785,0.0330769382417202,0.8420072897419262,1.1876381739004878
65,psi_plus_active,p999,0.12296115872946943,0.10139057040214539,0.8245739666882763,1.2127474797879982
65,psi_plus_active,right_band_mean,0.008660395595615562,0.008213640190660954,0.948413972546383,1.0543918889291712
65,psi_plus_active,tip_2l0_integral,5.403989749189239e-06,3.669767920655431e-07,0.06790849152158378,14.725698916197597
65,psi_plus_active,tip_2l0_mean,0.008660239474394935,0.00029032971360720694,0.03352444403709649,29.82898087417794
65,psi_plus_active,tip_4l0_integral,1.0653172833290907e-05,2.5695128442748683e-06,0.24119695460541135,4.145989329077394
65,psi_plus_active,tip_4l0_mean,0.004254462037318374,0.0005106345051899552,0.12002328395714464,8.331716705544057
65,psi_plus_active,tip_l0_integral,3.886863727505398e-06,5.262146629547715e-08,0.013538284330140328,73.8646031959675
65,psi_plus_active,tip_l0_mean,0.023136091795752923,0.00016241191769950092,0.00701985102467975,142.45316552791382
65,psi_plus_active,top1_mean,0.0696549637573803,0.059909891337156296,0.8600950758632552,1.1626621615015362
65,alpha_bar,crack_strip_mean,0.6470763419804443,0.3776601254940033,0.5836407561094497,1.713382743634975
65,alpha_bar,domain_mean,0.22936909732730898,0.240455761551857,1.048335474803423,0.9538931229886248
65,alpha_bar,max,17.659847259521484,9.535595893859863,0.5399591374562229,1.8519919946369547
65,alpha_bar,p99,5.069609680175781,1.0440402030944824,0.20594094396992746,4.855760980419829
65,alpha_bar,p999,7.01097994089151,1.584816813468933,0.22604783166266043,4.423842479021595
65,alpha_bar,right_band_mean,0.5467682237021942,0.5585688352584839,1.0215824750684799,0.9788734873637753
65,alpha_bar,tip_2l0_integral,0.0006200731208389816,0.0006336740916594863,1.0219344628293225,0.9785363312158052
65,alpha_bar,tip_2l0_mean,0.9937068660995645,0.5013244152069092,0.5044992968345646,1.9821633177180025
65,alpha_bar,tip_4l0_integral,0.0015177165726624107,0.002139501040801406,1.409684179074521,0.7093787493993975
65,alpha_bar,tip_4l0_mean,0.6061168482710615,0.42517906427383423,0.7014803589219647,1.4255566635348143
65,alpha_bar,tip_l0_integral,0.000342236374713684,0.00020669226069003344,0.6039459156349257,1.655777403426438
65,alpha_bar,tip_l0_mean,2.0371211177766955,0.6379390358924866,0.31315714629119856,3.1932849428577943
65,alpha_bar,top1_mean,5.716008813646105,1.3099346160888672,0.22916945351126766,4.363583299075383
65,fatigue_f,crack_strip_mean,0.8067389579815084,0.844217539293777,1.0464568878711913,0.9556055405534207
65,fatigue_f,domain_mean,0.9717805382276735,0.9550444805827123,0.9827779452390718,1.0175238514909273
65,fatigue_f,max,1.0,1.0,1.0,1.0
65,fatigue_f,p99,1.0,1.0,1.0,1.0
65,fatigue_f,p999,1.0,1.0,1.0,1.0
65,fatigue_f,right_band_mean,0.8896182824682288,0.8622899292709804,0.9692808098306765,1.0316927662837871
65,fatigue_f,tip_2l0_integral,0.0004892499564082119,0.001023452887350212,2.0918814073358467,0.47803857163851754
65,fatigue_f,tip_2l0_mean,0.7840543713037352,0.8096936896021291,1.0327009442671182,0.9683345459799834
65,fatigue_f,tip_4l0_integral,0.0021876405233344463,0.00432728860171604,1.978062005873021,0.5055453251874419
65,fatigue_f,tip_4l0_mean,0.8736583648338854,0.8599539921072618,0.9843138081448699,1.0159361696700098
65,fatigue_f,tip_l0_integral,0.0001124999226546099,0.00024382399978768862,2.1673259326254075,0.46139806890449653
65,fatigue_f,tip_l0_mean,0.6696423440660857,0.7525431572537581,1.1237986425474478,0.8898391243231806
65,fatigue_f,top1_mean,1.0,1.0,1.0,1.0
66,damage_alpha,crack_strip_mean,0.3661450532297504,0.3354721665382385,0.9162274993996298,1.0914319867666746
66,damage_alpha,domain_mean,0.014632395260069719,0.012080413289368153,0.8255936963604544,1.2112495582371787
66,damage_alpha,max,1.0256527662277222,1.0006805658340454,0.975652383325087,1.024955216725792
66,damage_alpha,p99,1.0060558807849884,0.9470826387405396,0.9413817431309738,1.0622683170740763
66,damage_alpha,p999,1.0109727492332459,1.0001226663589478,0.9892676801797802,1.0108487520973792
66,damage_alpha,right_band_mean,-2.278841888663927e-05,-0.0013744321186095476,60.31274593672534,0.016580243271448945
66,damage_alpha,tip_2l0_integral,0.00028192406298892714,0.000577837519813329,2.049621141548404,0.48789504544461393
66,damage_alpha,tip_2l0_mean,0.4518013564782972,0.4571499228477478,1.0118383141014484,0.9883001919017453
66,damage_alpha,tip_4l0_integral,0.0005898668207172538,0.001212947303429246,2.0563070524196494,0.48630869539804544
66,damage_alpha,tip_4l0_mean,0.23556981897195045,0.2410467565059662,1.0232497420846083,0.9772785263182739
66,damage_alpha,tip_l0_integral,0.00011979964118751759,0.00022818503202870488,1.904722165833001,0.5250109532707965
66,damage_alpha,tip_l0_mean,0.713093046200401,0.7042747139930725,0.9876336864392163,1.0125211540782582
66,damage_alpha,top1_mean,1.0079749602741666,0.9955646395683289,0.9876878680572957,1.0124656101799867
66,psi_plus_raw,crack_strip_mean,60.110452176900196,86.36358642578125,1.436748240915244,0.6960161645042109
66,psi_plus_raw,domain_mean,2.405397483144345,3.4562342166900635,1.436866148280849,0.6959590503238307
66,psi_plus_raw,max,2217.5400390625,2691.910888671875,1.2139176029533711,0.8237791408305427
66,psi_plus_raw,p99,514.0388299560547,0.3041955530643463,0.0005917754366734359,1689.830192380624
66,psi_plus_raw,p999,2138.9019912109466,2604.10986328125,1.2174984520010308,0.821356280458871
66,psi_plus_raw,right_band_mean,0.008974614291188282,0.008187837898731232,0.912333124641407,1.0960908608826962
66,psi_plus_raw,tip_2l0_integral,0.0660825380308187,0.17788851261138916,2.6919140504020573,0.3714828858858412
66,psi_plus_raw,tip_2l0_mean,105.9014970390278,140.7345733642578,1.3289195837561485,0.7524909800588025
66,psi_plus_raw,tip_4l0_integral,0.12760263119992116,0.3508012890815735,2.7491697136868307,0.36374618672010955
66,psi_plus_raw,tip_4l0_mean,50.95951776972144,69.7140884399414,1.36802880974991,0.7309787578105248
66,psi_plus_raw,tip_l0_integral,0.03227610327066752,0.08920445293188095,2.7637925242651535,0.3618216603527008
66,psi_plus_raw,tip_l0_mean,192.1196472094037,275.3223571777344,1.433077570029278,0.6977989335075351
66,psi_plus_raw,top1_mean,1057.1427627224393,1919.082763671875,1.8153487223709486,0.5508583489644586
66,psi_plus_active,crack_strip_mean,0.005608477089292224,0.003959281370043755,0.7059458935123163,1.416539155748419
66,psi_plus_active,domain_mean,0.001203385944720965,0.001853149733506143,1.5399463003831593,0.6493732929201406
66,psi_plus_active,max,0.3067127648714443,0.39243921637535095,1.279500762023511,0.7815548295715863
66,psi_plus_active,p99,0.03989092349031564,0.03335511311888695,0.8361579577616097,1.195946281103387
66,psi_plus_active,p999,0.12558229313128033,0.10324209183454514,0.8221070762469567,1.2163865619125327
66,psi_plus_active,right_band_mean,0.008975049852602553,0.00821030791848898,0.9147924583514356,1.0931441234245836
66,psi_plus_active,tip_2l0_integral,5.507486094809074e-06,3.561536630058981e-07,0.06466719241317391,15.463791803589752
66,psi_plus_active,tip_2l0_mean,0.008826098992897352,0.00028176713385619223,0.031924311531395626,31.324089762016033
66,psi_plus_active,tip_4l0_integral,1.0815498542802163e-05,2.5232293410226703e-06,0.2332975526774869,4.2863715822274875
66,psi_plus_active,tip_4l0_mean,0.004319288599282925,0.0005014366470277309,0.1160924155683827,8.613827140248995
66,psi_plus_active,tip_l0_integral,3.892738394537851e-06,5.2654762328074867e-08,0.013526406604142244,73.92946473261908
66,psi_plus_active,tip_l0_mean,0.02317106004914717,0.00016251468332484365,0.007013692208303829,142.5782555464944
66,psi_plus_active,top1_mean,0.07119340763596484,0.05992452800273895,0.8417145630836025,1.1880512038861752
66,alpha_bar,crack_strip_mean,0.6587540101560558,0.3816194534301758,0.5793049416727981,1.7262065763022925
66,alpha_bar,domain_mean,0.2308152511749061,0.24230891466140747,1.0497959447133403,0.9525660725171331
66,alpha_bar,max,18.12841033935547,9.63863754272461,0.5316868584886245,1.8808063130290722
66,alpha_bar,p99,5.184300284385682,1.0471025705337524,0.2019756790877768,4.9510911636316814
66,alpha_bar,p999,7.211627871513599,1.5869818925857544,0.22005876077638953,4.5442408040102515
66,alpha_bar,right_band_mean,0.5557432728740151,0.5667791366577148,1.019857845020108,0.9805288108366551
66,alpha_bar,tip_2l0_integral,0.0006328774824853135,0.0006340302061289549,1.001821400943378,0.9981819105265043
66,alpha_bar,tip_2l0_mean,1.014226675225892,0.5016061663627625,0.4945700784797866,2.021958148122927
66,alpha_bar,tip_4l0_integral,0.0015438387215721884,0.002142024226486683,1.3874663179229787,0.7207382169082047
66,alpha_bar,tip_4l0_mean,0.6165490164719313,0.4256804883480072,0.6904244058061627,1.4483844887151207
66,alpha_bar,tip_l0_integral,0.00035080630646737855,0.00020674493862316012,0.5893421378454761,1.6968072292536418
66,alpha_bar,tip_l0_mean,2.088132612297,0.6381016373634338,0.30558482426147515,3.272413813142583
66,alpha_bar,top1_mean,5.86792778968811,1.3132872581481934,0.22380767201260954,4.4681220755634286
66,fatigue_f,crack_strip_mean,0.8032173148060033,0.8405713667449101,1.0465055362357678,0.9555611178101875
66,fatigue_f,domain_mean,0.9707008859300865,0.953032271787452,0.9817980858998545,1.01853936604843
66,fatigue_f,max,1.0,1.0,1.0,1.0
66,fatigue_f,p99,1.0,1.0,1.0,1.0
66,fatigue_f,p999,1.0,1.0,1.0,1.0
66,fatigue_f,right_band_mean,0.8845282896002463,0.8555953014861735,0.9672899233927851,1.0338162073398676
66,fatigue_f,tip_2l0_integral,0.0004888776879614994,0.0010233098654093883,2.093181772472253,0.4777415956660572
66,fatigue_f,tip_2l0_mean,0.7834577872895306,0.8095805393395318,1.0333428966739562,0.9677329792644072
66,fatigue_f,tip_4l0_integral,0.0021868397895001,0.00432653500459812,1.9784416880338282,0.5054483061331962
66,fatigue_f,tip_4l0_mean,0.8733385829479127,0.8598042311577057,0.984502743776048,1.0157412016593397
66,fatigue_f,tip_l0_integral,0.00011237105191253972,0.0002438039969606908,2.1696334848804972,0.46090734078759843
66,fatigue_f,tip_l0_mean,0.6688752563760226,0.7524814201376577,1.1249951511356762,0.8888927201068428
66,fatigue_f,top1_mean,1.0,1.0,1.0,1.0
67,damage_alpha,crack_strip_mean,0.3701534810239132,0.3386779725551605,0.914966331312931,1.092936390965392
67,damage_alpha,domain_mean,0.014792761130782827,0.012189456261694431,0.8240149458189331,1.2135702211155492
67,damage_alpha,max,1.0255571603775024,1.0006687641143799,0.9757318292683352,1.0248717629206199
67,damage_alpha,p99,1.0060554039478302,0.9475334286689758,0.9418302659583059,1.0617624386730733
67,damage_alpha,p999,1.010968990325928,1.0001277923583984,0.9892764287814263,1.0108398127222973
67,damage_alpha,right_band_mean,0.0001243060574279665,-0.0013922677608206868,-11.200321123751232,-0.0892831543802271
67,damage_alpha,tip_2l0_integral,0.00028201365248205006,0.000578198698349297,2.050250735240908,0.48774522199232295
67,damage_alpha,tip_2l0_mean,0.45194492937551645,0.45743563771247864,1.0121490650300007,0.9879967630759601
67,damage_alpha,tip_4l0_integral,0.0005900390183209362,0.0012138914316892624,2.0573070491907672,0.4860723149679313
67,damage_alpha,tip_4l0_mean,0.2356385879837039,0.24123437702655792,1.023747337355633,0.9768035173434756
67,damage_alpha,tip_l0_integral,0.00011981353455334251,0.00022824590269010514,1.9050093425671135,0.524931808813305
67,damage_alpha,tip_l0_mean,0.7131757447999949,0.7044625878334045,0.9877825949212085,1.0123685162520666
67,damage_alpha,top1_mean,1.0079980278015137,0.9960124492645264,0.9881095218379262,1.0120335629798982
67,psi_plus_raw,crack_strip_mean,61.635112169335116,87.29571533203125,1.4163309233898478,0.7060496833653812
67,psi_plus_raw,domain_mean,2.4662859070680208,3.493455171585083,1.4164842614448483,0.7059732516759316
67,psi_plus_raw,max,2227.0576171875,2689.25146484375,1.2075356488710625,0.8281329010327028
67,psi_plus_raw,p99,513.3883117675786,0.37250617146492004,0.0007255836623595771,1378.200822146448
67,psi_plus_raw,p999,2164.2928835449234,2604.059814453125,1.2031919682644345,0.8311225692791713
67,psi_plus_raw,right_band_mean,0.009578035538597538,0.008187379688024521,0.8548078209807265,1.169853592182502
67,psi_plus_raw,tip_2l0_integral,0.06620391230306039,0.17899185419082642,2.7036446633464624,0.3698710905161037
67,psi_plus_raw,tip_2l0_mean,106.09600707928112,141.6074676513672,1.3347106224794099,0.749226074294937
67,psi_plus_raw,tip_4l0_integral,0.1280007159303988,0.3529006242752075,2.7570207065646373,0.36271036979118004
67,psi_plus_raw,tip_4l0_mean,51.11849729628658,70.13127899169922,1.3719354578287613,0.7288972628367008
67,psi_plus_raw,tip_l0_integral,0.03239047455271439,0.089700847864151,2.7693588656185306,0.36109440795664166
67,psi_plus_raw,tip_l0_mean,192.80042859659497,276.8544616699219,1.4359639326798228,0.69639632113446
67,psi_plus_raw,top1_mean,1084.358215060764,1939.7933349609375,1.7888860968810363,0.5590070836502798
67,psi_plus_active,crack_strip_mean,0.005599308022473248,0.0039087929762899876,0.6980850063260943,1.4324902998029343
67,psi_plus_active,domain_mean,0.0011050284300214179,0.0017868711147457361,1.6170363279351125,0.6184152963817194
67,psi_plus_active,max,0.3168492646401514,0.4111933410167694,1.297756968076809,0.7705603010415228
67,psi_plus_active,p99,0.040779851093281666,0.0334227979183197,0.8195909750103523,1.2201208047555294
67,psi_plus_active,p999,0.1302748375706498,0.10078313201665878,0.7736193258502643,1.2926254122477185
67,psi_plus_active,right_band_mean,0.009546480572972063,0.008210185915231705,0.86002227234153,1.1627605844176119
67,psi_plus_active,tip_2l0_integral,5.595403708754246e-06,3.419945642235689e-07,0.06112062364481475,16.36108960227922
67,psi_plus_active,tip_2l0_mean,0.008966992596719752,0.0002705653023440391,0.03017347225679829,33.14169451527718
67,psi_plus_active,tip_4l0_integral,1.0946223002985916e-05,2.483281150489347e-06,0.22686191847287931,4.407967660379048
67,psi_plus_active,tip_4l0_mean,0.004371494853879934,0.000493497820571065,0.11288994658956522,8.858184720697114
67,psi_plus_active,tip_l0_integral,3.893299395392344e-06,5.265795977038579e-08,0.013525278798929674,73.93562934016083
67,psi_plus_active,tip_l0_mean,0.023174399339684994,0.00016252454952336848,0.007013107314719194,142.59014658184228
67,psi_plus_active,top1_mean,0.07322919946578564,0.05985826998949051,0.8174098641820831,1.2233764771123974
67,alpha_bar,crack_strip_mean,0.6704574848268543,0.38552823662757874,0.5750226455106865,1.7390619444420046
67,alpha_bar,domain_mean,0.23216444655209095,0.24409577250480652,1.0513917015714915,0.9511203089251345
67,alpha_bar,max,18.596418380737305,9.74069881439209,0.5237943465759934,1.9091462260654954
67,alpha_bar,p99,5.298666715621948,1.049750566482544,0.19811598328832164,5.047548327005412
67,alpha_bar,p999,7.421069400787541,1.592294454574585,0.21456401612490067,4.660613732257352
67,alpha_bar,right_band_mean,0.5652892883798036,0.5749893188476562,1.0171594096460845,0.9831300684205881
67,alpha_bar,tip_2l0_integral,0.0006458933067107793,0.0006343722343444824,0.9821625766259011,1.0181613755182743
67,alpha_bar,tip_2l0_mean,1.035085366670685,0.501876711845398,0.48486504399117,2.062429561365144
67,alpha_bar,tip_4l0_integral,0.0015702861662274716,0.002144507598131895,1.3656794820296734,0.7322362334343631
67,alpha_bar,tip_4l0_mean,0.6271110951156156,0.42617398500442505,0.6795829133366786,1.4714907929190097
67,alpha_bar,tip_l0_integral,0.00035938355741811325,0.0002067976165562868,0.5754231441248013,1.7378515449199827
67,alpha_bar,tip_l0_mean,2.139187673462926,0.6382641792297363,0.2983675472458719,3.3515709373578186
67,alpha_bar,top1_mean,6.0206137996249725,1.316551923751831,0.21867403682890935,4.573016598135975
67,fatigue_f,crack_strip_mean,0.7997565848197329,0.8369584206403937,1.0465164482878828,0.9555511541514857
67,fatigue_f,domain_mean,0.969717218117164,0.9510714771292677,0.9807719811100193,1.0196049838905663
67,fatigue_f,max,1.0,1.0,1.0,1.0
67,fatigue_f,p99,1.0,1.0,1.0,1.0
67,fatigue_f,p999,1.0,1.0,1.0,1.0
67,fatigue_f,right_band_mean,0.8792037254582773,0.8487119548966007,0.9653188792554501,1.0359271132988712
67,fatigue_f,tip_2l0_integral,0.0004884297319761454,0.0010231733658260115,2.094822036501215,0.47736751980622005
67,fatigue_f,tip_2l0_mean,0.7827399091500067,0.8094725491695303,1.034152647267664,0.9669752358533348
67,fatigue_f,tip_4l0_integral,0.0021857637529284985,0.004325810969748532,1.9790844110909909,0.5052841578640598
67,fatigue_f,tip_4l0_mean,0.8729088558782137,0.8596603450625926,0.9848225725671073,1.0154113318029767
67,fatigue_f,tip_l0_integral,0.00011224661550643522,0.00024378411504171463,2.1718616097403687,0.46043449339276415
67,fatigue_f,tip_l0_mean,0.6681345635408213,0.7524200561944381,1.1261504751482103,0.8879808001398677
67,fatigue_f,top1_mean,1.0,1.0,1.0,1.0
68,damage_alpha,crack_strip_mean,0.37503130475658436,0.3419506549835205,0.911792297460248,1.0967410042675838
68,damage_alpha,domain_mean,0.014987904252677313,0.01230113860219717,0.8207377358979191,1.2184160131323327
68,damage_alpha,max,1.0254613161087036,1.0006462335586548,0.975801054452045,1.024799056567472
68,damage_alpha,p99,1.0060546875,0.9480838179588318,0.9423780135797357,1.061145300070595
68,damage_alpha,p999,1.010962544918061,1.000137448310852,0.9892922871755983,1.0108236089204456
68,damage_alpha,right_band_mean,0.0024588876446266505,-0.001410124241374433,-0.5734805510353206,-1.743738298002734
68,damage_alpha,tip_2l0_integral,0.00028207930143624605,0.0005785884568467736,2.051155309520443,0.4875301228329699
68,damage_alpha,tip_2l0_mean,0.4520501360267071,0.4577440023422241,1.0125956522556618,0.9875610247509914
68,damage_alpha,tip_4l0_integral,0.0005901767748814422,0.0012149803806096315,2.058671964605356,0.48575004526847887
68,damage_alpha,tip_4l0_mean,0.2356936025851034,0.24145078659057617,1.0244265603407456,0.976155869745684
68,damage_alpha,tip_l0_integral,0.00011982496869113483,0.00022831442765891552,1.9053994351329817,0.5248243394856512
68,damage_alpha,tip_l0_mean,0.7132438051386418,0.7046741247177124,0.9879849213422,1.0121611963889867
68,damage_alpha,top1_mean,1.0080145049095153,0.9964689612388611,0.9885462524453549,1.0115864558955254
68,psi_plus_raw,crack_strip_mean,63.63224972160883,88.22984313964844,1.3865586007984019,0.7212100515796336
68,psi_plus_raw,domain_mean,2.5460505323679015,3.5307559967041016,1.3867580206353545,0.7211063394764732
68,psi_plus_raw,max,2237.53125,2681.710693359375,1.1985131798089412,0.834367128244191
68,psi_plus_raw,p99,512.7172973632817,0.46983644366264343,0.0009163655021565318,1091.267619357829
68,psi_plus_raw,p999,2185.7450776367205,2601.959228515625,1.1904220922821087,0.8400381734204391
68,psi_plus_raw,right_band_mean,0.016579401379302985,0.008191896602511406,0.4941008674015106,2.023878252347595
68,psi_plus_raw,tip_2l0_integral,0.06640226010027281,0.1800445020198822,2.7114212942149916,0.36881026277014584
68,psi_plus_raw,tip_2l0_mean,106.41387212026052,142.4402618408203,1.3385497492267326,0.7470772009614812
68,psi_plus_raw,tip_4l0_integral,0.1285094746202285,0.3550921082496643,2.7631589756244304,0.36190462033550413
68,psi_plus_raw,tip_4l0_mean,51.32167568885637,70.5667953491211,1.3749900875595042,0.7272779702542574
68,psi_plus_raw,tip_l0_integral,0.032529903687264675,0.09018868207931519,2.7724853705799224,0.36068720528210735
68,psi_plus_raw,tip_l0_mean,193.63036385599963,278.360107421875,1.4375850041209848,0.6956110401356425
68,psi_plus_raw,top1_mean,1120.6318334960938,1960.54931640625,1.7495035013326559,0.5715907394516594
68,psi_plus_active,crack_strip_mean,0.005651749986991429,0.003851909190416336,0.6815427432710636,1.467259405038195
68,psi_plus_active,domain_mean,0.000986229696747731,0.0017198233399540186,1.7438364973448315,0.5734482570599949
68,psi_plus_active,max,0.34705163273577716,0.3768942058086395,1.085988856579109,0.9208197615857902
68,psi_plus_active,p99,0.04202661441001504,0.033460069447755814,0.7961638099447336,1.2560229283335749
68,psi_plus_active,p999,0.13601409511611048,0.10139157623052597,0.7454490370573102,1.3414733272009307
68,psi_plus_active,right_band_mean,0.010283545882002532,0.008215059526264668,0.7988547550161692,1.2517920106512472
68,psi_plus_active,tip_2l0_integral,5.644939652652985e-06,3.3250319120270433e-07,0.058902877915875666,16.977099173799065
68,psi_plus_active,tip_2l0_mean,0.009046377117539327,0.0002630563103593886,0.029078636336016647,34.389508106382735
68,psi_plus_active,tip_4l0_integral,1.1016429017662325e-05,2.409895841992693e-06,0.21875471971261976,4.571329941194914
68,psi_plus_active,tip_4l0_mean,0.004399532399961867,0.0004789140948560089,0.1088556808583021,9.186475084398252
68,psi_plus_active,tip_l0_integral,3.891198752609761e-06,5.267577307677129e-08,0.01353715819358817,73.87074788515412
68,psi_plus_active,tip_l0_mean,0.023161895514581986,0.00016257954121101648,0.0070192675339832014,142.46500723310274
68,psi_plus_active,top1_mean,0.0769688953780441,0.059956178069114685,0.7789663314593649,1.2837525315459226
68,alpha_bar,crack_strip_mean,0.6822934990500462,0.38938015699386597,0.5706930485722024,1.7522554418734662
68,alpha_bar,domain_mean,0.23339804775096423,0.24581560492515564,1.0532033463597816,0.9494842600494292
68,alpha_bar,max,19.063993453979492,9.840360641479492,0.5161752003972377,1.9373267046352107
68,alpha_bar,p99,5.412383375167847,1.0521519184112549,0.1943971528769663,5.144108260849369
68,alpha_bar,p999,7.630981029033804,1.5923105478286743,0.20866393741124062,4.7923949504948355
68,alpha_bar,right_band_mean,0.5755772589261383,0.5832043886184692,1.0132512700494125,0.986922029667166
68,alpha_bar,tip_2l0_integral,0.0006590832574789101,0.0006347047165036201,0.9630114394522151,1.0384092639323421
68,alpha_bar,tip_2l0_mean,1.0562231070456791,0.5021397471427917,0.4754106815058302,2.10344453522283
68,alpha_bar,tip_4l0_integral,0.0015969911880182631,0.0021469173952937126,1.3443514349993775,0.7438531130815976
68,alpha_bar,tip_4l0_mean,0.6377760400285187,0.4266528785228729,0.6689697507353753,1.4948359008770344
68,alpha_bar,tip_l0_integral,0.00036795691021018827,0.0002068502944894135,0.5621590157696842,1.778856110011582
68,alpha_bar,tip_l0_mean,2.1902195313053228,0.6384267807006836,0.29148985824274665,3.4306510903278866
68,alpha_bar,top1_mean,6.173607739342583,1.3197444677352905,0.2137719990411681,4.6778811279554935
68,fatigue_f,crack_strip_mean,0.7964401623709422,0.8333679662361547,1.046366074452199,0.955688476925752
68,fatigue_f,domain_mean,0.9688648359350672,0.949174304619339,0.9796766993852919,1.0207449055667652
68,fatigue_f,max,1.0,1.0,1.0,1.0
68,fatigue_f,p99,1.0,1.0,1.0,1.0
68,fatigue_f,p999,1.0,1.0,1.0,1.0
68,fatigue_f,right_band_mean,0.8723611534317427,0.8418036190306422,0.9649714636181453,1.0363000748752877
68,fatigue_f,tip_2l0_integral,0.0004880520010971665,0.00102303960641716,2.096169269088772,0.4770607100993858
68,fatigue_f,tip_2l0_mean,0.7821345712384532,0.8093667268589867,1.0348177367705578,0.9663537495219049
68,fatigue_f,tip_4l0_integral,0.0021846803177497055,0.004325116225109324,1.979747878886161,0.5051148232888203
68,fatigue_f,tip_4l0_mean,0.8724761740931528,0.8595222797563533,0.9851527242560363,1.0150710396250247
68,fatigue_f,tip_l0_integral,0.00011212668660658557,0.00024376375729886042,2.1740030377794413,0.45998095799415933
68,fatigue_f,tip_l0_mean,0.6674207010978831,0.7523572236591035,1.1272608452532307,0.8871061247366908
68,fatigue_f,top1_mean,1.0,1.0,1.0,1.0
69,damage_alpha,crack_strip_mean,0.3907263714718333,0.3452558219432831,0.8836255936417434,1.1317010362710695
69,damage_alpha,domain_mean,0.015616026379374587,0.012414241209626198,0.7949679968537157,1.2579122731452708
69,damage_alpha,max,1.0253653526306152,1.000632405281067,0.9758788930344731,1.0247173159883836
69,damage_alpha,p99,1.0060573816299438,0.9485300779342651,0.9428190630613167,1.0606488977354975
69,damage_alpha,p999,1.0110494563579566,1.0001437664031982,0.9892134950608219,1.0109041223083142
69,damage_alpha,right_band_mean,0.014911115442060743,-0.001427626353688538,-0.0957424251214326,-10.44469051971134
69,damage_alpha,tip_2l0_integral,0.00028214009823150546,0.0005789739079773426,2.0520794867742445,0.4873105581168031
69,damage_alpha,tip_2l0_mean,0.4521475667826224,0.458048939704895,1.0130518736709464,0.9871162829760622
69,damage_alpha,tip_4l0_integral,0.000590277580940155,0.0012159824836999178,2.0600180710966214,0.48543263480580257
69,damage_alpha,tip_4l0_mean,0.2357338605961802,0.24164992570877075,1.025096373926209,0.9755180346311366
69,damage_alpha,tip_l0_integral,0.00011983515101218074,0.0002283854119013995,1.9058298835721839,0.5247058032932375
69,damage_alpha,tip_l0_mean,0.7133044141877178,0.704893171787262,0.9882080606356064,1.0119326484311504
69,damage_alpha,top1_mean,1.0080254085858662,0.9969192147254944,0.9889822282595511,1.0111405153961548
69,psi_plus_raw,crack_strip_mean,83.95901524195709,89.13762664794922,1.0616802304203803,0.9419031939626893
69,psi_plus_raw,domain_mean,3.358790795986765,3.567002534866333,1.061990088554592,0.9416283737271383
69,psi_plus_raw,max,2433.656005859375,2673.60107421875,1.0985944882027998,0.9102539751823338
69,psi_plus_raw,p99,500.14542022705086,0.5899400115013123,0.001179536965935822,847.7903015160014
69,psi_plus_raw,p999,2422.51340991211,2596.7958984375,1.071942837472967,0.9328855653883864
69,psi_plus_raw,right_band_mean,4.829331763412446,0.008202078752219677,0.0016983879248801122,588.7936350410577
69,psi_plus_raw,tip_2l0_integral,0.06683979876089037,0.18102020025253296,2.708269677772465,0.3692394476839891
69,psi_plus_raw,tip_2l0_mean,107.11505583009688,143.21217346191406,1.3369938740364706,0.7479465833159995
69,psi_plus_raw,tip_4l0_integral,0.12968443528974138,0.3572303056716919,2.7546120309161757,0.3630275293858362
69,psi_plus_raw,tip_4l0_mean,51.79090918783459,70.99171447753906,1.3707369805010998,0.7295345600396878
69,psi_plus_raw,tip_l0_integral,0.032716084123138624,0.09065581858158112,2.7709862292921636,0.3608823419723185
69,psi_plus_raw,tip_l0_mean,194.73858064900705,279.8018798828125,1.436807636937243,0.6959873919738069
69,psi_plus_raw,top1_mean,1543.8132742648654,1980.7166748046875,1.2830027489871578,0.7794215568044814
69,psi_plus_active,crack_strip_mean,0.0031379523225738082,0.0037972452118992805,1.2101029020048042,0.8263760035144763
69,psi_plus_active,domain_mean,0.0005551602970333848,0.0016532078152522445,2.977892734920898,0.33580793165357686
69,psi_plus_active,max,0.270735488020634,0.3890300393104553,1.4369377363665214,0.6959243777177335
69,psi_plus_active,p99,0.02435923775827007,0.03331826254725456,1.3677875669957227,0.7311076837731828
69,psi_plus_active,p999,0.06203549346700562,0.10333318263292313,1.665710657849159,0.6003443607014229
69,psi_plus_active,right_band_mean,0.005185242201793853,0.008225614205002785,1.5863510102106908,0.6303775101244367
69,psi_plus_active,tip_2l0_integral,5.711771734043248e-06,3.248949269618606e-07,0.05688163709789468,17.580366020038696
69,psi_plus_active,tip_2l0_mean,0.009153479805789016,0.00025703711435198784,0.028080808589256687,35.611510146562715
69,psi_plus_active,tip_4l0_integral,1.0933415130152949e-05,2.3192624212242663e-06,0.2121260734743383,4.714177675668775
69,psi_plus_active,tip_4l0_mean,0.00436637988863912,0.00046090269461274147,0.10555716780666836,9.473539512082542
69,psi_plus_active,tip_l0_integral,3.893430620865707e-06,5.290324978091121e-08,0.013587823935372485,73.59530155500111
69,psi_plus_active,tip_l0_mean,0.023175180443631645,0.0001632816274650395,0.007045538560624583,141.933791348287
69,psi_plus_active,top1_mean,0.04129215636160267,0.06002861261367798,1.453753397812332,0.6878745745357095
69,alpha_bar,crack_strip_mean,0.6919398047328703,0.39317741990089417,0.5682248906791595,1.759866588745822
69,alpha_bar,domain_mean,0.23421355494181018,0.24746882915496826,1.0565948209805847,0.9464365905862938
69,alpha_bar,max,19.53220558166504,9.938153266906738,0.5088085534096427,1.9653757652043597
69,alpha_bar,p99,5.52142481803894,1.0540506839752197,0.19090193540832995,5.23829157552043
69,alpha_bar,p999,7.839308053970435,1.5923300981521606,0.20312125600749684,4.923167666721654
69,alpha_bar,right_band_mean,0.5813858687239729,0.5914300084114075,1.0172762019645911,0.9830171963806617
69,alpha_bar,tip_2l0_integral,0.0006723349876863341,0.0006350296316668391,0.944513736897924,1.0587458508378185
69,alpha_bar,tip_2l0_mean,1.0774598529265504,0.502396821975708,0.46627892502084345,2.1446390697484308
69,alpha_bar,tip_4l0_integral,0.001623629322959522,0.002149236621335149,1.323723704014879,0.7554446573457747
69,alpha_bar,tip_4l0_mean,0.6484142729405384,0.42711377143859863,0.6587050736894656,1.518130100925003
69,alpha_bar,tip_l0_integral,0.000376533395144382,0.00020690320525318384,0.5494949662402365,1.819852885718347
69,alpha_bar,tip_l0_mean,2.2412700328493393,0.6385900974273682,0.2849233193982989,3.509716235623676
69,alpha_bar,top1_mean,6.324099834230211,1.3227968215942383,0.2091676058676979,4.780855027008901
69,fatigue_f,crack_strip_mean,0.7945322399288399,0.829821010907375,1.044414523672061,0.95747423779985
69,fatigue_f,domain_mean,0.9683630206099662,0.947334159479735,0.9782841138264602,1.0221979339811624
69,fatigue_f,max,1.0,1.0,1.0,1.0
69,fatigue_f,p99,1.0,1.0,1.0,1.0
69,fatigue_f,p999,1.0,1.0,1.0,1.0
69,fatigue_f,right_band_mean,0.8675764962882221,0.8346410438609991,0.9620374081500229,1.03946061923203
69,fatigue_f,tip_2l0_integral,0.00048767120871129804,0.0010229048797143333,2.097529773015356,0.4767512780342684
69,fatigue_f,tip_2l0_mean,0.7815243270661468,0.8092601392842697,1.0354893779471248,0.9657269512339344
69,fatigue_f,tip_4l0_integral,0.002183655163917921,0.0043244604839912226,1.9803770098169997,0.5049543571970707
69,fatigue_f,tip_4l0_mean,0.8720667676066544,0.8593919655471101,0.9854657893978351,1.0147485694161398
69,fatigue_f,tip_l0_integral,0.00011201583168686562,0.00024374221562895,2.1759622006853334,0.4595668066683528
69,fatigue_f,tip_l0_mean,0.6667608504371814,0.7522907370281687,1.1282767075105071,0.8863074043303224
69,fatigue_f,top1_mean,1.0,1.0,1.0,1.0
