authorization_scope,case_id,cycle,substep_ordinal,stagger_iteration,reassembly_ordinal,displacement_residual,raw_phase_residual,projected_phase_kkt,consecutive_stagger_delta,primal_feasibility
production_authorized,T2_material_state,5,4,1,1,0.00017862210157072831,0.0060310560001925681,5.4916164515805832e-06,0.043277542540233527,0
production_authorized,T2_material_state,5,4,2,2,0.00014075979261851006,0.006031045955929985,5.5057038665928815e-06,0.036535490688386352,0
production_authorized,T2_material_state,5,4,3,3,0.000131851305800213,0.0060310343829838627,5.5222096865259473e-06,0.032653481775509752,0
production_authorized,T2_material_state,5,4,4,4,0.00012871614753116515,0.0060310230265093337,5.5383212437254414e-06,0.030662467041603358,0
production_authorized,T2_material_state,5,4,5,5,0.00011985751299107204,0.006031012113679882,5.5528566290652392e-06,0.030242729624368248,0
production_authorized,T2_material_state,5,4,6,6,0.00011650636860137238,0.0060310014294892595,5.568141579370689e-06,0.028582111857910264,0
production_authorized,T2_material_state,5,4,7,7,0.00011016151442222561,0.0060309910476207028,5.5819988543648336e-06,0.026976690352542798,0
production_authorized,T2_material_state,5,4,8,8,0.00010424321588462761,0.0060309811182415072,5.5953414448417504e-06,0.025656321562430029,0
production_authorized,T2_material_state,5,4,9,9,9.9270134685125672e-05,0.0060309715331650637,5.6087717660302516e-06,0.024084163855820795,0
production_authorized,T2_material_state,5,4,10,10,9.5532106436062606e-05,0.0060309623139502859,5.6204509988333484e-06,0.02314355863511286,0
production_authorized,T2_material_state,5,4,11,11,9.2648123684314931e-05,0.0060309541731911453,5.6324491840564761e-06,0.022014910905601481,0
production_authorized,T2_material_state,5,4,12,12,9.3174081865522512e-05,0.0060309467884527481,5.6425267869197882e-06,0.021094535550942539,0
production_authorized,T2_material_state,5,4,13,13,8.7720157960183433e-05,0.0060309390362800449,5.6524075409125629e-06,0.020264606899107473,0
production_authorized,T2_material_state,5,4,14,14,8.5561221124135607e-05,0.0060309328636967297,5.6616905549367047e-06,0.019571764119505286,0
production_authorized,T2_material_state,5,4,15,15,8.2001700924627018e-05,0.0060309264033806681,5.6699240771340698e-06,0.020625112581892396,0
production_authorized,T2_material_state,5,4,16,16,7.9010062917948294e-05,0.0060309180023767226,5.6795370498852193e-06,0.027497960670446634,0
production_authorized,T2_material_state,5,4,17,17,7.4113835623823758e-05,0.0060309106053335858,5.6897074429684835e-06,0.017046181005693106,0
production_authorized,T2_material_state,5,4,18,18,7.1960462916844094e-05,0.0060309041705488746,5.6981191276506138e-06,0.016364665211928586,0
production_authorized,T2_material_state,5,4,19,19,6.7927425470576646e-05,0.0060308974967110424,5.7064427151365393e-06,0.016056955432427023,0
production_authorized,T2_material_state,5,4,20,20,6.9991706756879557e-05,0.0060308909763153373,5.7151435421953778e-06,0.020833931856233355,0
production_authorized,T2_material_state,5,4,21,21,6.3594635303868975e-05,0.0060308853036288171,5.7224735950933692e-06,0.014818962375618971,0
production_authorized,T2_material_state,5,4,22,22,6.4328657714418489e-05,0.0060308799804325523,5.7300703885099225e-06,0.016617910333357296,0
production_authorized,T2_material_state,5,4,23,23,6.7819810891286148e-05,0.0060308753394790089,5.7372840783775914e-06,0.024400343303103051,0
production_authorized,T2_material_state,5,4,24,24,9.1540067596550625e-05,0.0060308715146055085,5.7433566509335066e-06,0.044196563552110747,0
production_authorized,T2_material_state,5,4,25,25,7.2823214833044045e-05,0.0060308653307425851,5.7488011810935546e-06,0.042219918279211267,0
production_authorized,T2_material_state,5,4,26,26,6.282420205207156e-05,0.0060308597117691275,5.7570327463007942e-06,0.02187880127698786,0
production_authorized,T2_material_state,5,4,27,27,5.5687463546096572e-05,0.0060308546275184491,5.7622310394300769e-06,0.020256702518129933,0
production_authorized,T2_material_state,5,4,28,28,6.245998221872185e-05,0.0060308502209780136,5.7694340397373978e-06,0.024503692528370889,0
production_authorized,T2_material_state,5,4,29,29,6.1013911426623484e-05,0.006030845692783034,5.7747339446967416e-06,0.019525460164613866,0
production_authorized,T2_material_state,5,4,30,30,5.8698627289313259e-05,0.0060308395264596923,5.7811504333704633e-06,0.035657675462473483,0
production_authorized,T2_material_state,5,4,31,31,4.8346674257681969e-05,0.0060308344235151133,5.7880205959204289e-06,0.01119079368861875,0
production_authorized,T2_material_state,5,4,32,32,5.2791774207382275e-05,0.0060308302231305124,5.7940623005015013e-06,0.01871024317803506,0
production_authorized,T2_material_state,5,4,33,33,7.3970649212445099e-05,0.0060308280181384493,5.7992916971949526e-06,0.038267952192554223,0
production_authorized,T2_material_state,5,4,34,34,5.9978182003218426e-05,0.0060308242102151514,5.8035095449326946e-06,0.032552061146162582,0
production_authorized,T2_material_state,5,4,35,35,5.8358257569726174e-05,0.0060308185803466408,5.8084275449399314e-06,0.03101444955232241,0
production_authorized,T2_material_state,5,4,36,36,5.0175176817455961e-05,0.0060308132896400978,5.8149218112868439e-06,0.023366746081368774,0
production_authorized,T2_material_state,5,4,37,37,4.4476772538104443e-05,0.0060308087849977,5.8206299515806137e-06,0.012782198133995002,0
production_authorized,T2_material_state,5,4,38,38,4.7357136289661171e-05,0.0060308040957944608,5.8259366639834553e-06,0.019698287803624506,0
production_authorized,T2_material_state,5,4,39,39,4.6449166406310059e-05,0.0060308007162146824,5.8315054715096792e-06,0.017351013199632486,0
production_authorized,T2_material_state,5,4,40,40,4.6537990725311839e-05,0.0060307970574981279,5.8359239001326557e-06,0.014883316092047991,0
production_authorized,T2_material_state,5,4,41,41,4.5823627782310218e-05,0.0060307929932035707,5.8409049710217431e-06,0.01680445445627363,0
production_authorized,T2_material_state,5,4,42,42,5.5371486315928936e-05,0.0060307897373665124,5.8455624460940214e-06,0.026502021219025083,0
production_authorized,T2_material_state,5,4,43,43,5.8352897810700987e-05,0.0060307861559397444,5.8498776237536632e-06,0.032050208839293048,0
production_authorized,T2_material_state,5,4,44,44,4.0744944267997969e-05,0.0060307818429086273,5.8545947684285338e-06,0.0091245259847563265,0
production_authorized,T2_material_state,5,4,45,45,4.6167793969246259e-05,0.0060307771495710242,5.8594546901158395e-06,0.032242317636872922,0
production_authorized,T2_material_state,5,4,46,46,4.0186567429452876e-05,0.006030773204152593,5.8646424864194913e-06,0.011241504082447663,0
production_authorized,T2_material_state,5,4,47,47,3.9366086072307263e-05,0.0060307698173703763,5.8692601084819884e-06,0.008493597872788472,0
production_authorized,T2_material_state,5,4,48,48,4.3574199726204705e-05,0.0060307668192643472,5.873786011245663e-06,0.017841709850090464,0
production_authorized,T2_material_state,5,4,49,49,4.1126284974685104e-05,0.006030762919541373,5.8776688047768033e-06,0.016013596755072908,0
production_authorized,T2_material_state,5,4,50,50,4.0679541084989634e-05,0.006030759324305148,5.8824531331547192e-06,0.012587784048421584,0
production_authorized,T2_material_state,5,4,51,51,4.2651957627290375e-05,0.0060307553042635602,5.886774167684905e-06,0.023009679558171032,0
production_authorized,T2_material_state,5,4,52,52,4.1676289415552415e-05,0.0060307515580637393,5.8916369779504763e-06,0.011657492121309468,0
production_authorized,T2_material_state,5,4,53,53,5.066261014580365e-05,0.0060307488345145302,5.8959560124138832e-06,0.027070729370901367,0
production_authorized,T2_material_state,5,4,54,54,5.8529804782600961e-05,0.0060307461670584791,5.8994005582846398e-06,0.028737009879965046,0
production_authorized,T2_material_state,5,4,55,55,4.4568320141953248e-05,0.006030742393390548,5.9036566576464722e-06,0.019396013765054027,0
production_authorized,T2_material_state,5,4,56,56,4.6270106510542352e-05,0.006030739319113923,5.9083740406862262e-06,0.026323295626103208,0
production_authorized,T2_material_state,5,4,57,57,4.5461469516502646e-05,0.0060307343610848194,5.912487830883606e-06,0.032821162481971373,0
production_authorized,T2_material_state,5,4,58,58,4.1221043507492697e-05,0.0060307307103846901,5.9177393221254704e-06,0.011039984022342995,0
production_authorized,T2_material_state,5,4,59,59,3.9077002687216185e-05,0.0060307267859395506,5.9216628649494396e-06,0.013195654196763419,0
production_authorized,T2_material_state,5,4,60,60,3.7694002520364704e-05,0.0060307229373707102,5.926408016332374e-06,0.0080829072187881268,0
production_authorized,T2_material_state,5,4,61,61,5.2930665290602912e-05,0.0060307210787342753,5.9308340618624555e-06,0.033093695013765981,0
production_authorized,T2_material_state,5,4,62,62,4.2876550705565901e-05,0.0060307183027464373,5.9332160062819383e-06,0.026001960757721647,0
production_authorized,T2_material_state,5,4,63,63,4.2918871071013895e-05,0.0060307145070963046,5.937907805009246e-06,0.017926363523650467,0
production_authorized,T2_material_state,5,4,64,64,4.0013926937485391e-05,0.0060307098621665452,5.9421872586895574e-06,0.01849245338082018,0
production_authorized,T2_material_state,5,4,65,65,3.7891849952630095e-05,0.0060307058193902171,5.9471895706986189e-06,0.0077379984535100865,0
production_authorized,T2_material_state,5,4,66,66,7.3295384954977694e-05,0.0060307051416821963,5.9515715031821514e-06,0.049818877524235597,0
production_authorized,T2_material_state,5,4,67,67,5.4448638470455011e-05,0.0060307030068722763,5.9534157498264406e-06,0.037358538778720883,0
production_authorized,T2_material_state,5,4,68,68,4.433611118371259e-05,0.0060306980234948113,5.9571133453895087e-06,0.022790542415319158,0
production_authorized,T2_material_state,5,4,69,69,3.6871194115955087e-05,0.0060306938179864262,5.9621842132262515e-06,0.0079183601097354561,0
production_authorized,T2_material_state,5,4,70,70,3.9166403765235416e-05,0.006030689731407868,5.9666234367705684e-06,0.017255722382963003,0
production_authorized,T2_material_state,5,4,71,71,4.4258008410492106e-05,0.0060306864460319002,5.9712892859220545e-06,0.01206079434264351,0
production_authorized,T2_material_state,5,4,72,72,3.9397306328592615e-05,0.006030682787592335,5.9746895730850014e-06,0.0127618303482584,0
production_authorized,T2_material_state,5,4,73,73,4.197596864048512e-05,0.006030679642001692,5.979390813370955e-06,0.017364477160562237,0
production_authorized,T2_material_state,5,4,74,74,3.6968770178497193e-05,0.0060306761446747787,5.98277173957662e-06,0.013312437923888063,0
production_authorized,T2_material_state,5,4,75,75,3.8114026277163288e-05,0.0060306732961418717,5.9870602568956599e-06,0.0093974306073803509,0
production_authorized,T2_material_state,5,4,76,76,4.2563139949301678e-05,0.0060306707028282835,5.9908044346412836e-06,0.017807027222513573,0
production_authorized,T2_material_state,5,4,77,77,3.9819218161694499e-05,0.0060306676889384098,5.9943327193057172e-06,0.014238513175717421,0
production_authorized,T2_material_state,5,4,78,78,4.1320259213560112e-05,0.0060306639279911235,5.9981993353330765e-06,0.018552624252321896,0
production_authorized,T2_material_state,5,4,79,79,5.6491190843911121e-05,0.0060306631529801012,6.0026520108946713e-06,0.039834724138307437,0
production_authorized,T2_material_state,5,4,80,80,5.6122550491514747e-05,0.0060306587376339049,6.0055711619266816e-06,0.036741936923162542,0
production_authorized,T2_material_state,5,4,81,81,4.3365175884431249e-05,0.0060306561959526037,6.0094690514933546e-06,0.023053092966962174,0
production_authorized,T2_material_state,5,4,82,82,5.1204494706666162e-05,0.0060306536320647473,6.0135322199617036e-06,0.028080438013713009,0
production_authorized,T2_material_state,5,4,83,83,3.9074293228195596e-05,0.0060306505048410494,6.0169321816072596e-06,0.016851782039893241,0
production_authorized,T2_material_state,5,4,84,84,4.1654970483839576e-05,0.0060306474755122512,6.0207897145669875e-06,0.016665097800436367,0
production_authorized,T2_material_state,5,4,85,85,5.3545119221786452e-05,0.0060306446696196765,6.0244737813963667e-06,0.032000749232115128,0
production_authorized,T2_material_state,5,4,86,86,4.3588700479928317e-05,0.006030641400589714,6.0276105779966116e-06,0.029871426427985057,0
production_authorized,T2_material_state,5,4,87,87,4.2433606530089864e-05,0.0060306367088936719,6.0318254609947886e-06,0.018484891868339726,0
production_authorized,T2_material_state,5,4,88,88,3.8160890612258137e-05,0.0060306332887315236,6.0367561247609558e-06,0.01378422785415513,0
production_authorized,T2_material_state,5,4,89,89,4.483891835658981e-05,0.0060306286266526704,6.0408042110715598e-06,0.029876708174973871,0
production_authorized,T2_material_state,5,4,90,90,3.6366237050195334e-05,0.006030625210635702,6.0453381336422751e-06,0.0074565327210892596,0
production_authorized,T2_material_state,5,4,91,91,3.7964148802498797e-05,0.0060306223787023171,6.0492578698445598e-06,0.014615475271634239,0
production_authorized,T2_material_state,5,4,92,92,4.2087334737616191e-05,0.0060306184336683544,6.0529619035909477e-06,0.016335668253707376,0
production_authorized,T2_material_state,5,4,93,93,4.2602009553975208e-05,0.0060306153799642879,6.0571906144168963e-06,0.017809371234048396,0
production_authorized,T2_material_state,5,4,94,94,4.7993602499385296e-05,0.0060306138053244215,6.0610460282939371e-06,0.033013606379441771,0
production_authorized,T2_material_state,5,4,95,95,4.0908403554927595e-05,0.0060306099696471006,6.063886525242701e-06,0.018961898533723518,0
production_authorized,T2_material_state,5,4,96,96,4.5051739411592236e-05,0.006030607653015164,6.0680697306914055e-06,0.020471758402622664,0
production_authorized,T2_material_state,5,4,97,97,5.0960988721836811e-05,0.0060306043016407412,6.0714194130007115e-06,0.029784460349050867,0
production_authorized,T2_material_state,5,4,98,98,4.2359503494148242e-05,0.0060306011822904328,6.0751629854527422e-06,0.020563116822857976,0
production_authorized,T2_material_state,5,4,99,99,4.3432755493377453e-05,0.006030596902100744,6.0791750106092834e-06,0.029600099208868431,0
production_authorized,T2_material_state,5,4,100,100,5.6067926648886106e-05,0.0060305952312221132,6.0834391051312053e-06,0.033548263844658005,0
production_authorized,T2_material_state,5,4,101,101,3.7668128685282691e-05,0.0060305925872258907,6.0861184572047478e-06,0.0075483380276633039,0
production_authorized,T2_material_state,5,4,102,102,4.1921242757105027e-05,0.0060305888911349964,6.0896656309816777e-06,0.025676476816321198,0
production_authorized,T2_material_state,5,4,103,103,4.442227625320586e-05,0.006030583903754637,6.0939857061681479e-06,0.020266383841055668,0
production_authorized,T2_material_state,5,4,104,104,4.4386067328079525e-05,0.0060305798544648872,5.9383675359292454e-06,0.016320533723993592,0
production_authorized,T2_material_state,5,4,105,105,4.5539868650194084e-05,0.0060305769579207967,5.9391219197069134e-06,0.023536857400141185,0
production_authorized,T2_material_state,5,4,106,106,4.7215451629657122e-05,0.0060305737920878103,5.939876910443509e-06,0.032008822010886763,0
production_authorized,T2_material_state,5,4,107,107,3.8042249112819009e-05,0.0060305692459871572,5.9408268124894192e-06,0.009817493706718361,0
production_authorized,T2_material_state,5,4,108,108,5.0712082257166524e-05,0.0060305674291273549,5.9417021378571633e-06,0.030984541694123659,0
production_authorized,T2_material_state,5,4,109,109,3.9287701855017679e-05,0.0060305643773300105,5.9422714850931868e-06,0.020659823760723995,0
production_authorized,T2_material_state,5,4,110,110,4.4776230845789139e-05,0.0060305611044046041,5.9430929039150371e-06,0.029568464005782544,0
production_authorized,T2_material_state,5,4,111,111,3.8486932517060976e-05,0.0060305573858919995,5.9438393955613122e-06,0.018511680148101228,0
production_authorized,T2_material_state,5,4,112,112,4.5601750421714297e-05,0.0060305549201332244,5.9446460534129386e-06,0.019770811996418398,0
production_authorized,T2_material_state,5,4,113,113,5.0060406354078816e-05,0.0060305505962210439,5.9453626398697779e-06,0.036713962679705552,0
production_authorized,T2_material_state,5,4,114,114,3.700995943839061e-05,0.0060305469200118275,5.9463414283644767e-06,0.010980322816748555,0
production_authorized,T2_material_state,5,4,115,115,4.5365705774678646e-05,0.0060305443267931547,5.9471927374987743e-06,0.024548451926033242,0
production_authorized,T2_material_state,5,4,116,116,4.3124624937663354e-05,0.006030541988057754,5.9478228807696709e-06,0.017296523162765698,0
production_authorized,T2_material_state,5,4,117,117,4.1662940712216812e-05,0.006030538213204175,5.9485408784309968e-06,0.020597476986062332,0
production_authorized,T2_material_state,5,4,118,118,3.8595321034761646e-05,0.0060305346494469803,5.9494524989878173e-06,0.007668225593436051,0
production_authorized,T2_material_state,5,4,119,119,3.8728891937661735e-05,0.0060305308473631155,5.9502198137550977e-06,0.017241160732596295,0
production_authorized,T2_material_state,5,4,120,120,5.734063800595854e-05,0.0060305277827270107,5.9510910623838953e-06,0.034608095385883123,0
production_authorized,T2_material_state,5,4,121,121,4.7084158300041138e-05,0.0060305239907934658,5.9517337763770328e-06,0.035362173373463313,0
production_authorized,T2_material_state,5,4,122,122,3.8678184707700745e-05,0.0060305201599051344,5.9527201587972201e-06,0.019249873368256516,0
production_authorized,T2_material_state,5,4,123,123,3.7797915027142738e-05,0.0060305171086915254,5.9535204767202643e-06,0.010249216572200784,0
production_authorized,T2_material_state,5,4,124,124,3.8074840470693864e-05,0.0060305133811767971,5.9542843831028591e-06,0.014534164998001468,0
production_authorized,T2_material_state,5,4,125,125,4.144394658221262e-05,0.0060305098333790557,5.9551607469732204e-06,0.019112823340390654,0
production_authorized,T2_material_state,5,4,126,126,4.1572036259591705e-05,0.0060305067418506622,5.9559380846119225e-06,0.020914542937454275,0
production_authorized,T2_material_state,5,4,127,127,4.4523889882072307e-05,0.0060305037677920986,5.9566714871728266e-06,0.027095152942965245,0
production_authorized,T2_material_state,5,4,128,128,4.7620341277687576e-05,0.0060305013783099907,5.9574468226353261e-06,0.022503766295533745,0
production_authorized,T2_material_state,5,4,129,129,4.1778805318974733e-05,0.0060304986175693694,5.9580768846378973e-06,0.018574364828019364,0
production_authorized,T2_material_state,5,4,130,130,4.2776720675631136e-05,0.0060304943714258362,5.9588560131773605e-06,0.020711343291021624,0
production_authorized,T2_material_state,5,4,131,131,4.2853565855728096e-05,0.0060304912361031715,5.9598188186793521e-06,0.022366563446515109,0
production_authorized,T2_material_state,5,4,132,132,3.9796702816840976e-05,0.0060304877036886544,5.9605108094773485e-06,0.02262788411195564,0
production_authorized,T2_material_state,5,4,133,133,4.6924690424960442e-05,0.0060304849846653102,5.9613716505424463e-06,0.026807219872769315,0
production_authorized,T2_material_state,5,4,134,134,4.6726506296814491e-05,0.0060304829082464123,5.9620182309982894e-06,0.031838483936215869,0
production_authorized,T2_material_state,5,4,135,135,4.1174072901045155e-05,0.0060304790674708137,5.9626576428550848e-06,0.030699006227875313,0
production_authorized,T2_material_state,5,4,136,136,4.6043322499737818e-05,0.0060304756294112943,5.9634788723839094e-06,0.033196213650310703,0
production_authorized,T2_material_state,5,4,137,137,3.7601248343665654e-05,0.0060304721864456613,5.9644535848057956e-06,0.0074250911050680601,0
production_authorized,T2_material_state,5,4,138,138,3.7630352826433425e-05,0.0060304689180171621,5.9652035444557328e-06,0.007498384577757089,0
production_authorized,T2_material_state,5,4,139,139,3.7932440620991898e-05,0.0060304650130035432,5.9660182213372437e-06,0.015984678494606278,0
production_authorized,T2_material_state,5,4,140,140,4.2897968640681112e-05,0.0060304607199333591,5.9668061075379697e-06,0.026554895894711175,0
production_authorized,T2_material_state,5,4,141,141,4.1768580121165912e-05,0.006030457836706987,5.9676793864316124e-06,0.022666174272341504,0
production_authorized,T2_material_state,5,4,142,142,4.2139107705518499e-05,0.0060304550864783207,5.9683609181515607e-06,0.012990047973495948,0
production_authorized,T2_material_state,5,4,143,143,3.9880871291971471e-05,0.0060304528355275069,5.9690422281599709e-06,0.013994290545741136,0
production_authorized,T2_material_state,5,4,144,144,4.3425600735346164e-05,0.0060304487077433161,5.9697206333808595e-06,0.022909771348226061,0
production_authorized,T2_material_state,5,4,145,145,4.1327885630478898e-05,0.0060304456601338293,5.9706069198695033e-06,0.021663863388141059,0
production_authorized,T2_material_state,5,4,146,146,4.2251972910741688e-05,0.006030442740314587,5.9713684045226145e-06,0.024619764649281232,0
production_authorized,T2_material_state,5,4,147,147,4.0917031292525803e-05,0.0060304393573606336,5.9720653473593899e-06,0.024632888416217254,0
production_authorized,T2_material_state,5,4,148,148,4.2963937777149021e-05,0.006030436549915536,5.9729188595092353e-06,0.024723601710393193,0
production_authorized,T2_material_state,5,4,149,149,3.9150262802770725e-05,0.006030433042988316,5.9735846583697239e-06,0.020519871114038839,0
production_authorized,T2_material_state,5,4,150,150,4.4378336535046074e-05,0.0060304306608665922,5.9743615884455537e-06,0.014659397215006613,0
production_authorized,T2_material_state,5,4,151,151,3.7645531476386273e-05,0.0060304277572697899,5.9750409704406593e-06,0.0079323703533072075,0
production_authorized,T2_material_state,5,4,152,152,4.0937632510528672e-05,0.0060304238788376945,5.9757789283576557e-06,0.024227647863655985,0
production_authorized,T2_material_state,5,4,153,153,3.8861020017972549e-05,0.0060304204832857819,5.9765638541486865e-06,0.014468147079160713,0
production_authorized,T2_material_state,5,4,154,154,4.360371305302105e-05,0.0060304157474479793,5.9772864200446918e-06,0.026724593445875969,0
production_authorized,T2_material_state,5,4,155,155,3.7789797138794616e-05,0.0060304113737235741,5.9782943784281173e-06,0.015962864148195189,0
production_authorized,T2_material_state,5,4,156,156,3.7410541681995282e-05,0.0060304080171461787,5.9791527466934724e-06,0.0076479955882698958,0
production_authorized,T2_material_state,5,4,157,157,4.279448125252764e-05,0.006030405356651402,5.9799376392888348e-06,0.016146786946094685,0
production_authorized,T2_material_state,5,4,158,158,4.0821166597786796e-05,0.0060304022761059782,5.9806046958099657e-06,0.01672084792480328,0
production_authorized,T2_material_state,5,4,159,159,4.086410315500773e-05,0.0060303995271010803,5.9813323328716805e-06,0.020517696444212516,0
production_authorized,T2_material_state,5,4,160,160,3.7657533419524611e-05,0.0060303961136006692,5.982035533036445e-06,0.0076837124039743632,0
production_authorized,T2_material_state,5,4,161,161,3.9371884094623681e-05,0.0060303923076336224,5.9828297707120726e-06,0.021776067095709284,0
production_authorized,T2_material_state,5,4,162,162,4.0945418765614675e-05,0.0060303890097522447,5.983665206210631e-06,0.013135906925100208,0
production_authorized,T2_material_state,5,4,163,163,3.8106360454925061e-05,0.0060303856741631247,5.9843712219009859e-06,0.011404552415053944,0
production_authorized,T2_material_state,5,4,164,164,4.9781432989283672e-05,0.0060303842006325988,5.985150711595999e-06,0.02136680680470111,0
production_authorized,T2_material_state,5,4,165,165,4.3822872263008819e-05,0.0060303798920608095,5.9856333779473303e-06,0.026450367986390305,0
production_authorized,T2_material_state,5,4,166,166,3.88537702927889e-05,0.0060303761555456012,5.9865854385998674e-06,0.02603525556168549,0
production_authorized,T2_material_state,5,4,167,167,5.6155658790359633e-05,0.0060303746731374458,5.9872994336851448e-06,0.034059934958032952,0
production_authorized,T2_material_state,5,4,168,168,4.9352691032812879e-05,0.0060303706048853616,5.9877573957978214e-06,0.031780377013613963,0
production_authorized,T2_material_state,5,4,169,169,3.6618265398722334e-05,0.0060303666179551433,5.9887227445987179e-06,0.0074917189167897913,0
production_authorized,T2_material_state,5,4,170,170,4.0454680698121719e-05,0.0060303622210666217,5.9894931823123443e-06,0.027496268345154225,0
production_authorized,T2_material_state,5,4,171,171,3.7193003992885356e-05,0.0060303581808994929,5.990397668020897e-06,0.015326597893543818,0
production_authorized,T2_material_state,5,4,172,172,4.4998079929810809e-05,0.0060303563116196647,5.9912090297764564e-06,0.017867705490598997,0
production_authorized,T2_material_state,5,4,173,173,4.1334417710985227e-05,0.0060303525180187365,5.9917801588094122e-06,0.016266464045744944,0
production_authorized,T2_material_state,5,4,174,174,3.8847162448445621e-05,0.00603034874620266,5.9926226495532475e-06,0.010864159587032756,0
production_authorized,T2_material_state,5,4,175,175,4.0412561499255002e-05,0.0060303457226398779,5.9933856363381111e-06,0.019415657842743225,0
production_authorized,T2_material_state,5,4,176,176,4.1600621233621032e-05,0.0060303431019597745,5.9940790111401299e-06,0.01459148567813294,0
production_authorized,T2_material_state,5,4,177,177,3.7912746803461016e-05,0.0060303401106864005,5.9947569109874976e-06,0.0075994878042676683,0
production_authorized,T2_material_state,5,4,178,178,3.7400330116361853e-05,0.0060303366919828476,5.9954747454460389e-06,0.0089213262869948327,0
production_authorized,T2_material_state,5,4,179,179,4.0012288337831282e-05,0.0060303328883815049,5.9962219416398455e-06,0.023573626727107284,0
production_authorized,T2_material_state,5,4,180,180,4.274487090541248e-05,0.0060303288508545662,5.9970562529265692e-06,0.022738853513437633,0
production_authorized,T2_material_state,5,4,181,181,3.9760210694433761e-05,0.0060303252171749555,5.9977665013422055e-06,0.017745042404447322,0
production_authorized,T2_material_state,5,4,182,182,3.9303365744954423e-05,0.0060303222480251927,5.9985676258422771e-06,0.019933564264929211,0
production_authorized,T2_material_state,5,4,183,183,4.3146165806590947e-05,0.0060303199234310045,5.9992160262867245e-06,0.013119724534742814,0
production_authorized,T2_material_state,5,4,184,184,3.769506674511935e-05,0.0060303171111609783,5.9998135713001943e-06,0.0073156424425037114,0
production_authorized,T2_material_state,5,4,185,185,3.7343954979806976e-05,0.0060303140214331532,6.0004956307091462e-06,0.0073684748850691983,0
production_authorized,T2_material_state,5,4,186,186,4.1358305135335882e-05,0.0060303095824966882,6.0012008242793513e-06,0.022090642550102717,0
production_authorized,T2_material_state,5,4,187,187,3.7152875428090614e-05,0.0060303060545926889,6.0020851601061409e-06,0.013115663118428057,0
production_authorized,T2_material_state,5,4,188,188,3.7611008089901175e-05,0.006030302282633548,6.0028224728725377e-06,0.014976769143271415,0
production_authorized,T2_material_state,5,4,189,189,3.854562619581235e-05,0.0060302994367572834,6.0035856583873226e-06,0.014976769143271415,0
production_authorized,T2_material_state,5,4,190,190,4.0078721336581366e-05,0.006030296701534303,6.0042670809723475e-06,0.015070457036584318,0
production_authorized,T2_material_state,5,4,191,191,3.8797195742369655e-05,0.0060302932035270259,6.0049246688453906e-06,0.015384070152496987,0
production_authorized,T2_material_state,5,4,192,192,3.8194163358410736e-05,0.0060302900158241803,6.0056942292607829e-06,0.0074644279094356891,0
production_authorized,T2_material_state,5,4,193,193,3.8131476118773183e-05,0.0060302874720591119,6.0063850658709228e-06,0.02098348146157172,0
production_authorized,T2_material_state,5,4,194,194,3.8395187396057054e-05,0.0060302837361345266,6.0070927225819304e-06,0.015752155077587107,0
production_authorized,T2_material_state,5,4,195,195,3.8538323077509477e-05,0.0060302808790184126,6.0078529406926151e-06,0.015752155077587107,0
production_authorized,T2_material_state,5,4,196,196,3.8046777805026212e-05,0.0060302771237610948,6.0085649514762807e-06,0.016349233998981173,0
production_authorized,T2_material_state,5,4,197,197,3.7323662691380078e-05,0.0060302739203719593,6.0093537277428055e-06,0.007436821151280415,0
production_authorized,T2_material_state,5,4,198,198,3.7280742519861218e-05,0.0060302706271670708,6.0100944466734418e-06,0.0077268568512032371,0
production_authorized,T2_material_state,5,4,199,199,4.3742248633793135e-05,0.0060302682998066666,6.0108446613416078e-06,0.02105213255279598,0
production_authorized,T2_material_state,5,4,200,200,4.45930658280554e-05,0.0060302661546471226,6.0114453790394151e-06,0.020702018831239878,0
production_authorized,T2_material_state,5,4,201,201,4.542172247315692e-05,0.0060302620084330075,6.0120138283270563e-06,0.027402546235963023,0
production_authorized,T2_material_state,5,4,202,202,3.6426912231782287e-05,0.0060302579498081738,6.0129704639866333e-06,0.0075194709371663171,0
production_authorized,T2_material_state,5,4,203,203,4.1909336507863405e-05,0.0060302549474931556,6.0137632571510835e-06,0.014721305482025882,0
production_authorized,T2_material_state,5,4,204,204,3.9510523736953715e-05,0.0060302514974130573,6.0144327994615665e-06,0.014466539758472011,0
production_authorized,T2_material_state,5,4,205,205,3.9863471902379885e-05,0.0060302483449110565,6.0152484709918852e-06,0.010337049466438864,0
production_authorized,T2_material_state,5,4,206,206,3.9357024031410037e-05,0.0060302454311740895,6.0159475224752512e-06,0.012883454784141261,0
production_authorized,T2_material_state,5,4,207,207,3.7621252392960065e-05,0.0060302417510590765,6.0166810800232895e-06,0.011717402317216033,0
production_authorized,T2_material_state,5,4,208,208,3.7356670503359865e-05,0.0060302383646501949,6.0174622942277267e-06,0.0080437647164396421,0
production_authorized,T2_material_state,5,4,209,209,3.73427885818243e-05,0.0060302350538934384,6.0182148303722371e-06,0.0075103332557360236,0
production_authorized,T2_material_state,5,4,210,210,4.079189678955357e-05,0.0060302322788296173,6.0189591994941338e-06,0.015725454978743083,0
production_authorized,T2_material_state,5,4,211,211,3.950316485148872e-05,0.0060302292111965696,6.0196284037417058e-06,0.015757135277888284,0
production_authorized,T2_material_state,5,4,212,212,3.7213366605923235e-05,0.006030225336931109,6.0203860349217209e-06,0.0089306176181493963,0
production_authorized,T2_material_state,5,4,213,213,3.7044821626065604e-05,0.0060302220497198047,6.0211615885430447e-06,0.0074334303470966478,0
production_authorized,T2_material_state,5,4,214,214,3.8686718271916373e-05,0.0060302184037164192,6.0218962572022861e-06,0.020677182445626614,0
production_authorized,T2_material_state,5,4,215,215,3.7351517100630898e-05,0.0060302150754465633,6.0226072807756381e-06,0.0083028464915664985,0
production_authorized,T2_material_state,5,4,216,216,3.7204811728681801e-05,0.0060302118821187693,6.02335996646719e-06,0.0073873689362976558,0
production_authorized,T2_material_state,5,4,217,217,4.0878726237952775e-05,0.0060302090529286805,6.024079182487263e-06,0.011451358313654429,0
production_authorized,T2_material_state,5,4,218,218,3.8899201555840968e-05,0.006030205693569381,6.0247425132109456e-06,0.011581832062698357,0
production_authorized,T2_material_state,5,4,219,219,3.7460687996297733e-05,0.0060302017744021663,6.0255188611968435e-06,0.0142601827958325,0
production_authorized,T2_material_state,5,4,220,220,4.0656628088603295e-05,0.006030199117592094,6.0262835560598305e-06,0.019648392626843286,0
production_authorized,T2_material_state,5,4,221,221,3.9975976425675695e-05,0.0060301955881302419,6.0269382261557425e-06,0.01994114546518912,0
production_authorized,T2_material_state,5,4,222,222,3.7924573747933412e-05,0.006030192172135451,6.027690041432443e-06,0.0092439619490618484,0
production_authorized,T2_material_state,5,4,223,223,4.2894040610636083e-05,0.0060301897462821576,6.0284419380884913e-06,0.01966959374287526,0
production_authorized,T2_material_state,5,4,224,224,4.0565270288939534e-05,0.0060301860194746674,6.0290519778849472e-06,0.020155719080759429,0
production_authorized,T2_material_state,5,4,225,225,4.0220387697363381e-05,0.006030182802041672,6.0298659146917899e-06,0.015665684895063207,0
production_authorized,T2_material_state,5,4,226,226,3.7885420126286795e-05,0.0060301796902649278,6.0305459814724571e-06,0.009705862093395981,0
production_authorized,T2_material_state,5,4,227,227,3.6887021684962353e-05,0.0060301764705575764,6.0312612756296957e-06,0.0073475937696918514,0
production_authorized,T2_material_state,5,4,228,228,3.6859886150492524e-05,0.006030173205072209,6.0319754137116988e-06,0.0073492557528980207,0
production_authorized,T2_material_state,5,4,229,229,3.7287549351765972e-05,0.0060301707010134648,6.0326899454787863e-06,0.018584030747246062,0
production_authorized,T2_material_state,5,4,230,230,3.9923391087124128e-05,0.0060301677686109998,6.0333747059493348e-06,0.011686265062802586,0
production_authorized,T2_material_state,5,4,231,231,3.7595086369763895e-05,0.0060301644253147367,6.0340301820671627e-06,0.015176122743131385,0
production_authorized,T2_material_state,5,4,232,232,3.7529803351305291e-05,0.0060301608164058844,6.0347678677574734e-06,0.010312613725964084,0
production_authorized,T2_material_state,5,4,233,233,3.6757713878980737e-05,0.0060301574048181854,6.0355386770627462e-06,0.0074258989550314292,0
production_authorized,T2_material_state,5,4,234,234,3.7002833630232758e-05,0.0060301538790590963,6.0362650715628519e-06,0.008409746778361489,0
production_authorized,T2_material_state,5,4,235,235,3.7292535326027615e-05,0.0060301508041669038,6.0370036832901874e-06,0.0083567535289795058,0
production_authorized,T2_material_state,5,4,236,236,3.8433811175259981e-05,0.0060301476681983174,6.0377004739153861e-06,0.0082587466902280266,0
production_authorized,T2_material_state,5,4,237,237,3.8210765146387176e-05,0.0060301449750941264,6.0383787656714816e-06,0.012065790466055996,0
production_authorized,T2_material_state,5,4,238,238,3.7945503746600358e-05,0.0060301417155977418,6.0390509262209235e-06,0.0080281343295156519,0
production_authorized,T2_material_state,5,4,239,239,5.2497496622793625e-05,0.0060301400366493951,6.0397746918239292e-06,0.032061618461756827,0
production_authorized,T2_material_state,5,4,240,240,3.809829845260686e-05,0.0060301364264242069,6.0402560588812548e-06,0.012431925023157812,0
production_authorized,T2_material_state,5,4,241,241,4.0284665188871259e-05,0.0060301341809840779,6.0409874028666266e-06,0.012229250633802851,0
production_authorized,T2_material_state,5,4,242,242,4.7251156542890798e-05,0.0060301296069166874,6.0415716576223133e-06,0.032610818142591078,0
production_authorized,T2_material_state,5,4,243,243,3.7565056445040343e-05,0.0060301259133477619,6.0424822843074821e-06,0.014195573735862882,0
production_authorized,T2_material_state,5,4,244,244,3.8158625354547459e-05,0.0060301228886643632,6.0431913601055598e-06,0.012334468410129345,0
production_authorized,T2_material_state,5,4,245,245,3.731305272120834e-05,0.0060301194625303626,6.043858356563625e-06,0.012748834329453427,0
production_authorized,T2_material_state,5,4,246,246,4.0234423022205184e-05,0.0060301166991660092,6.0445920908591688e-06,0.011388468714087448,0
production_authorized,T2_material_state,5,4,247,247,3.7727257134314498e-05,0.0060301136633672016,6.045215658057046e-06,0.0092685965148504249,0
production_authorized,T2_material_state,5,4,248,248,3.7584687174776674e-05,0.0060301099753052789,6.0459235021737001e-06,0.011480963837887366,0
production_authorized,T2_material_state,5,4,249,249,3.7190791530242779e-05,0.0060301055518747308,6.0466567480821354e-06,0.019410945674747111,0
production_authorized,T2_material_state,5,4,250,250,3.6529836422760895e-05,0.0060301021300337813,6.0474306684543677e-06,0.007355279742620513,0
production_authorized,T2_material_state,5,4,251,251,3.8141464476521494e-05,0.006030099235505515,6.048134515324044e-06,0.012781034855130434,0
production_authorized,T2_material_state,5,4,252,252,3.7590430015115778e-05,0.0060300964622581384,6.0487819887322658e-06,0.0073635189789966748,0
production_authorized,T2_material_state,5,4,253,253,3.7016538659664785e-05,0.0060300933931651309,6.0494367277730277e-06,0.0074199460147648111,0
production_authorized,T2_material_state,5,4,254,254,4.3459863722110949e-05,0.006030090633118026,6.0501137639779046e-06,0.021980051655920069,0
production_authorized,T2_material_state,5,4,255,255,3.8945598932775189e-05,0.0060300871595730344,6.0506959149719819e-06,0.01994377274920283,0
production_authorized,T2_material_state,5,4,256,256,3.5992562737085883e-05,0.0060300837414776574,6.0514586018856065e-06,0.0073182254567192295,0
production_authorized,T2_material_state,5,4,257,257,3.6531014677082913e-05,0.0060300805322194883,6.0521607656571774e-06,0.0072780249886381654,0
production_authorized,T2_material_state,5,4,258,258,3.7421560437325264e-05,0.0060300769354755127,6.0528384219216136e-06,0.011672002778970089,0
production_authorized,T2_material_state,5,4,259,259,3.7796541186182323e-05,0.0060300739831027359,6.053579708731327e-06,0.014128288157485222,0
production_authorized,T2_material_state,5,4,260,260,3.6565488214161244e-05,0.0060300708961679838,6.0542197015678312e-06,0.0072384474740563309,0
production_authorized,T2_material_state,5,4,261,261,3.8842234114140243e-05,0.0060300680731365779,6.0548961026141157e-06,0.011336492101645081,0
production_authorized,T2_material_state,5,4,262,262,3.6598160924221761e-05,0.0060300652322730344,6.0555226826242148e-06,0.011116055864864024,0
production_authorized,T2_material_state,5,4,263,263,3.9392136471973728e-05,0.0060300625835645414,6.056194326808928e-06,0.010701014241938478,0
production_authorized,T2_material_state,5,4,264,264,4.0106007121114637e-05,0.0060300587243434416,6.0567981131631754e-06,0.018400896768989261,0
production_authorized,T2_material_state,5,4,265,265,3.5886386525784688e-05,0.0060300553309614599,6.0575802443008087e-06,0.0076139103503934423,0
production_authorized,T2_material_state,5,4,266,266,4.0548724090378035e-05,0.0060300524501889774,6.0582753851345927e-06,0.013347193375009336,0
production_authorized,T2_material_state,5,4,267,267,3.8393986338429216e-05,0.0060300491975589536,6.0588757737622956e-06,0.013013469123064478,0
production_authorized,T2_material_state,5,4,268,268,3.8976569527822405e-05,0.0060300459859083831,6.0596002955382033e-06,0.016213122327656301,0
production_authorized,T2_material_state,5,4,269,269,3.6860363997720701e-05,0.0060300431433483502,6.0602488793914944e-06,0.0075247049086511943,0
production_authorized,T2_material_state,5,4,270,270,4.2999274350783281e-05,0.0060300405607653321,6.0608956283791926e-06,0.02117155953630153,0
production_authorized,T2_material_state,5,4,271,271,3.8434109747578211e-05,0.0060300373991004101,6.061456953809774e-06,0.018287940491186531,0
production_authorized,T2_material_state,5,4,272,272,3.7581458584413883e-05,0.0060300343008418489,6.0621665159965588e-06,0.011037322989469453,0
production_authorized,T2_material_state,5,4,273,273,3.667954873832803e-05,0.0060300307445152416,6.0628034171950063e-06,0.011336839146333343,0
production_authorized,T2_material_state,5,4,274,274,3.6133385688388861e-05,0.0060300276347365848,6.0635123604324548e-06,0.0074257411916078212,0
production_authorized,T2_material_state,5,4,275,275,4.4622551543965658e-05,0.0060300251974564094,6.0641665527993993e-06,0.025260143185020397,0
production_authorized,T2_material_state,5,4,276,276,4.0588782779347043e-05,0.0060300215714430647,6.0647000361679915e-06,0.027871885791130396,0
production_authorized,T2_material_state,5,4,277,277,3.9688583154596393e-05,0.0060300182977607725,6.0654390693359872e-06,0.018402255928406105,0
production_authorized,T2_material_state,5,4,278,278,3.7378924326869595e-05,0.006030013981367429,6.0661056439093031e-06,0.019629403113977033,0
production_authorized,T2_material_state,5,4,279,279,3.9331828308007612e-05,0.0060300110773224246,6.0668579624501007e-06,0.013188570795016305,0
production_authorized,T2_material_state,5,4,280,280,3.7477111521997888e-05,0.0060300077312039181,6.0674454623876883e-06,0.012987120264188098,0
production_authorized,T2_material_state,5,4,281,281,3.5514675331876527e-05,0.0060300043271730077,6.0681568535558839e-06,0.0071061760172289601,0
production_authorized,T2_material_state,5,4,282,282,3.5811192500484987e-05,0.0060300011595548226,6.0688225991256672e-06,0.0071235850778580412,0
production_authorized,T2_material_state,5,4,283,283,3.6050438455587845e-05,0.0060299980435894202,6.0694766577107373e-06,0.0071380973210873888,0
production_authorized,T2_material_state,5,4,284,284,3.8216629325733827e-05,0.0060299952431945095,6.0701244111172059e-06,0.0095203161412381089,0
production_authorized,T2_material_state,5,4,285,285,3.5965277494598404e-05,0.0060299919582194658,6.0707299051054875e-06,0.0072464693321118157,0
production_authorized,T2_material_state,5,4,286,286,3.7221589411994772e-05,0.0060299895649465994,6.0714026351993411e-06,0.013644432292580682,0
production_authorized,T2_material_state,5,4,287,287,3.8030562632242642e-05,0.006029986856916851,6.0720090075960798e-06,0.0069848788286916985,0
production_authorized,T2_material_state,5,4,288,288,3.6183216386216741e-05,0.0060299839135122598,6.0725817260243176e-06,0.0070862997563011509,0
production_authorized,T2_material_state,5,4,289,289,3.5677104294424108e-05,0.0060299806621767578,6.0732399870255804e-06,0.0071561916787200586,0
production_authorized,T2_material_state,5,4,290,290,3.5708699040700072e-05,0.0060299775309484759,6.0738865846898804e-06,0.0071280721305745365,0
production_authorized,T2_material_state,5,4,291,291,4.3137066364436926e-05,0.0060299752284500036,6.0745278257501312e-06,0.021000139337062018,0
production_authorized,T2_material_state,5,4,292,292,3.6252352573648355e-05,0.0060299718436067464,6.0750325362457502e-06,0.014781460160013186,0
production_authorized,T2_material_state,5,4,293,293,3.9804476909192754e-05,0.0060299683180389746,6.075672731920001e-06,0.022778491013443859,0
production_authorized,T2_material_state,5,4,294,294,3.6145260929498799e-05,0.0060299644731559229,6.0763734267554881e-06,0.016197556301748274,0
production_authorized,T2_material_state,5,4,295,295,3.5097392844270975e-05,0.0060299610642557695,6.077108240631901e-06,0.0070497822427080248,0
production_authorized,T2_material_state,5,4,296,296,3.6262461903224483e-05,0.0060299582204306063,6.0777626857966283e-06,0.0091908117553071034,0
production_authorized,T2_material_state,5,4,297,297,3.5777448476463431e-05,0.0060299546764054071,6.0783753206283819e-06,0.0091787317393931707,0
production_authorized,T2_material_state,5,4,298,298,3.5566682543483637e-05,0.0060299514794151911,6.0790381110065184e-06,0.0070245699725379751,0
production_authorized,T2_material_state,5,4,299,299,3.694749237197711e-05,0.0060299489120207569,6.0796760514847392e-06,0.0092277769809401295,0
production_authorized,T2_material_state,5,4,300,300,3.6086041174602817e-05,0.0060299455137797463,6.0802636153711731e-06,0.0085325182150177807,0
production_authorized,T2_material_state,5,4,301,301,3.577058420538664e-05,0.006029942151368959,6.0809320627797092e-06,0.007097520471099461,0
production_authorized,T2_material_state,5,4,302,302,3.6168002568882474e-05,0.0060299393955852701,6.081581345074305e-06,0.0091672309309854087,0
production_authorized,T2_material_state,5,4,303,303,3.9035114947986115e-05,0.006029936542510171,6.0822029545049006e-06,0.012047888335761963,0
production_authorized,T2_material_state,5,4,304,304,3.9282902504094401e-05,0.0060299340879404178,6.0827700330001733e-06,0.011207737018094379,0
production_authorized,T2_material_state,5,4,305,305,3.5971374895069312e-05,0.0060299310558518835,6.0833278425764803e-06,0.0074369378152186081,0
production_authorized,T2_material_state,5,4,306,306,3.6100740997158845e-05,0.0060299277440922488,6.0839491404784951e-06,0.0087301774229381814,0
production_authorized,T2_material_state,5,4,307,307,3.5300059288028193e-05,0.0060299244513287425,6.0846112818202513e-06,0.0070691339667772191,0
production_authorized,T2_material_state,5,4,308,308,3.8213889828457264e-05,0.0060299216058719504,6.0852430747715403e-06,0.0097817290786731195,0
production_authorized,T2_material_state,5,4,309,309,3.5735368395498178e-05,0.0060299185554062223,6.0858153594356423e-06,0.021971751851057646,0
production_authorized,T2_material_state,5,4,310,310,3.6635500868736322e-05,0.0060299153732526331,6.0864052757736431e-06,0.013562745904113245,0
production_authorized,T2_material_state,5,4,311,311,3.61522659676109e-05,0.0060299113720686977,6.0870532058165949e-06,0.015113741386941134,0
production_authorized,T2_material_state,5,4,312,312,3.5181428373334825e-05,0.0060299080039525558,6.0877576485429685e-06,0.0070061819867179853,0
production_authorized,T2_material_state,5,4,313,313,3.5438991414293958e-05,0.0060299047588374937,6.0884063798338772e-06,0.0069821017302942323,0
production_authorized,T2_material_state,5,4,314,314,4.0479718529464975e-05,0.0060299022213617,6.0890325873641515e-06,0.014218060453056132,0
production_authorized,T2_material_state,5,4,315,315,3.6083207766022187e-05,0.0060298993571578155,6.0895731284205112e-06,0.0070848563357103211,0
production_authorized,T2_material_state,5,4,316,316,3.5933985045050542e-05,0.0060298961797234981,6.0901936768109621e-06,0.0070404700558521771,0
production_authorized,T2_material_state,5,4,317,317,3.8535724088564894e-05,0.0060298930261868328,6.0908082020194598e-06,0.011560105618913834,0
production_authorized,T2_material_state,5,4,318,318,3.5470718241046232e-05,0.00602988970422244,6.0914424443447857e-06,0.0070977637940510263,0
production_authorized,T2_material_state,5,4,319,319,4.1027129797847301e-05,0.0060298871479398412,6.0920792277485702e-06,0.018322567367921379,0
production_authorized,T2_material_state,5,4,320,320,3.6830312787332329e-05,0.0060298841638589283,6.0925987029891715e-06,0.014663527071783436,0
production_authorized,T2_material_state,5,4,321,321,4.0768421169476871e-05,0.0060298814308880873,6.0932144355652085e-06,0.013121333088691079,0
production_authorized,T2_material_state,5,4,322,322,3.8172825725796366e-05,0.0060298783162912673,6.0937741832578496e-06,0.012028512411246308,0
production_authorized,T2_material_state,5,4,323,323,4.2039296440278908e-05,0.0060298759526605196,6.0944310724675432e-06,0.013242564094924159,0
production_authorized,T2_material_state,5,4,324,324,3.9769106234106444e-05,0.0060298726122850997,6.0949223991135781e-06,0.015978813332972082,0
production_authorized,T2_material_state,5,4,325,325,3.7673661729954154e-05,0.0060298693981266117,6.0956215761631682e-06,0.0089807717015869138,0
production_authorized,T2_material_state,5,4,326,326,4.1419191445788758e-05,0.0060298670174631693,6.0961999233111186e-06,0.019181999291334278,0
production_authorized,T2_material_state,5,4,327,327,3.5453379612226643e-05,0.0060298642426789796,6.0967084023477724e-06,0.006938455252505471,0
production_authorized,T2_material_state,5,4,328,328,3.4769011562237935e-05,0.0060298612686707602,6.0973074218484413e-06,0.0068851374802729737,0
production_authorized,T2_material_state,5,4,329,329,4.1935283137526131e-05,0.0060298574958970261,6.0978959228741303e-06,0.022602483544293964,0
production_authorized,T2_material_state,5,4,330,330,3.6216020686168897e-05,0.0060298532888764826,6.0986145189456664e-06,0.018008685040737216,0
production_authorized,T2_material_state,5,4,331,331,3.5208313539762112e-05,0.0060298499103734549,6.0993167197986864e-06,0.0069977108331283899,0
production_authorized,T2_material_state,5,4,332,332,3.5546204622380463e-05,0.0060298466886715687,6.0999421207519333e-06,0.0070574489047450228,0
production_authorized,T2_material_state,5,4,333,333,3.5879974164488687e-05,0.0060298436621260432,6.1005644800271597e-06,0.00703561449166068,0
production_authorized,T2_material_state,5,4,334,334,3.701084265564053e-05,0.0060298406387309968,6.1011714593828259e-06,0.0072978506035186299,0
production_authorized,T2_material_state,5,4,335,335,3.7940132439238605e-05,0.0060298377548056118,6.1017607791979955e-06,0.008658756271580019,0
production_authorized,T2_material_state,5,4,336,336,3.6051801230894265e-05,0.0060298347363976924,6.1023497803791571e-06,0.0070570452743690115,0
production_authorized,T2_material_state,5,4,337,337,3.6547203762727192e-05,0.0060298313007524744,6.1029491599251529e-06,0.010311409161923456,0
production_authorized,T2_material_state,5,4,338,338,3.8061490616146884e-05,0.0060298284076190801,6.1036048151219546e-06,0.0090009659176202104,0
production_authorized,T2_material_state,5,4,339,339,4.0281965591130066e-05,0.0060298262012959489,6.1041732770661383e-06,0.011497733844190346,0
production_authorized,T2_material_state,5,4,340,340,4.013005078019328e-05,0.0060298237776705435,6.1046804005204791e-06,0.013553508589564167,0
production_authorized,T2_material_state,5,4,341,341,3.9409298475105059e-05,0.0060298203191000779,6.1052007813700016e-06,0.0157360446297935,0
production_authorized,T2_material_state,5,4,342,342,3.5179092153346209e-05,0.0060298168147137976,6.1058925826529276e-06,0.0070497601284811306,0
production_authorized,T2_material_state,5,4,343,343,4.6197554928349425e-05,0.0060298139026518476,6.106513733228347e-06,0.024017450709970911,0
production_authorized,T2_material_state,5,4,344,344,3.5432526043935959e-05,0.0060298112373550284,6.1070625139159063e-06,0.0069605606626562677,0
production_authorized,T2_material_state,5,4,345,345,4.0379700823070577e-05,0.0060298075605745407,6.1076395571069142e-06,0.024257973126627974,0
production_authorized,T2_material_state,5,4,346,346,3.5056637828241542e-05,0.0060298039096221443,6.1083472161493901e-06,0.0070115687999822152,0
production_authorized,T2_material_state,5,4,347,347,3.953903819564008e-05,0.0060298013974195161,6.1089745383435812e-06,0.016867816234959226,0
production_authorized,T2_material_state,5,4,348,348,3.7404382116620439e-05,0.006029797968815173,6.1094982327647429e-06,0.016956131820475742,0
production_authorized,T2_material_state,5,4,349,349,3.8481159085402085e-05,0.006029794831969088,6.1101631337878715e-06,0.012643427384462957,0
production_authorized,T2_material_state,5,4,350,350,3.6865732797634774e-05,0.0060297915205139172,6.1107148844330439e-06,0.01294447440152301,0
production_authorized,T2_material_state,5,4,351,351,4.1981858420133943e-05,0.0060297892904379079,6.1113652120026174e-06,0.014201226711084584,0
production_authorized,T2_material_state,5,4,352,352,3.8215894151822956e-05,0.0060297856234252075,6.1118404465210219e-06,0.014144208012730714,0
production_authorized,T2_material_state,5,4,353,353,3.5816820894194814e-05,0.006029782308593707,6.1125203136835893e-06,0.0070040110444675729,0
production_authorized,T2_material_state,5,4,354,354,3.6672315104318774e-05,0.0060297795252029348,6.1131212201193108e-06,0.008849659847755497,0
production_authorized,T2_material_state,5,4,355,355,3.6552322785002338e-05,0.0060297765943345431,6.1136967121067087e-06,0.007791061488551701,0
production_authorized,T2_material_state,5,4,356,356,3.6900543678676802e-05,0.0060297736890805925,6.1142816798476218e-06,0.0070434626718347548,0
production_authorized,T2_material_state,5,4,357,357,4.261892540129155e-05,0.0060297711633000199,6.1148537737754083e-06,0.022553062500177478,0
production_authorized,T2_material_state,5,4,358,358,3.9179297459777098e-05,0.0060297677792036332,6.1153626829124619e-06,0.022348508183176349,0
production_authorized,T2_material_state,5,4,359,359,4.4842526193882217e-05,0.0060297652845052244,6.1160201894061572e-06,0.023776843724665358,0
production_authorized,T2_material_state,5,4,360,360,3.9350403290876918e-05,0.0060297618789079081,6.1164895456267132e-06,0.018954973113410892,0
production_authorized,T2_material_state,5,4,361,361,3.4825595460411393e-05,0.0060297581882084381,6.1171895997524928e-06,0.0070929496615955712,0
production_authorized,T2_material_state,5,4,362,362,3.5365919179341627e-05,0.0060297548530205778,6.1178176924414629e-06,0.0070273550886179592,0
production_authorized,T2_material_state,5,4,363,363,3.6150714739711492e-05,0.0060297517500717745,6.1184198173469539e-06,0.0093844380104580235,0
production_authorized,T2_material_state,5,4,364,364,3.6630823753975608e-05,0.0060297483944979496,6.1190361304586105e-06,0.0083222382678793255,0
production_authorized,T2_material_state,5,4,365,365,3.7031840402746429e-05,0.0060297456196237937,6.1196154835796435e-06,0.011400085050125887,0
production_authorized,T2_material_state,5,4,366,366,3.67475708092757e-05,0.0060297425902713121,6.1201657733933601e-06,0.011528347557889423,0
production_authorized,T2_material_state,5,4,367,367,3.6198092369246185e-05,0.006029739129442247,6.1207570539734135e-06,0.0087931045054528405,0
production_authorized,T2_material_state,5,4,368,368,3.553919955474078e-05,0.00602973588562876,6.1213909233748254e-06,0.007022323627403293,0
production_authorized,T2_material_state,5,4,369,369,3.6815608620380919e-05,0.0060297329114507156,6.121991500962487e-06,0.0070485086902893736,0
production_authorized,T2_material_state,5,4,370,370,3.8210054354352862e-05,0.0060297302579404447,6.1225570725520484e-06,0.014011819942244255,0
production_authorized,T2_material_state,5,4,371,371,3.7199931670539248e-05,0.0060297273881568499,6.1231133243744296e-06,0.0070076639443025224,0
production_authorized,T2_material_state,5,4,372,372,3.609804352532033e-05,0.006029724239536011,6.1236626269778327e-06,0.0071421329388641208,0
production_authorized,T2_material_state,5,4,373,373,4.8072304416990764e-05,0.0060297221612726519,6.1242661101301721e-06,0.029595514823553007,0
production_authorized,T2_material_state,5,4,374,374,4.1995856499411712e-05,0.0060297185691559427,6.1247081948323512e-06,0.025996171719218787,0
production_authorized,T2_material_state,5,4,375,375,3.5461579946547726e-05,0.0060297157954244968,6.2487645360320698e-06,0.0094302366794884931,0
production_authorized,T2_material_state,5,4,376,376,3.8295455113338399e-05,0.0060297118736111271,6.1260579765631817e-06,0.01413354501251101,0
production_authorized,T2_material_state,5,4,377,377,3.5549391858711727e-05,0.006029708946096171,6.2500094796247296e-06,0.0071163962726442653,0
production_authorized,T2_material_state,5,4,378,378,4.5564340383267036e-05,0.0060297059253409876,6.1273116369608971e-06,0.024691854093598632,0
production_authorized,T2_material_state,5,4,379,379,4.0985023039308547e-05,0.0060297031706813622,6.2510957451467064e-06,0.024664932093371447,0
production_authorized,T2_material_state,5,4,380,380,3.5106482641162617e-05,0.0060296995608993039,6.2518483616713638e-06,0.006967802101860654,0
production_authorized,T2_material_state,5,4,381,381,3.5463744668774305e-05,0.0060296964419109421,6.2524574047095882e-06,0.0069676954769372079,0
production_authorized,T2_material_state,5,4,382,382,3.6844254353666467e-05,0.0060296935745120846,6.2530420292805644e-06,0.011053493554027913,0
production_authorized,T2_material_state,5,4,383,383,3.6183652254333778e-05,0.0060296907770521916,6.2535915692496502e-06,0.010987799951629349,0
production_authorized,T2_material_state,5,4,384,384,3.5697083488912202e-05,0.0060296874712656365,6.2541825638362525e-06,0.007014595151410119,0
production_authorized,T2_material_state,5,4,385,385,3.5696716312547077e-05,0.006029684481320385,6.2547678812974183e-06,0.0070282777458875456,0
production_authorized,T2_material_state,5,4,386,386,3.6752018749335502e-05,0.0060296814004985756,6.2553488439087701e-06,0.007189885689438005,0
production_authorized,T2_material_state,5,4,387,387,3.9068573242127533e-05,0.0060296789847182784,6.2559089289981884e-06,0.014135128907544675,0
production_authorized,T2_material_state,5,4,388,388,3.5979980179292436e-05,0.006029675921865648,6.2564401003273318e-06,0.0071133570673804769,0
production_authorized,T2_material_state,5,4,389,389,3.6750318631734792e-05,0.0060296730066096912,6.2570157133290394e-06,0.0070156918234964838,0
production_authorized,T2_material_state,5,4,390,390,4.643119396129275e-05,0.0060296709570929561,6.2575678886345187e-06,0.026069708612683276,0
production_authorized,T2_material_state,5,4,391,391,4.2034258067611651e-05,0.0060296673010344446,6.2580040738335896e-06,0.025690300891085618,0
production_authorized,T2_material_state,5,4,392,392,3.4785742267861996e-05,0.0060296638657472571,6.2586664871799869e-06,0.0069930242667672893,0
production_authorized,T2_material_state,5,4,393,393,3.6454255531967019e-05,0.0060296598987486074,6.2592646836723276e-06,0.01115149963162881,0
production_authorized,T2_material_state,5,4,394,394,3.692549546551954e-05,0.0060296569086399189,6.2599106721572539e-06,0.011511373417456018,0
production_authorized,T2_material_state,5,4,395,395,3.5693102529628544e-05,0.0060296539673070412,6.2604623192186182e-06,0.0070096258503762332,0
production_authorized,T2_material_state,5,4,396,396,3.5999913626401996e-05,0.0060296506598572037,6.2610319786493562e-06,0.011603812799865876,0
production_authorized,T2_material_state,5,4,397,397,3.5585973537354253e-05,0.0060296474967772911,6.2616349212341049e-06,0.0069019391676349295,0
production_authorized,T2_material_state,5,4,398,398,3.6955340606414154e-05,0.0060296447525950009,6.26219793209426e-06,0.011770298425697712,0
production_authorized,T2_material_state,5,4,399,399,3.5852260115311074e-05,0.0060296419763781932,6.2627337436005348e-06,0.0069098548254856729,0
production_authorized,T2_material_state,5,4,400,400,3.7705919083906379e-05,0.0060296389822636345,6.2632917385840869e-06,0.010897496143561721,0
production_authorized,T2_material_state,5,4,401,401,3.9071793295744964e-05,0.0060296365878945261,6.2638442296369945e-06,0.011543979752103341,0
production_authorized,T2_material_state,5,4,402,402,3.7605031903615759e-05,0.0060296329746031534,6.2643306297793799e-06,0.013863333628962126,0
production_authorized,T2_material_state,5,4,403,403,3.4981170729078772e-05,0.0060296295982761984,6.2649865244512881e-06,0.0069790243614883396,0
production_authorized,T2_material_state,5,4,404,404,3.7681742318381704e-05,0.0060296269026210323,6.265568407326505e-06,0.014099627391978328,0
production_authorized,T2_material_state,5,4,405,405,3.7667601662440352e-05,0.0060296242632380823,6.2660901922750867e-06,0.0069075651432397578,0
production_authorized,T2_material_state,5,4,406,406,3.5761750630792758e-05,0.0060296213234326112,6.2665993073585113e-06,0.0070013496807720399,0
production_authorized,T2_material_state,5,4,407,407,4.5780411776454147e-05,0.0060296191535345453,6.2671537478520278e-06,0.025107911067105308,0
production_authorized,T2_material_state,5,4,408,408,4.1639520764647712e-05,0.0060296155489364955,6.2675978118598152e-06,0.024920131990049364,0
production_authorized,T2_material_state,5,4,409,409,3.6056461395428539e-05,0.006029611744713264,6.2682307889749822e-06,0.011086975136922759,0
production_authorized,T2_material_state,5,4,410,410,4.6174945787076527e-05,0.006029609279401606,6.2688758538653744e-06,0.025625703165510775,0
production_authorized,T2_material_state,5,4,411,411,4.1297478365741571e-05,0.0060296061822308986,6.2693207919517491e-06,0.025452084820416863,0
production_authorized,T2_material_state,5,4,412,412,3.4738840563869335e-05,0.0060296024959310152,6.2699698063495291e-06,0.0069334733565477036,0
production_authorized,T2_material_state,5,4,413,413,3.685797051809892e-05,0.0060295997814977615,6.2705505485816104e-06,0.011754741976695033,0
production_authorized,T2_material_state,5,4,414,414,3.5861494570650588e-05,0.0060295966174579068,6.2710763621964816e-06,0.011860763993380615,0
production_authorized,T2_material_state,5,4,415,415,3.5237907971622172e-05,0.006029593482379453,6.2716606604729108e-06,0.0069195299035621494,0
production_authorized,T2_material_state,5,4,416,416,3.6439945065750919e-05,0.0060295907563770196,6.2722149839489205e-06,0.010960575724927014,0
production_authorized,T2_material_state,5,4,417,417,3.5639745777142043e-05,0.0060295877137082898,6.2727370923054693e-06,0.010862861761947267,0
production_authorized,T2_material_state,5,4,418,418,3.8229022083520562e-05,0.0060295850167169816,6.2733086488853118e-06,0.011431021943390336,0
production_authorized,T2_material_state,5,4,419,419,3.6529950034559697e-05,0.0060295818975072335,6.2738105535142807e-06,0.011548265326057613,0
production_authorized,T2_material_state,5,4,420,420,3.5035467783631505e-05,0.0060295785215831012,6.2744019859728439e-06,0.0069666809091567528,0
production_authorized,T2_material_state,5,4,421,421,3.5197057708440737e-05,0.0060295754760339394,6.2749639175851968e-06,0.0069628219227334531,0
production_authorized,T2_material_state,5,4,422,422,3.9499468318848662e-05,0.0060295731780588627,6.2755168407369055e-06,0.012381240531141549,0
production_authorized,T2_material_state,5,4,423,423,3.5825051323045752e-05,0.0060295703370313487,6.2759795704803167e-06,0.0069700101064910092,0
production_authorized,T2_material_state,5,4,424,424,3.5716941958227362e-05,0.0060295669661891158,6.2765148360899303e-06,0.011179468493568032,0
production_authorized,T2_material_state,5,4,425,425,3.5206150662032588e-05,0.0060295636348808189,6.2771003338513154e-06,0.0073994014551069139,0
production_authorized,T2_material_state,5,4,426,426,3.662508180914615e-05,0.0060295607931045271,6.2776802356445671e-06,0.010326713675651885,0
production_authorized,T2_material_state,5,4,427,427,3.777581060081192e-05,0.0060295579860004892,6.2782002926420333e-06,0.010543539879696672,0
production_authorized,T2_material_state,5,4,428,428,4.2525015207670799e-05,0.0060295557454903594,6.2787364580874083e-06,0.021925368038818144,0
production_authorized,T2_material_state,5,4,429,429,4.1428914842783204e-05,0.0060295524022262979,6.2791753067115152e-06,0.026119056947405642,0
production_authorized,T2_material_state,5,4,430,430,3.7628022137708922e-05,0.0060295493632444479,6.2798147362208567e-06,0.015035062426596685,0
production_authorized,T2_material_state,5,4,431,431,3.6407558731927423e-05,0.0060295460021112671,6.280321877105699e-06,0.015241074646017368,0
production_authorized,T2_material_state,5,4,432,432,3.6440072810867548e-05,0.0060295431135632621,6.2809132315155836e-06,0.012126385304446076,0
production_authorized,T2_material_state,5,4,433,433,3.5565386750758076e-05,0.0060295400912670147,6.2814249692788593e-06,0.012319568073055637,0
production_authorized,T2_material_state,5,4,434,434,3.4712981277276783e-05,0.0060295368935534494,6.2819845225714488e-06,0.0068868182985573068,0
production_authorized,T2_material_state,5,4,435,435,3.5152160401283481e-05,0.0060295339655580807,6.2825311210046308e-06,0.006844137702845754,0
production_authorized,T2_material_state,5,4,436,436,3.6406105272776577e-05,0.0060295313042664127,6.2830587507223257e-06,0.0092076272363710247,0
production_authorized,T2_material_state,5,4,437,437,3.635808631425218e-05,0.0060295285712031648,6.2835570364683235e-06,0.011007326328474929,0
production_authorized,T2_material_state,5,4,438,438,3.5892265904756609e-05,0.0060295258624785781,6.2840693018095806e-06,0.011048314924092931,0
production_authorized,T2_material_state,5,4,439,439,3.4782312795868512e-05,0.0060295226965011535,6.2846064372568122e-06,0.0068892420425973322,0
production_authorized,T2_material_state,5,4,440,440,3.5719446383402059e-05,0.0060295199031278734,6.285141379569481e-06,0.0067967608464409857,0
production_authorized,T2_material_state,5,4,441,441,3.5031753549316137e-05,0.0060295168932248252,6.2856437447189606e-06,0.0088220891580074456,0
production_authorized,T2_material_state,5,4,442,442,3.4645352974910041e-05,0.0060295139117595908,6.2861857627050099e-06,0.0068257202745979351,0
production_authorized,T2_material_state,5,4,443,443,3.4684929021682055e-05,0.006029511007836272,6.2867129402288668e-06,0.0068241500837225022,0
production_authorized,T2_material_state,5,4,444,444,3.450145414234742e-05,0.006029508073604509,6.2872409156700115e-06,0.0067976770131996656,0
production_authorized,T2_material_state,5,4,445,445,5.340340362425784e-05,0.0060295068551444765,6.2877668449701218e-06,0.025843822048313553,0
production_authorized,T2_material_state,5,4,446,446,4.235016314877893e-05,0.0060295038860395493,6.2880489323235977e-06,0.030163419223231697,0
production_authorized,T2_material_state,5,4,447,447,3.7198251560417115e-05,0.0060295003348047769,6.2886403744411012e-06,0.021853969163183006,0
production_authorized,T2_material_state,5,4,448,448,3.4334316546140977e-05,0.0060294966309741372,6.2892559776761559e-06,0.010480783440381988,0
production_authorized,T2_material_state,5,4,449,449,3.7231687436476168e-05,0.0060294938882956145,6.2898334053373972e-06,0.013601991310339102,0
production_authorized,T2_material_state,5,4,450,450,3.5939154637846198e-05,0.0060294906258296036,6.2903188334795246e-06,0.013667548196928864,0
production_authorized,T2_material_state,5,4,451,451,3.4354894982991279e-05,0.0060294874793466197,6.2908911514503174e-06,0.0067821465198428799,0
production_authorized,T2_material_state,5,4,452,452,3.4476890091116223e-05,0.0060294845053746691,6.291420080128951e-06,0.0067907862689361442,0
production_authorized,T2_material_state,5,4,453,453,3.4557218047302878e-05,0.0060294815630927614,6.2919442957998228e-06,0.0067904072477446009,0
production_authorized,T2_material_state,5,4,454,454,3.6108021764599475e-05,0.0060294788992999804,6.2924652718399088e-06,0.0075822972811672596,0
production_authorized,T2_material_state,5,4,455,455,3.4829393445599032e-05,0.0060294761411060407,6.2929506661202339e-06,0.0067615138834148381,0
production_authorized,T2_material_state,5,4,456,456,3.6444909626508609e-05,0.0060294734993180197,6.2934520603796784e-06,0.011533245599290795,0
production_authorized,T2_material_state,5,4,457,457,3.5084933662669183e-05,0.0060294706062629481,6.2939401010986273e-06,0.011502706097331818,0
production_authorized,T2_material_state,5,4,458,458,3.519163988530379e-05,0.0060294674969447537,6.2944724543712027e-06,0.011100574067173843,0
production_authorized,T2_material_state,5,4,459,459,3.8694293916850682e-05,0.0060294652566034541,6.2949892083441483e-06,0.012360468760489062,0
production_authorized,T2_material_state,5,4,460,460,3.4372059381296195e-05,0.0060294627862533074,6.2954270449999683e-06,0.0065941955684775122,0
production_authorized,T2_material_state,5,4,461,461,3.5849847207920533e-05,0.0060294594634191833,6.2959169677689886e-06,0.012507746315571928,0
production_authorized,T2_material_state,5,4,462,462,3.3774250345792272e-05,0.0060294562488877653,6.296482898737743e-06,0.0067221960620792442,0
production_authorized,T2_material_state,5,4,463,463,3.4190314830445327e-05,0.0060294533951540472,6.2970025719311096e-06,0.0066857771945487698,0
production_authorized,T2_material_state,5,4,464,464,5.2806869086838603e-05,0.0060294521593953539,6.2975043898516603e-06,0.02525867871236856,0
production_authorized,T2_material_state,5,4,465,465,4.7396386633604477e-05,0.0060294484078778779,6.2977783840123536e-06,0.030142932498070662,0
production_authorized,T2_material_state,5,4,466,466,3.27288301163568e-05,0.0060294445682858291,6.2984785950126465e-06,0.0067046033073491218,0
production_authorized,T2_material_state,5,4,467,467,3.3752562460626067e-05,0.0060294414797615299,6.299034094103817e-06,0.0066348277969533465,0
production_authorized,T2_material_state,5,4,468,468,3.6292157964476485e-05,0.0060294388253374709,6.2995576549651489e-06,0.010375483884111624,0
production_authorized,T2_material_state,5,4,469,469,3.4977751497594358e-05,0.0060294358974977624,6.300034424033818e-06,0.010527437512575361,0
production_authorized,T2_material_state,5,4,470,470,3.4017030125105952e-05,0.006029432826904854,6.3005645617453254e-06,0.0066717519422986316,0
production_authorized,T2_material_state,5,4,471,471,3.4163681209911916e-05,0.006029429912845532,6.3010761930382131e-06,0.0066735554334041991,0
production_authorized,T2_material_state,5,4,472,472,3.41906439064055e-05,0.0060294270204172976,6.3015825204626452e-06,0.0066809786680933625,0
production_authorized,T2_material_state,5,4,473,473,3.4238277384944603e-05,0.0060294241510956068,6.3020876049924013e-06,0.0066786574221623374,0
production_authorized,T2_material_state,5,4,474,474,3.4965026036633883e-05,0.006029421406534753,6.3025904423197332e-06,0.0066297360925471338,0
production_authorized,T2_material_state,5,4,475,475,3.5575417347909247e-05,0.0060294188255926133,6.3030743165937153e-06,0.012314304138244912,0
production_authorized,T2_material_state,5,4,476,476,3.7603903875689423e-05,0.0060294161986489906,6.3035535440292279e-06,0.011514498845361942,0
production_authorized,T2_material_state,5,4,477,477,5.9658546884906498e-05,0.0060294156026723016,6.3040136052405771e-06,0.025558033396773459,0
production_authorized,T2_material_state,5,4,478,478,5.1286988116166177e-05,0.0060294125439554905,6.304217087138575e-06,0.025089352267269726,0
production_authorized,T2_material_state,5,4,479,479,3.2440172607188235e-05,0.006029408897593215,6.3048463586623527e-06,0.0065494379573619588,0
production_authorized,T2_material_state,5,4,480,480,3.4334027259097249e-05,0.0060294055402637754,6.3053738574847529e-06,0.012034276551907247,0
production_authorized,T2_material_state,5,4,481,481,3.3429985967988394e-05,0.0060294024057585072,6.305914245996469e-06,0.0066270178289588033,0
production_authorized,T2_material_state,5,4,482,482,4.6935128995090438e-05,0.0060294007321208811,6.3064155209069384e-06,0.025144239110212636,0
production_authorized,T2_material_state,5,4,483,483,4.4697681286624212e-05,0.0060293980658167115,6.3067519155968199e-06,0.026298644469392219,0
production_authorized,T2_material_state,5,4,484,484,3.6441044719471628e-05,0.0060293956125534254,6.3072163429822581e-06,0.014228794376479165,0
production_authorized,T2_material_state,5,4,485,485,4.0131583958146289e-05,0.0060293917712262897,6.3077025712621193e-06,0.024317702686708707,0
production_authorized,T2_material_state,5,4,486,486,3.4279922808430454e-05,0.0060293883577470586,6.3083248486028864e-06,0.0085827062691494153,0
production_authorized,T2_material_state,5,4,487,487,3.4039313645538595e-05,0.0060293853757456203,6.3088191878390987e-06,0.0092905061341000926,0
production_authorized,T2_material_state,5,4,488,488,3.7339675230302576e-05,0.0060293827129504988,6.3093263596991633e-06,0.011158761979972353,0
production_authorized,T2_material_state,5,4,489,489,3.5497817435937098e-05,0.0060293797684411281,6.3097790985455759e-06,0.011305025535544962,0
production_authorized,T2_material_state,5,4,490,490,3.5327269763820815e-05,0.0060293767751808912,6.3103008625109425e-06,0.0073536557202365264,0
production_authorized,T2_material_state,5,4,491,491,3.4076622605538289e-05,0.0060293740220048898,6.3107610673851511e-06,0.0065702381251632191,0
production_authorized,T2_material_state,5,4,492,492,3.3921583619818152e-05,0.0060293709226264093,6.3112328800851714e-06,0.0091335687753716158,0
production_authorized,T2_material_state,5,4,493,493,3.3726792904786935e-05,0.0060293678986406583,6.3117450014305021e-06,0.0066241423524213694,0
production_authorized,T2_material_state,5,4,494,494,3.5526015103333099e-05,0.0060293652944240442,6.3122495581602323e-06,0.0083596576943917329,0
production_authorized,T2_material_state,5,4,495,495,3.8483704788659905e-05,0.0060293629178278622,6.3127049482192277e-06,0.013596138770519475,0
production_authorized,T2_material_state,5,4,496,496,3.491940508429368e-05,0.006029360389851102,6.3131404401950419e-06,0.01107465253405702,0
production_authorized,T2_material_state,5,4,497,497,3.6901053823763756e-05,0.00602935781649878,6.3136158423571231e-06,0.010904825198623767,0
production_authorized,T2_material_state,5,4,498,498,3.4956626461130233e-05,0.006029355407333248,6.3140440188513836e-06,0.010075266797508907,0
production_authorized,T2_material_state,5,4,499,499,3.5376377379714041e-05,0.006029352114145646,6.3144988911023603e-06,0.011288214875529086,0
production_authorized,T2_material_state,5,4,500,500,4.0145529998029557e-05,0.0060293495570793963,6.315037636484e-06,0.021388141725482215,0
production_authorized,T2_material_state,5,4,501,501,3.6604291603859261e-05,0.0060293466000063993,6.3154355556260811e-06,0.021233587950646421,0
production_authorized,T2_material_state,5,4,502,502,3.4570758193442047e-05,0.006029343153753218,6.3159494353426382e-06,0.011477145380046147,0
production_authorized,T2_material_state,5,4,503,503,3.952630770703522e-05,0.006029340665999105,6.3164946361160546e-06,0.019245444228492389,0
production_authorized,T2_material_state,5,4,504,504,3.8247728138918953e-05,0.0060293376690335587,6.3169071093938101e-06,0.022339405801654558,0
production_authorized,T2_material_state,5,4,505,505,3.3004683414995884e-05,0.0060293343351694164,6.317457756477296e-06,0.0065127951357469849,0
production_authorized,T2_material_state,5,4,506,506,3.3363426824638891e-05,0.0060293314141618383,6.3179519224076941e-06,0.0064864011722934878,0
production_authorized,T2_material_state,5,4,507,507,3.3575148717543688e-05,0.0060293285535224688,6.3184358393142404e-06,0.0064900930194135009,0
production_authorized,T2_material_state,5,4,508,508,3.9095770343710029e-05,0.0060293265286850565,6.31891400049156e-06,0.014857258705224665,0
production_authorized,T2_material_state,5,4,509,509,3.6643966338321592e-05,0.0060293236330543004,6.3193045184428698e-06,0.014751327218154335,0
production_authorized,T2_material_state,5,4,510,510,3.3377459467494531e-05,0.0060293205815225891,6.3198124438113013e-06,0.0064965944466618408,0
production_authorized,T2_material_state,5,4,511,511,3.3293895308190291e-05,0.006029317658851464,6.3202854717614443e-06,0.0065460721585620663,0
production_authorized,T2_material_state,5,4,512,512,3.388437431966257e-05,0.0060293149194198268,6.3207718277169533e-06,0.0064768275975753964,0
production_authorized,T2_material_state,5,4,513,513,3.3715497442515644e-05,0.006029312079528215,6.3212330818629425e-06,0.0065387243022556607,0
production_authorized,T2_material_state,5,4,514,514,3.405686570667374e-05,0.0060293092907617619,6.3217133886572796e-06,0.0087460153242963704,0
production_authorized,T2_material_state,5,4,515,515,3.94329489291559e-05,0.0060293069810042794,6.3221873748409152e-06,0.01186184454329409,0
production_authorized,T2_material_state,5,4,516,516,3.438373946426723e-05,0.0060293048877527117,6.3225840069014438e-06,0.009994019254099186,0
production_authorized,T2_material_state,5,4,517,517,3.2912424960723091e-05,0.0060293023000480899,6.3230030893368649e-06,0.0064370390890570502,0
production_authorized,T2_material_state,5,4,518,518,3.4440755189823676e-05,0.0060292990112446772,6.3234675569123766e-06,0.010950011692308307,0
production_authorized,T2_material_state,5,4,519,519,4.0182773237384558e-05,0.0060292965097797132,6.3239912313495239e-06,0.019570718867204063,0
production_authorized,T2_material_state,5,4,520,520,3.6850490057578306e-05,0.0060292933214402275,6.3243745465069168e-06,0.016728290497281771,0
production_authorized,T2_material_state,5,4,521,521,3.263156619938533e-05,0.0060292900478289696,6.3249345901850162e-06,0.0065338058092963003,0
production_authorized,T2_material_state,5,4,522,522,3.3331187865938819e-05,0.0060292872051426012,6.3254251795319405e-06,0.0064739018247220725,0
production_authorized,T2_material_state,5,4,523,523,3.3266399228771213e-05,0.0060292844369259626,6.3258921098041654e-06,0.0064643833073595447,0
production_authorized,T2_material_state,5,4,524,524,3.378324168303975e-05,0.0060292814250547978,6.3263566604243593e-06,0.0077140387223598953,0
production_authorized,T2_material_state,5,4,525,525,3.4201617990978276e-05,0.0060292785878676277,6.3268481427236622e-06,0.0071315281843776978,0
production_authorized,T2_material_state,5,4,526,526,3.4405760079795985e-05,0.0060292759623003962,6.3272983714668385e-06,0.0076541296064447139,0
production_authorized,T2_material_state,5,4,527,527,3.3434485358547575e-05,0.0060292729135637824,6.3277566491048987e-06,0.0077452805076966029,0
production_authorized,T2_material_state,5,4,528,528,3.4864637329768256e-05,0.0060292703022343424,6.3282413758081191e-06,0.009580174620355238,0
production_authorized,T2_material_state,5,4,529,529,3.4485909427735659e-05,0.0060292676191725418,6.3286813287710686e-06,0.0075788153334902433,0
production_authorized,T2_material_state,5,4,530,530,3.9268956699447647e-05,0.0060292652969533402,6.3291254381869777e-06,0.019555938359236091,0
production_authorized,T2_material_state,5,4,531,531,3.7481857953575401e-05,0.0060292619431996921,6.3295273526886575e-06,0.02282525375285839,0
production_authorized,T2_material_state,5,4,532,532,3.468595815979626e-05,0.0060292592367494468,6.3300626750306677e-06,0.012325232726488125,0
production_authorized,T2_material_state,5,4,533,533,3.4432445847097365e-05,0.0060292565551243087,6.3305142036229611e-06,0.0064465022867965516,0
production_authorized,T2_material_state,5,4,534,534,3.3525623830825215e-05,0.0060292537847939929,6.3309562701174826e-06,0.0064923606489275532,0
production_authorized,T2_material_state,5,4,535,535,3.3844599148858473e-05,0.0060292507298327705,6.331413717530765e-06,0.0094158963054450616,0
production_authorized,T2_material_state,5,4,536,536,3.6691526746303515e-05,0.0060292483470732522,6.3318976419868278e-06,0.010324692625232331,0
production_authorized,T2_material_state,5,4,537,537,3.5149828952019845e-05,0.0060292457186158993,6.3323006984639107e-06,0.010224917197033889,0
production_authorized,T2_material_state,5,4,538,538,3.6820389572453279e-05,0.006029242815788532,6.3327767056975404e-06,0.014483837258606871,0
production_authorized,T2_material_state,5,4,539,539,3.9568267347989841e-05,0.0060292400086795319,6.333229095489834e-06,0.017104410275004429,0
production_authorized,T2_material_state,5,4,540,540,3.496467504129028e-05,0.0060292371420728828,6.3336714685169326e-06,0.016109225156663527,0
production_authorized,T2_material_state,5,4,541,541,3.2982432748023509e-05,0.0060292341435776485,6.3341693348206718e-06,0.0064435713876871414,0
production_authorized,T2_material_state,5,4,542,542,3.4965083789516925e-05,0.0060292316419289669,6.334624934378752e-06,0.013428113418488569,0
production_authorized,T2_material_state,5,4,543,543,3.3098861499360626e-05,0.0060292288851730583,6.3350554315722007e-06,0.0064689958970203243,0
production_authorized,T2_material_state,5,4,544,544,3.3045355378327331e-05,0.0060292260616113223,6.33551341888694e-06,0.0064157094306092066,0
production_authorized,T2_material_state,5,4,545,545,3.2971014340757965e-05,0.0060292232530234505,6.3359639752569308e-06,0.0064310956500501781,0
production_authorized,T2_material_state,5,4,546,546,3.4203131592943862e-05,0.0060292199585487644,6.3364174943680851e-06,0.014817741877009762,0
production_authorized,T2_material_state,5,4,547,547,4.1916043282868741e-05,0.0060292178350799574,6.3369133158630575e-06,0.021133107832101539,0
production_authorized,T2_material_state,5,4,548,548,3.6477229276099262e-05,0.0060292153725613456,6.3372488812163397e-06,0.019489798129351851,0
production_authorized,T2_material_state,5,4,549,549,3.4139071178719914e-05,0.0060292123344254265,6.3377268887387928e-06,0.011268676405895198,0
production_authorized,T2_material_state,5,4,550,550,3.2763334690779951e-05,0.0060292093116248212,6.3381761200576037e-06,0.0065061101741821226,0
production_authorized,T2_material_state,5,4,551,551,3.3532251110183493e-05,0.006029205936815509,6.3386479761673442e-06,0.012697480061156185,0
production_authorized,T2_material_state,5,4,552,552,3.2914795404872653e-05,0.0060292029738000059,6.3391454696581917e-06,0.0064969879720311319,0
production_authorized,T2_material_state,5,4,553,553,3.5417200096567133e-05,0.0060292004801299143,6.33960736218242e-06,0.0094974578465267297,0
production_authorized,T2_material_state,5,4,554,554,3.4120004698062731e-05,0.006029198061105182,6.3400181596895422e-06,0.0085914179768717212,0
production_authorized,T2_material_state,5,4,555,555,3.460573444488315e-05,0.0060291947024566014,6.3404354949669894e-06,0.011092226082028925,0
production_authorized,T2_material_state,5,4,556,556,3.2767219260564342e-05,0.0060291917280997009,6.3409413445514318e-06,0.0064918225145699227,0
production_authorized,T2_material_state,5,4,557,557,3.3114841032705035e-05,0.0060291889072121999,6.3414034205955261e-06,0.006475637437784787,0
production_authorized,T2_material_state,5,4,558,558,4.3980773937580604e-05,0.006029187089246448,6.3418523348346412e-06,0.024899050164243555,0
production_authorized,T2_material_state,5,4,559,559,3.8443700068854752e-05,0.0060291843053857062,6.342188527019843e-06,0.023058678354824891,0
production_authorized,T2_material_state,5,4,560,560,3.2409909214104892e-05,0.0060291809192296502,6.3426898107010743e-06,0.0064431308371347695,0
production_authorized,T2_material_state,5,4,561,561,3.5504961722655591e-05,0.0060291784230041383,6.3431617858267231e-06,0.011900882355813804,0
production_authorized,T2_material_state,5,4,562,562,3.3028287896671654e-05,0.0060291758593868285,6.343565742694679e-06,0.0063971788597096957,0
production_authorized,T2_material_state,5,4,563,563,3.37091757895515e-05,0.0060291732881842131,6.3440044333340495e-06,0.0083566901782516408,0
production_authorized,T2_material_state,5,4,564,564,3.3956330813978253e-05,0.00602916995378322,6.3444222881958723e-06,0.013845010173762589,0
production_authorized,T2_material_state,5,4,565,565,3.3718452549587585e-05,0.0060291671508465707,6.344916663958422e-06,0.0097414427530771539,0
production_authorized,T2_material_state,5,4,566,566,3.5128999046469555e-05,0.0060291646304186479,6.3453423492232375e-06,0.01294846729690367,0
production_authorized,T2_material_state,5,4,567,567,3.7543379917517865e-05,0.0060291620327402439,6.3457694974289325e-06,0.012899538596118311,0
production_authorized,T2_material_state,5,4,568,568,3.38484623447924e-05,0.0060291591495037142,6.3461816178778108e-06,0.011212908938586643,0
production_authorized,T2_material_state,5,4,569,569,3.3223422160195334e-05,0.0060291562334521672,6.3466504747200503e-06,0.0072067624669591174,0
production_authorized,T2_material_state,5,4,570,570,3.2962402649276911e-05,0.0060291531986484577,6.3470952315070051e-06,0.0094180910874114895,0
production_authorized,T2_material_state,5,4,571,571,3.66318740342277e-05,0.006029151005955748,6.3475570096782619e-06,0.011250637308476492,0
production_authorized,T2_material_state,5,4,572,572,3.3873596758065908e-05,0.0060291483954005333,6.3479241908526163e-06,0.0093884337636140607,0
production_authorized,T2_material_state,5,4,573,573,3.4277930716142614e-05,0.0060291449224818168,6.3483540738706878e-06,0.011524966858354902,0
production_authorized,T2_material_state,5,4,574,574,3.2289107640001786e-05,0.0060291420521995653,6.3488514542298091e-06,0.0063966261743729769,0
production_authorized,T2_material_state,5,4,575,575,3.2564823963733657e-05,0.0060291392711590962,6.3493012939508375e-06,0.0064022011079760688,0
production_authorized,T2_material_state,5,4,576,576,3.2632486789148591e-05,0.0060291364907691571,6.3497415669910851e-06,0.0064013139665957119,0
production_authorized,T2_material_state,5,4,577,577,3.2676847739068482e-05,0.006029133714642778,6.350179682979018e-06,0.0063827118803094773,0
production_authorized,T2_material_state,5,4,578,578,3.2599639771448368e-05,0.0060291309632581501,6.3506142956581968e-06,0.0063631019593372029,0
production_authorized,T2_material_state,5,4,579,579,3.256102513074702e-05,0.0060291282108311771,6.3510486080220474e-06,0.0063381976127300232,0
production_authorized,T2_material_state,5,4,580,580,3.4939505741213447e-05,0.0060291259197137841,6.351480465460746e-06,0.013022781437694675,0
production_authorized,T2_material_state,5,4,581,581,3.2606001834223656e-05,0.0060291234448725311,6.3518723187883097e-06,0.0063430977126119892,0
production_authorized,T2_material_state,5,4,582,582,3.2401714684396804e-05,0.0060291207756465563,6.3522939444116133e-06,0.0063337177993415539,0
production_authorized,T2_material_state,5,4,583,583,3.7675776130726603e-05,0.0060291188117347948,6.3527189425593988e-06,0.013249510649563779,0
production_authorized,T2_material_state,5,4,584,584,3.4884212408625892e-05,0.0060291155631045845,6.3530681978507531e-06,0.013097807913954937,0
production_authorized,T2_material_state,5,4,585,585,3.5715710771852629e-05,0.0060291128468987704,6.3535473550091481e-06,0.013097807913954937,0
production_authorized,T2_material_state,5,4,586,586,3.4332414122153266e-05,0.0060291103759522423,6.3539625194675153e-06,0.012983143509588973,0
production_authorized,T2_material_state,5,4,587,587,3.3515006747736721e-05,0.0060291079636570809,6.3543589097214692e-06,0.0065375440769521592,0
production_authorized,T2_material_state,5,4,588,588,3.5680613494348554e-05,0.0060291051127999177,6.3547621174109281e-06,0.011063507061899361,0
production_authorized,T2_material_state,5,4,589,589,3.5886677675244813e-05,0.0060291027676705276,6.355194884566373e-06,0.011373650196736229,0
production_authorized,T2_material_state,5,4,590,590,3.403872763729955e-05,0.0060290996004475246,6.3555845918328302e-06,0.011876017395983974,0
production_authorized,T2_material_state,5,4,591,591,3.3075903944675254e-05,0.0060290960110567036,6.356054003786582e-06,0.011396187243526703,0
production_authorized,T2_material_state,5,4,592,592,3.184038147331479e-05,0.0060290930889250515,6.3565370251872366e-06,0.0063210889306491991,0
production_authorized,T2_material_state,5,4,593,593,3.2111487910624654e-05,0.0060290903163363711,6.3569735517798875e-06,0.0063349339821391348,0
production_authorized,T2_material_state,5,4,594,594,3.2197056709076037e-05,0.0060290875846366236,6.3574012835188043e-06,0.0063246718426781534,0
production_authorized,T2_material_state,5,4,595,595,3.2180524217678503e-05,0.0060290848700596663,6.357823825742237e-06,0.0063099558587191851,0
production_authorized,T2_material_state,5,4,596,596,4.0857400410544367e-05,0.0060290829776536818,6.3582456674149412e-06,0.021902019066017454,0
production_authorized,T2_material_state,5,4,597,597,3.6452594621043948e-05,0.0060290803112300643,6.358571040809835e-06,0.02133202801155153,0
production_authorized,T2_material_state,5,4,598,598,3.1426224382205762e-05,0.006029077118206147,6.3590411505387578e-06,0.0062445119234164626,0
production_authorized,T2_material_state,5,4,599,599,3.1752454197582509e-05,0.0060290743175497822,6.3594721755322325e-06,0.0062300166730696604,0
production_authorized,T2_material_state,5,4,600,600,3.2445659170982479e-05,0.0060290717100323762,6.3598930816199939e-06,0.0061841505706404787,0
production_authorized,T2_material_state,5,4,601,601,3.7813301592414276e-05,0.0060290699925357582,6.3602969171405732e-06,0.013195876429682379,0
production_authorized,T2_material_state,5,4,602,602,3.5519866781234498e-05,0.0060290670457629992,6.3606202425070535e-06,0.013123062109716897,0
production_authorized,T2_material_state,5,4,603,603,3.15302662832167e-05,0.0060290643378704085,6.3610717823125995e-06,0.0062590122496856138,0
production_authorized,T2_material_state,5,4,604,604,3.2509946384722599e-05,0.006029061262859849,6.3614919800780712e-06,0.012651902942476539,0
production_authorized,T2_material_state,5,4,605,605,3.495820090346975e-05,0.0060290588899631079,6.3619404738757268e-06,0.013649629157483139,0
production_authorized,T2_material_state,5,4,606,606,3.2074646248453925e-05,0.0060290562738868477,6.3623095504228289e-06,0.0062011627003760728,0
production_authorized,T2_material_state,5,4,607,607,3.1868624935932491e-05,0.006029053509794104,6.3627115923781119e-06,0.0062626342061408158,0
production_authorized,T2_material_state,5,4,608,608,3.3411571035899639e-05,0.0060290510928883087,6.3631308863110192e-06,0.0085198072826704729,0
production_authorized,T2_material_state,5,4,609,609,3.429619270792059e-05,0.0060290484891914291,6.3635117204530189e-06,0.013610840824668815,0
production_authorized,T2_material_state,5,4,610,610,3.1508905197280736e-05,0.0060290457127969016,6.3639365645018486e-06,0.0063388071667835888,0
production_authorized,T2_material_state,5,4,611,611,3.1871734134780216e-05,0.0060290430581351299,6.3643596107665346e-06,0.0062565040199494826,0
production_authorized,T2_material_state,5,4,612,612,3.2543174165640775e-05,0.006029039930776193,6.3647628003593582e-06,0.013046823591707876,0
production_authorized,T2_material_state,5,4,613,613,3.1370543160800164e-05,0.0060290369722258257,6.3652104592692993e-06,0.0062188915931432609,0
production_authorized,T2_material_state,5,4,614,614,3.1551087207729207e-05,0.0060290342587412575,6.365625087267901e-06,0.0061988080843056181,0
production_authorized,T2_material_state,5,4,615,615,3.1543375507580894e-05,0.0060290315760849391,6.3660324766123821e-06,0.0061876603326529445,0
production_authorized,T2_material_state,5,4,616,616,3.1505218492070476e-05,0.006029028909658187,6.366437837468375e-06,0.006168854688041292,0
production_authorized,T2_material_state,5,4,617,617,3.8979229026708582e-05,0.0060290269511292759,6.3668410809070153e-06,0.02038269902326216,0
production_authorized,T2_material_state,5,4,618,618,3.2259970223064606e-05,0.006029025136355331,6.3671641964413439e-06,0.0098124040080061238,0
production_authorized,T2_material_state,5,4,619,619,3.1807631007794833e-05,0.0060290224032727453,6.3675157863096743e-06,0.01372417155237346,0
production_authorized,T2_material_state,5,4,620,620,3.1763443072206874e-05,0.0060290199202595483,6.3679381205883345e-06,0.0064021600790267596,0
production_authorized,T2_material_state,5,4,621,621,3.4953619902369429e-05,0.0060290168776675739,6.3683048825424748e-06,0.020536019576084492,0
production_authorized,T2_material_state,5,4,622,622,3.0632220413270352e-05,0.0060290136939164032,6.3687583772287226e-06,0.0061179078713277102,0
production_authorized,T2_material_state,5,4,623,623,3.1377259648435762e-05,0.0060290109816418585,6.3691729224046867e-06,0.006089153159701377,0
production_authorized,T2_material_state,5,4,624,624,3.5450550609061953e-05,0.0060290089148447249,6.3695671285168842e-06,0.010612161363295063,0
production_authorized,T2_material_state,5,4,625,625,3.5126568040830413e-05,0.0060290067986502431,6.36990065727705e-06,0.012608685713523823,0
production_authorized,T2_material_state,5,4,626,626,3.3145609555216898e-05,0.0060290034664622124,6.3702639174767484e-06,0.013811158090632276,0
production_authorized,T2_material_state,5,4,627,627,3.2621036660525085e-05,0.0060290008700545602,6.3707336221963118e-06,0.012357227441394439,0
production_authorized,T2_material_state,5,4,628,628,3.1729077238007616e-05,0.0060289985430224185,6.3711114436371119e-06,0.006104642649115477,0
production_authorized,T2_material_state,5,4,629,629,3.4326525516538485e-05,0.0060289961658285618,6.3714869041886502e-06,0.013623792537624841,0
production_authorized,T2_material_state,5,4,630,630,3.2039892312644614e-05,0.0060289938987251792,6.3718524224709583e-06,0.00973790772665592,0
production_authorized,T2_material_state,5,4,631,631,3.1177911086933446e-05,0.0060289913456538372,6.3722157130907675e-06,0.0098421735785885131,0
production_authorized,T2_material_state,5,4,632,632,3.1156629346803165e-05,0.0060289889381656111,6.3726043314504821e-06,0.010121473860589097,0
production_authorized,T2_material_state,5,4,633,633,3.170072932908575e-05,0.0060289864711886082,6.3729747108443036e-06,0.010065731577470021,0
production_authorized,T2_material_state,5,4,634,634,3.3852647050870512e-05,0.0060289833506471796,6.3733456230341545e-06,0.017839182599290144,0
production_authorized,T2_material_state,5,4,635,635,3.0043962081790459e-05,0.006028980178817752,6.3738058564410949e-06,0.0059727281336185989,0
production_authorized,T2_material_state,5,4,636,636,3.0388565470172468e-05,0.0060289774939236733,6.3742045803838465e-06,0.0059632865589442918,0
production_authorized,T2_material_state,5,4,637,637,3.0886309319634605e-05,0.0060289749734493137,6.3745932478154188e-06,0.0059203353438109785,0
production_authorized,T2_material_state,5,4,638,638,3.0357717035195082e-05,0.006028972488514246,6.3749655201394972e-06,0.0059597744766383132,0
production_authorized,T2_material_state,5,4,639,639,3.8672209730434583e-05,0.0060289706055141395,6.375345969256152e-06,0.017456203378084213,0
production_authorized,T2_material_state,5,4,640,640,3.0016005520069972e-05,0.0060289687510842651,6.3756466706088588e-06,0.0058048856560466433,0
production_authorized,T2_material_state,5,4,641,641,2.9571589460817013e-05,0.0060289662953785204,6.3759973969457207e-06,0.009225158756188602,0
production_authorized,T2_material_state,5,4,642,642,2.9262033161209776e-05,0.0060289637499065206,6.3763775670633294e-06,0.0058080965506032145,0
production_authorized,T2_material_state,5,4,643,643,2.9589339567545598e-05,0.006028961380410508,6.3767455688035213e-06,0.0057844260164825467,0
production_authorized,T2_material_state,5,4,644,644,2.9586326374048035e-05,0.0060289586540940975,6.3771053212535733e-06,0.0071574424954757108,0
production_authorized,T2_material_state,5,4,645,645,3.2027412212462647e-05,0.0060289556694742945,6.377493776299481e-06,0.011634967872890721,0
production_authorized,T2_material_state,5,4,646,646,2.9812898577561695e-05,0.0060289527676357204,6.377907903365454e-06,0.0059390370766329026,0
production_authorized,T2_material_state,5,4,647,647,3.1905755763693009e-05,0.0060289505098196517,6.3782915423749031e-06,0.0089657053685184909,0
production_authorized,T2_material_state,5,4,648,648,3.0237019590453614e-05,0.0060289478784658979,6.3786389680187128e-06,0.0071498443591625086,0
production_authorized,T2_material_state,5,4,649,649,3.0095823103560271e-05,0.0060289450254378627,6.3790301402244509e-06,0.0082428775858772018,0
production_authorized,T2_material_state,5,4,650,650,3.1765275712241922e-05,0.0060289426533810062,6.3794227711522211e-06,0.00749095711409049,0
production_authorized,T2_material_state,5,4,651,651,3.0070981454399287e-05,0.0060289403576055051,6.3797666722820168e-06,0.0059123571418331355,0
production_authorized,T2_material_state,5,4,652,652,3.0310829306113015e-05,0.0060289379968413827,6.3801354336368021e-06,0.0081657748968452029,0
production_authorized,T2_material_state,5,4,653,653,3.1169391306523743e-05,0.0060289356010806028,6.3804887561191848e-06,0.0081956536587629164,0
production_authorized,T2_material_state,5,4,654,654,3.0452881864750799e-05,0.0060289331727928913,6.3808413346411186e-06,0.01452430498414603,0
production_authorized,T2_material_state,5,4,655,655,3.8327063726048053e-05,0.0060289312847272179,6.3812458312995091e-06,0.022171371341289218,0
production_authorized,T2_material_state,5,4,656,656,2.9576393501618327e-05,0.0060289291362821632,6.3815271671430196e-06,0.0065377297198861819,0
production_authorized,T2_material_state,5,4,657,657,3.0123556119514723e-05,0.0060289268443008684,6.3818906063106695e-06,0.011009656734399489,0
production_authorized,T2_material_state,5,4,658,658,3.1817532928540514e-05,0.0060289236689269965,6.3822171998406674e-06,0.017107475254230266,0
production_authorized,T2_material_state,5,4,659,659,2.9793442850839046e-05,0.0060289205585540261,6.3826512403108993e-06,0.013966125839258953,0
production_authorized,T2_material_state,5,4,660,660,3.1185622477377268e-05,0.0060289181975157202,6.3830039533918637e-06,0.011180909928666164,0
production_authorized,T2_material_state,5,4,661,661,2.9730414506024849e-05,0.0060289154079147091,6.3833499630572277e-06,0.011209654141744383,0
production_authorized,T2_material_state,5,4,662,662,2.9392220766540214e-05,0.0060289139658005952,6.3837362921370655e-06,0.014201289542871327,0
production_authorized,T2_material_state,5,4,663,663,2.9283690354688533e-05,0.006028910746205581,6.3840889130695189e-06,0.01419864255194604,0
production_authorized,T2_material_state,5,4,664,664,3.4915512279482364e-05,0.0060289088843250155,6.3844513727984165e-06,0.017442632645651383,0
production_authorized,T2_material_state,5,4,665,665,2.9643556263864188e-05,0.0060289061747711408,6.3847411465589587e-06,0.015802966478469099,0
production_authorized,T2_material_state,5,4,666,666,2.9563997633367845e-05,0.0060289033068379226,6.3851069598275245e-06,0.010744627720489961,0
production_authorized,T2_material_state,5,4,667,667,3.0264815806879021e-05,0.0060289008236025631,6.3854915155481251e-06,0.011325538986974982,0
production_authorized,T2_material_state,5,4,668,668,2.9404290088096768e-05,0.0060288981349780448,6.3858236661884504e-06,0.01121934546817536,0
production_authorized,T2_material_state,5,4,669,669,2.8639698546925014e-05,0.0060288956062430326,6.3861971415501984e-06,0.0057339265733464817,0
production_authorized,T2_material_state,5,4,670,670,3.4927306144819313e-05,0.0060288938260014951,6.3865555427478071e-06,0.012105163884452937,0
production_authorized,T2_material_state,5,4,671,671,3.1747959249396128e-05,0.0060288912237412822,6.3868256017229896e-06,0.013067551232770779,0
production_authorized,T2_material_state,5,4,672,672,3.6079244987758885e-05,0.0060288892817707308,6.3872339801651634e-06,0.019828299649245838,0
production_authorized,T2_material_state,5,4,673,673,3.2111585348675439e-05,0.0060288868148975798,6.3875084662656789e-06,0.019502882513936882,0
production_authorized,T2_material_state,5,4,674,674,3.1243787700244291e-05,0.0060288843613614234,6.3879016939383249e-06,0.012652175938588792,0
production_authorized,T2_material_state,5,4,675,675,2.7906426063722098e-05,0.0060288821397770261,6.3882121895675326e-06,0.0086141062973120741,0
production_authorized,T2_material_state,5,4,676,676,3.3589894212423942e-05,0.0060288807291838855,6.3885545226183282e-06,0.016705007034265865,0
production_authorized,T2_material_state,5,4,677,677,3.1942431892800996e-05,0.0060288777529690423,6.3888075259033172e-06,0.016516032181326655,0
production_authorized,T2_material_state,5,4,678,678,2.756589140173978e-05,0.0060288750189358437,6.3892086356043265e-06,0.0089534454426211316,0
production_authorized,T2_material_state,5,4,679,679,2.9265443406993555e-05,0.0060288727701275887,6.389567055786749e-06,0.0089245689684610413,0
production_authorized,T2_material_state,5,4,680,680,2.7286782894872486e-05,0.0060288706585465892,6.3898775699566812e-06,0.0053354825970705066,0
production_authorized,T2_material_state,5,4,681,681,3.316697389713528e-05,0.0060288689010947983,6.3902003365479132e-06,0.019245046078385591,0
production_authorized,T2_material_state,5,4,682,682,2.7210007273631467e-05,0.0060288667153375244,6.3904839637807243e-06,0.0062687763707214988,0
production_authorized,T2_material_state,5,4,683,683,2.6637575248323879e-05,0.0060288643894222966,6.3908143810298412e-06,0.005296753114099273,0
production_authorized,T2_material_state,5,4,684,684,2.7405077069261024e-05,0.0060288621289554386,6.3911369095892567e-06,0.0078615556649316229,0
production_authorized,T2_material_state,5,4,685,685,3.4202948709779846e-05,0.006028859642049824,6.3914623044114549e-06,0.016810535510805191,0
production_authorized,T2_material_state,5,4,686,686,2.7695836804015575e-05,0.006028856902625091,6.3918001930174384e-06,0.0054470406395463744,0
production_authorized,T2_material_state,5,4,687,687,2.9965871446436807e-05,0.0060288539497499148,6.3921285693435692e-06,0.014709496608152278,0
production_authorized,T2_material_state,5,4,688,688,2.8239316936978911e-05,0.0060288516386621752,6.3925059570202336e-06,0.0064166676004415047,0
production_authorized,T2_material_state,5,4,689,689,2.8615408749224097e-05,0.0060288496143687297,6.3928293647652623e-06,0.0074042952056671881,0
production_authorized,T2_material_state,5,4,690,690,2.7887222462400503e-05,0.0060288472043541087,6.3931324458810224e-06,0.0076679403711476923,0
production_authorized,T2_material_state,5,4,691,691,2.6976506887634175e-05,0.0060288447143500672,6.3934808289811684e-06,0.0054582224280955716,0
production_authorized,T2_material_state,5,4,692,692,3.0176120374598917e-05,0.006028842587441346,6.3938175192124191e-06,0.0087443881191178949,0
production_authorized,T2_material_state,5,4,693,693,2.8531501005230478e-05,0.0060288404184223642,6.3941100482134416e-06,0.0093889500461364524,0
production_authorized,T2_material_state,5,4,694,694,2.6968309343709678e-05,0.0060288379160480243,6.3944540531490901e-06,0.0053841112185086804,0
production_authorized,T2_material_state,5,4,695,695,3.4710484173008243e-05,0.0060288361859038991,6.3947787032336834e-06,0.0164931477734322,0
production_authorized,T2_material_state,5,4,696,696,3.1637248770745312e-05,0.0060288333560615552,6.3950401326673401e-06,0.01649913756221363,0
production_authorized,T2_material_state,5,4,697,697,3.3154354824327114e-05,0.0060288315910736389,6.3954060383064615e-06,0.01924676952917502,0
production_authorized,T2_material_state,5,4,698,698,2.9922791372759853e-05,0.006028829382932973,6.3956740051773764e-06,0.017702058150127778,0
production_authorized,T2_material_state,5,4,699,699,3.6876928417261965e-05,0.0060288280865843803,6.3960227438819572e-06,0.018038858618538638,0
production_authorized,T2_material_state,5,4,700,700,3.3023229033539603e-05,0.0060288252655167612,6.3962257609295747e-06,0.017260398515581827,0
production_authorized,T2_material_state,5,4,701,701,3.8058323097740877e-05,0.0060288235728628015,6.3966072707533073e-06,0.020163889021096591,0
production_authorized,T2_material_state,5,4,702,702,2.5043870453746531e-05,0.0060288223222762565,6.3968320346274865e-06,0.0048277451041968122,0
production_authorized,T2_material_state,5,4,703,703,2.7838955522400336e-05,0.0060288201663728502,6.3971042345567497e-06,0.015012548987360132,0
production_authorized,T2_material_state,5,4,704,704,3.0002009877786525e-05,0.0060288180373689925,6.397426990600863e-06,0.014819529816956565,0
production_authorized,T2_material_state,5,4,705,705,2.9609749450762653e-05,0.006028816896264169,6.3976824805633825e-06,0.015579620152293219,0
production_authorized,T2_material_state,5,4,706,706,3.4199734341824751e-05,0.0060288138719636645,6.3979003741554408e-06,0.018892851240890983,0
production_authorized,T2_material_state,5,4,707,707,2.6656816944745935e-05,0.0060288110076869546,6.3983048207427728e-06,0.011335491379999509,0
production_authorized,T2_material_state,5,4,708,708,2.7310239865434411e-05,0.0060288083784363787,6.3986169215324296e-06,0.015060340597187709,0
production_authorized,T2_material_state,5,4,709,709,3.1028060791881771e-05,0.0060288063850442294,6.398963663278856e-06,0.018259833233773833,0
production_authorized,T2_material_state,5,4,710,710,2.7713284331975733e-05,0.0060288044003941063,6.3992235851406676e-06,0.0068608914043269634,0
production_authorized,T2_material_state,5,4,711,711,2.9097907680407594e-05,0.006028801520605559,6.399499779874418e-06,0.015721901165652301,0
production_authorized,T2_material_state,5,4,712,712,2.5895211172836838e-05,0.0060287989373560801,6.3998682104937643e-06,0.0075715181326969621,0
production_authorized,T2_material_state,5,4,713,713,2.5726139512155498e-05,0.0060287966108845291,6.400192542499461e-06,0.005145011403901445,0
production_authorized,T2_material_state,5,4,714,714,2.58343154332917e-05,0.0060287943290350211,6.4005049196236286e-06,0.0051669150912057038,0
production_authorized,T2_material_state,5,4,715,715,2.5953981116891747e-05,0.0060287921119994009,6.4008148812355614e-06,0.0051438549530736788,0
production_authorized,T2_material_state,5,4,716,716,2.5828948621373006e-05,0.0060287899221136776,6.4011177145495424e-06,0.0051425669725638778,0
production_authorized,T2_material_state,5,4,717,717,3.1021891996561399e-05,0.0060287883447259685,6.4014205356510701e-06,0.013959978323384381,0
production_authorized,T2_material_state,5,4,718,718,2.5611674877788219e-05,0.0060287865517994216,6.4016505415542824e-06,0.0049871230553532042,0
production_authorized,T2_material_state,5,4,719,719,2.6733638952764047e-05,0.0060287841252081057,6.4019291805550438e-06,0.012827799699967859,0
production_authorized,T2_material_state,5,4,720,720,2.6463389304425523e-05,0.0060287813133357657,6.4022559881360408e-06,0.013868124581133703,0
production_authorized,T2_material_state,5,4,721,721,2.5537874787832968e-05,0.0060287791276822404,6.4025934323197475e-06,0.0049857106910879967,0
production_authorized,T2_material_state,5,4,722,722,2.529575829770474e-05,0.0060287770637622402,6.4028877169164389e-06,0.0049917140660230563,0
production_authorized,T2_material_state,5,4,723,723,2.8057833240775049e-05,0.0060287751827139387,6.4031796821462095e-06,0.011738927791408102,0
production_authorized,T2_material_state,5,4,724,724,2.5707722216429056e-05,0.0060287733852540729,6.4034464273277081e-06,0.0086227551426116961,0
production_authorized,T2_material_state,5,4,725,725,2.7770757384894811e-05,0.0060287710625181552,6.4037140269368464e-06,0.012740565527019555,0
production_authorized,T2_material_state,5,4,726,726,2.4627879842293176e-05,0.0060287685380951347,6.4040408032095542e-06,0.0048980354590841824,0
production_authorized,T2_material_state,5,4,727,727,2.6888673595014484e-05,0.0060287666171154252,6.4043372380861996e-06,0.013235200079289258,0
production_authorized,T2_material_state,5,4,728,728,2.5360850974155719e-05,0.0060287645710986075,6.4045974276227824e-06,0.0048667347719003606,0
production_authorized,T2_material_state,5,4,729,729,2.7675196008304204e-05,0.006028762791819465,6.4048763148694121e-06,0.01088567813919681,0
production_authorized,T2_material_state,5,4,730,730,4.0127954830930567e-05,0.006028762005204677,6.4051309617285668e-06,0.022252737287830459,0
production_authorized,T2_material_state,5,4,731,731,3.6552038912532137e-05,0.0060287594164935149,6.4052812883685917e-06,0.021929364830038586,0
production_authorized,T2_material_state,5,4,732,732,3.0347474519892342e-05,0.0060287570830883834,6.4056931959877161e-06,0.01886530447245318,0
production_authorized,T2_material_state,5,4,733,733,2.5585886915239608e-05,0.0060287550480990311,6.4059480230360677e-06,0.014398623691345092,0
production_authorized,T2_material_state,5,4,734,734,3.0330137975098492e-05,0.0060287534516597178,6.4062454585567252e-06,0.01895979229033927,0
production_authorized,T2_material_state,5,4,735,735,2.8968121593204853e-05,0.0060287505256578777,6.4064777133276962e-06,0.019253898264579461,0
production_authorized,T2_material_state,5,4,736,736,2.4305675359853838e-05,0.006028748032723321,6.4068328622379767e-06,0.0049188955986703142,0
production_authorized,T2_material_state,5,4,737,737,2.4999052162900927e-05,0.006028745619568952,6.4071354276551418e-06,0.0087630234778387668,0
production_authorized,T2_material_state,5,4,738,738,2.553547807363708e-05,0.0060287435652983416,6.4074395490498759e-06,0.0048156605297473565,0
production_authorized,T2_material_state,5,4,739,739,2.4843435403101857e-05,0.0060287414519694226,6.4077075850876852e-06,0.0048947466348701063,0
production_authorized,T2_material_state,5,4,740,740,2.4583163965088826e-05,0.0060287391889255427,6.4079966860530746e-06,0.0049728637755389604,0
production_authorized,T2_material_state,5,4,741,741,2.5668901198229369e-05,0.0060287372197489822,6.4082964864597969e-06,0.0061647435660840775,0
production_authorized,T2_material_state,5,4,742,742,2.477806156449497e-05,0.0060287351625173905,6.4085640186783976e-06,0.0049266878797656899,0
production_authorized,T2_material_state,5,4,743,743,2.6741214039228961e-05,0.0060287331962891079,6.4088490256963837e-06,0.010592343443379146,0
production_authorized,T2_material_state,5,4,744,744,2.5376261604192097e-05,0.006028731132866564,6.4091103371133329e-06,0.010884485171105709,0
production_authorized,T2_material_state,5,4,745,745,2.4144504151095739e-05,0.0060287288234441867,6.4094111899004602e-06,0.0048472265794767821,0
production_authorized,T2_material_state,5,4,746,746,2.4371526287303309e-05,0.0060287267519351416,6.4096950216363524e-06,0.0048046826147926103,0
production_authorized,T2_material_state,5,4,747,747,2.4175070343342443e-05,0.0060287246967678171,6.4099715502141663e-06,0.0048028838138350904,0
production_authorized,T2_material_state,5,4,748,748,2.7534101738639886e-05,0.0060287230108501729,6.4102478229965953e-06,0.011617333150058119,0
production_authorized,T2_material_state,5,4,749,749,2.5509634569403421e-05,0.0060287210302641513,6.4104812123044752e-06,0.011738983793850254,0
production_authorized,T2_material_state,5,4,750,750,2.6310414750304725e-05,0.0060287189530568676,6.4107778561250939e-06,0.011623379959047657,0
production_authorized,T2_material_state,5,4,751,751,2.3890677334848447e-05,0.0060287172298182853,6.4110299624609013e-06,0.0046231856429505003,0
production_authorized,T2_material_state,5,4,752,752,2.5584147485455737e-05,0.0060287151253942258,6.4112889066603174e-06,0.013731474248064569,0
production_authorized,T2_material_state,5,4,753,753,2.6250288535125271e-05,0.00602871323201426,6.4115793919627961e-06,0.014515194252248457,0
production_authorized,T2_material_state,5,4,754,754,2.7612096448071727e-05,0.0060287115848200569,6.4118194278428575e-06,0.012759232223831282,0
production_authorized,T2_material_state,5,4,755,755,2.4218862261682415e-05,0.006028709624480883,6.4120566275471802e-06,0.0046701040249114145,0
production_authorized,T2_material_state,5,4,756,756,2.4000232428805932e-05,0.0060287076296584811,6.4123155911754992e-06,0.0046466134407527893,0
production_authorized,T2_material_state,5,4,757,757,4.4444233849189372e-05,0.0060287059715614143,6.412579368730853e-06,0.030739962854497167,0
production_authorized,T2_material_state,5,4,758,758,2.2691448584829889e-05,0.0060287049962309833,6.4127820813553171e-06,0.004314195141335464,0
production_authorized,T2_material_state,5,4,759,759,3.2189179200554081e-05,0.0060287024303492401,6.4130182780841594e-06,0.027586232445790351,0
production_authorized,T2_material_state,5,4,760,760,3.0155635156834349e-05,0.0060287001045237721,6.4133659464227222e-06,0.016931674679815861,0
production_authorized,T2_material_state,5,4,761,761,2.8373013596376999e-05,0.0060286976468134929,6.413610001421155e-06,0.015108810201304536,0
production_authorized,T2_material_state,5,4,762,762,2.5894415821837679e-05,0.0060286953188690021,6.4138880053743463e-06,0.012710475114159191,0
production_authorized,T2_material_state,5,4,763,763,2.6858846963674409e-05,0.0060286934795493229,6.4141855523613955e-06,0.0096004594104655561,0
production_authorized,T2_material_state,5,4,764,764,2.3791414948958643e-05,0.0060286913468886707,6.4144333153937083e-06,0.0080455343982420366,0
production_authorized,T2_material_state,5,4,765,765,2.507343687247831e-05,0.0060286891757744656,6.4147300353756265e-06,0.0094058134701221468,0
production_authorized,T2_material_state,5,4,766,766,2.388300056801229e-05,0.0060286866983023067,6.4150027058174075e-06,0.0082984939310505792,0
production_authorized,T2_material_state,5,4,767,767,2.3784057776664835e-05,0.0060286844465314059,6.4153004595279839e-06,0.0047600382961522358,0
production_authorized,T2_material_state,5,4,768,768,2.3918499747365449e-05,0.0060286823687971114,6.4155754452288605e-06,0.0047463892080119585,0
production_authorized,T2_material_state,5,4,769,769,2.388783663349089e-05,0.0060286803492573433,6.4158443907613716e-06,0.0047322490665845374,0
production_authorized,T2_material_state,5,4,770,770,2.3723748656396811e-05,0.0060286783287806789,6.4161104453841489e-06,0.0047224938223777713,0
production_authorized,T2_material_state,5,4,771,771,2.3611872693421496e-05,0.0060286762988661776,6.4163765010061269e-06,0.0047040392144311882,0
production_authorized,T2_material_state,5,4,772,772,2.4610843434938746e-05,0.0060286745150642364,6.4166419263544938e-06,0.0081494408167089721,0
production_authorized,T2_material_state,5,4,773,773,2.3718363412074727e-05,0.0060286725091074902,6.4168892943694544e-06,0.0073391104489812847,0
production_authorized,T2_material_state,5,4,774,774,3.234934672008063e-05,0.0060286710067884641,6.4171558784575922e-06,0.019477570033430931,0
production_authorized,T2_material_state,5,4,775,775,2.6055554147488544e-05,0.0060286695064946001,6.4173433799163959e-06,0.015223277872530029,0
production_authorized,T2_material_state,5,4,776,776,2.4467760806142527e-05,0.0060286670717831989,6.4176151145511895e-06,0.011882552447354837,0
production_authorized,T2_material_state,5,4,777,777,2.8465656964478155e-05,0.0060286654023925411,6.4178971108663774e-06,0.01714840443134643,0
production_authorized,T2_material_state,5,4,778,778,2.5809238115256658e-05,0.0060286633504049274,6.4181114535211137e-06,0.016676293375607498,0
production_authorized,T2_material_state,5,4,779,779,2.6531133071742018e-05,0.0060286614416406124,6.4183995547306694e-06,0.015665109403821261,0
production_authorized,T2_material_state,5,4,780,780,2.8223845521791437e-05,0.0060286597035387988,6.4186289645551398e-06,0.015635475312446797,0
production_authorized,T2_material_state,5,4,781,781,2.5485983423399315e-05,0.0060286578223166954,6.4188537255427391e-06,0.013220804605473889,0
production_authorized,T2_material_state,5,4,782,782,2.9375426386182925e-05,0.0060286560551147941,6.4190993804835728e-06,0.013114014041545021,0
production_authorized,T2_material_state,5,4,783,783,2.282986960559645e-05,0.0060286542639953825,6.4193223473507643e-06,0.0046618852795923139,0
production_authorized,T2_material_state,5,4,784,784,2.3067797607197271e-05,0.0060286524349887757,6.4195739205574753e-06,0.0043262294340667973,0
production_authorized,T2_material_state,5,4,785,785,2.883019228291871e-05,0.0060286497283012861,6.4198065090614875e-06,0.019155637449684376,0
production_authorized,T2_material_state,5,4,786,786,2.2424109985740497e-05,0.0060286472536541773,6.4201428805477079e-06,0.0046351334528197397,0
production_authorized,T2_material_state,5,4,787,787,2.5778363127883661e-05,0.0060286453981035371,6.4204245051602271e-06,0.0093869456043137924,0
production_authorized,T2_material_state,5,4,788,788,2.4381471094012699e-05,0.0060286439600181251,6.4206532572885777e-06,0.0067826007211328979,0
production_authorized,T2_material_state,5,4,789,789,2.6399258569957305e-05,0.0060286425378531161,6.4208700679690978e-06,0.017031670510393355,0
production_authorized,T2_material_state,5,4,790,790,2.5508793044286853e-05,0.0060286403923923348,6.4210929099361991e-06,0.017948478379077551,0
production_authorized,T2_material_state,5,4,791,791,2.3187963836081334e-05,0.0060286380164219049,6.4213688018011084e-06,0.0056919411532122197,0
production_authorized,T2_material_state,5,4,792,792,2.2877977360057125e-05,0.00602863579694435,6.4216453392607065e-06,0.0086048509483225948,0
production_authorized,T2_material_state,5,4,793,793,2.325063369742513e-05,0.0060286335119369818,6.4219183729674612e-06,0.0072867520303881127,0
production_authorized,T2_material_state,5,4,794,794,2.3056985362454087e-05,0.0060286312881569961,6.4221968603117574e-06,0.0046150886344167308,0
production_authorized,T2_material_state,5,4,795,795,2.3829374457945407e-05,0.0060286294673520631,6.4224565744508411e-06,0.0065398319971953379,0
production_authorized,T2_material_state,5,4,796,796,2.303621586079339e-05,0.0060286274595226872,6.4226978502279763e-06,0.0046283593712556081,0
production_authorized,T2_material_state,5,4,797,797,2.2879023955609244e-05,0.0060286254649785168,6.4229568282891947e-06,0.0045817017087890211,0
production_authorized,T2_material_state,5,4,798,798,2.3259335855368438e-05,0.0060286234324950652,6.4232123211382941e-06,0.0066870595046680265,0
production_authorized,T2_material_state,5,4,799,799,2.9363224033304789e-05,0.0060286219797585734,6.4234658113671017e-06,0.016191906620044213,0
production_authorized,T2_material_state,5,4,800,800,3.521268128294768e-05,0.0060286209256586072,6.4236589669697253e-06,0.020500280093683963,0
production_authorized,T2_material_state,5,4,801,801,3.4210012322907024e-05,0.0060286187783266422,6.4238645666181426e-06,0.018871909342467148,0
production_authorized,T2_material_state,5,4,802,802,2.1627158087312255e-05,0.0060286170254354489,6.4241048797208933e-06,0.0057076004574103285,0
production_authorized,T2_material_state,5,4,803,803,2.1474793745941653e-05,0.0060286151683508413,6.4243627984073015e-06,0.0043013882745981391,0
production_authorized,T2_material_state,5,4,804,804,2.5599440843966976e-05,0.0060286127093672134,6.424603825383457e-06,0.017064336541694036,0
production_authorized,T2_material_state,5,4,805,805,2.9087548802620425e-05,0.0060286110262828254,6.4248933550059562e-06,0.016102822479233943,0
production_authorized,T2_material_state,5,4,806,806,2.6335276957289433e-05,0.0060286087032865752,6.4250751895533753e-06,0.014941576454491796,0
production_authorized,T2_material_state,5,4,807,807,3.1429665098681906e-05,0.0060286072249643623,6.4253696986371622e-06,0.019945868324024164,0
production_authorized,T2_material_state,5,4,808,808,2.2895013619270164e-05,0.006028605422831664,6.4255558079873154e-06,0.004382050695738493,0
production_authorized,T2_material_state,5,4,809,809,2.6070966363084425e-05,0.0060286038279977073,6.4257828843450326e-06,0.0097090086445136038,0
production_authorized,T2_material_state,5,4,810,810,2.5354765888779126e-05,0.006028602337270106,6.4259880476758013e-06,0.011227651192512329,0
production_authorized,T2_material_state,5,4,811,811,3.1314665415547043e-05,0.0060286010278656418,6.4262056845842963e-06,0.018065565758484912,0
production_authorized,T2_material_state,5,4,812,812,2.8845166060346652e-05,0.0060285994871654737,6.4263936251363063e-06,0.017992830267699825,0
production_authorized,T2_material_state,5,4,813,813,2.1948146116149881e-05,0.006028597234960657,6.4266432351356428e-06,0.0093975091544820991,0
production_authorized,T2_material_state,5,4,814,814,2.1387616274675294e-05,0.0060285951952952343,6.426897754430172e-06,0.0042633776601735951,0
production_authorized,T2_material_state,5,4,815,815,2.6255488254360135e-05,0.0060285925134383432,6.4271365575185868e-06,0.019825420942507537,0
production_authorized,T2_material_state,5,4,816,816,2.2828329983684999e-05,0.0060285905724030845,6.4274407236553088e-06,0.0058351873277853478,0
production_authorized,T2_material_state,5,4,817,817,3.453251619839951e-05,0.0060285897553470184,6.4276736005952628e-06,0.023215089965291431,0
production_authorized,T2_material_state,5,4,818,818,3.0494692839314162e-05,0.0060285879136251367,6.4278165965436784e-06,0.022704298241426786,0
production_authorized,T2_material_state,5,4,819,819,2.1187582686384178e-05,0.0060285858215684994,6.4280949715334046e-06,0.0042501369977800962,0
production_authorized,T2_material_state,5,4,820,820,2.8153368902082397e-05,0.0060285833091723558,6.4283322168678936e-06,0.016360368789089041,0
production_authorized,T2_material_state,5,4,821,821,2.2952767862809296e-05,0.006028580776997459,6.4286355587750421e-06,0.0072678274548426507,0
production_authorized,T2_material_state,5,4,822,822,2.2840464004795942e-05,0.0060285786469954639,6.4288826737701754e-06,0.0082975588520483676,0
production_authorized,T2_material_state,5,4,823,823,2.2394195488270173e-05,0.0060285764749268339,6.4291509886960085e-06,0.0044416886559294211,0
production_authorized,T2_material_state,5,4,824,824,2.2629765213550266e-05,0.0060285745671078217,6.4293960805317241e-06,0.004419946728517643,0
production_authorized,T2_material_state,5,4,825,825,2.5839380044869775e-05,0.0060285728612056774,6.4296335311464503e-06,0.013733160333444889,0
production_authorized,T2_material_state,5,4,826,826,2.7457569695495807e-05,0.0060285709061857424,6.4298448275712516e-06,0.01471412005330997,0
production_authorized,T2_material_state,5,4,827,827,2.4806308196217414e-05,0.0060285696290642054,6.4300821293050703e-06,0.014607348883397715,0
production_authorized,T2_material_state,5,4,828,828,2.4990621915768246e-05,0.0060285674152055491,6.4302996891640873e-06,0.017306573264044153,0
production_authorized,T2_material_state,5,4,829,829,3.600701765416739e-05,0.0060285666104966905,6.4305781126705597e-06,0.021876829856167682,0
production_authorized,T2_material_state,5,4,830,830,2.7208720018893111e-05,0.0060285646083538215,6.4306906816247178e-06,0.021374942493318682,0
production_authorized,T2_material_state,5,4,831,831,2.1760359935069337e-05,0.0060285624953851837,6.430970481918763e-06,0.0071354057142415505,0
production_authorized,T2_material_state,5,4,832,832,2.4702756669475004e-05,0.0060285607738253732,6.4312142120659388e-06,0.0079508286026909146,0
production_authorized,T2_material_state,5,4,833,833,2.2070419988827946e-05,0.00602855914781364,6.4314151336786196e-06,0.0069050640169263993,0
production_authorized,T2_material_state,5,4,834,834,2.0692197167677246e-05,0.0060285572743660927,6.4316526771079907e-06,0.0041791932374758423,0
production_authorized,T2_material_state,5,4,835,835,2.101413140249314e-05,0.0060285554896796949,6.4318859798184747e-06,0.0041441431951567687,0
production_authorized,T2_material_state,5,4,836,836,3.7680658807801801e-05,0.0060285540331755059,6.4321097663633253e-06,0.019998865728686848,0
production_authorized,T2_material_state,5,4,837,837,2.8951076999894533e-05,0.0060285524487921115,6.4323069106642095e-06,0.019848284063192105,0
production_authorized,T2_material_state,5,4,838,838,2.4165065510100203e-05,0.0060285511285211217,6.4324655726366586e-06,0.012926885574696807,0
production_authorized,T2_material_state,5,4,839,839,2.1526915626556129e-05,0.006028549528372922,6.4326688896665374e-06,0.0065359622954107733,0
production_authorized,T2_material_state,5,4,840,840,2.1490298465012649e-05,0.00602854786374705,6.4328788210721299e-06,0.0066016515648151548,0
production_authorized,T2_material_state,5,4,841,841,2.1448975121857791e-05,0.0060285460873211252,6.4330913024379655e-06,0.0082861711331488567,0
production_authorized,T2_material_state,5,4,842,842,2.7893450351578534e-05,0.0060285430486639174,6.4333094951241065e-06,0.015831661918993632,0
production_authorized,T2_material_state,5,4,843,843,3.9679411033048056e-05,0.0060285417122533432,6.4336363726491541e-06,0.030825577417688162,0
production_authorized,T2_material_state,5,4,844,844,3.3474464963507148e-05,0.0060285393903952043,6.4337610905518261e-06,0.029083255136745041,0
production_authorized,T2_material_state,5,4,845,845,2.8922695307267103e-05,0.0060285375322926566,6.4340402614604386e-06,0.012646088584820817,0
production_authorized,T2_material_state,5,4,846,846,2.3506132504156225e-05,0.0060285356545037088,6.4342854243504277e-06,0.010582237141569159,0
production_authorized,T2_material_state,5,4,847,847,2.3618322939998476e-05,0.0060285330428889389,6.4345513373087471e-06,0.016066930542314357,0
production_authorized,T2_material_state,5,4,848,848,2.5129082396717639e-05,0.0060285310326942121,6.4348404779090984e-06,0.013539851910418801,0
production_authorized,T2_material_state,5,4,849,849,2.2292790341057847e-05,0.0060285293656996532,6.4350502374521668e-06,0.0075724589109349445,0
production_authorized,T2_material_state,5,4,850,850,2.3922704841163241e-05,0.0060285271077958353,6.4352873658801713e-06,0.016205657044970137,0
production_authorized,T2_material_state,5,4,851,851,2.1725327177686798e-05,0.0060285248457364162,6.4355635337465245e-06,0.0043920655260540897,0
production_authorized,T2_material_state,5,4,852,852,2.2231980054013413e-05,0.0060285229220902667,6.4358093794236737e-06,0.0043555563366661776,0
production_authorized,T2_material_state,5,4,853,853,2.2397784046287915e-05,0.0060285209989853683,6.4360418021713883e-06,0.0043620026819356505,0
production_authorized,T2_material_state,5,4,854,854,2.1947507249043332e-05,0.0060285190525684561,6.4362753436908449e-06,0.0043943140942286352,0
production_authorized,T2_material_state,5,4,855,855,2.2077529890908704e-05,0.0060285171141917825,6.4365182810277588e-06,0.0043328458584790397,0
production_authorized,T2_material_state,5,4,856,856,2.1856416767770274e-05,0.0060285151948535473,6.4367500840489811e-06,0.004358649439964446,0
production_authorized,T2_material_state,5,4,857,857,2.2328746300310135e-05,0.0060285133484715226,6.4369887891047028e-06,0.004291849783605306,0
production_authorized,T2_material_state,5,4,858,858,2.1816937011550611e-05,0.0060285115454198207,6.4372142498658746e-06,0.0043161168046741416,0
production_authorized,T2_material_state,5,4,859,859,2.1757226001121136e-05,0.0060285096558733414,6.4374458856875094e-06,0.0043090786320403307,0
production_authorized,T2_material_state,5,4,860,860,2.1716854618495557e-05,0.0060285077681602522,6.4376793253995146e-06,0.0042863864012209207,0
production_authorized,T2_material_state,5,4,861,861,2.4418774115446084e-05,0.0060285061759750829,6.4379110832346598e-06,0.0097958568379088624,0
production_authorized,T2_material_state,5,4,862,862,2.2153811282693063e-05,0.0060285042968132507,6.4381098237031864e-06,0.0045044009035425086,0
production_authorized,T2_material_state,5,4,863,863,3.4856682009450487e-05,0.0060285030544149007,6.4383363683750972e-06,0.021692650326646749,0
production_authorized,T2_material_state,5,4,864,864,3.2846565264716562e-05,0.0060285016829606571,6.4385059939109368e-06,0.019646042695592673,0
production_authorized,T2_material_state,5,4,865,865,3.3929576217609217e-05,0.0060284999525649008,6.4387504240537297e-06,0.026100398911015173,0
production_authorized,T2_material_state,5,4,866,866,3.2023282277760548e-05,0.0060284979087423512,6.4388938086912262e-06,0.02418863023261995,0
production_authorized,T2_material_state,5,4,867,867,2.2919700333446866e-05,0.0060284961581218077,6.4391283574050107e-06,0.013795972669860011,0
production_authorized,T2_material_state,5,4,868,868,2.1236361580684828e-05,0.006028493967251105,6.4393798915318712e-06,0.0064657202247292312,0
production_authorized,T2_material_state,5,4,869,869,2.7852560650522468e-05,0.0060284924414751168,6.4396233481200937e-06,0.017229051191400516,0
production_authorized,T2_material_state,5,4,870,870,3.1080972201812497e-05,0.0060284896545732989,6.4398233100559921e-06,0.019271156567977669,0
production_authorized,T2_material_state,5,4,871,871,2.1478242847083849e-05,0.006028487815264277,6.4401128482272085e-06,0.004366901346211427,0
production_authorized,T2_material_state,5,4,872,872,4.6448245107292501e-05,0.0060284871497007855,6.4403611053087673e-06,0.039253622454971437,0
production_authorized,T2_material_state,5,4,873,873,3.4634399797673937e-05,0.0060284842525766026,6.4404630816250474e-06,0.034707178535520182,0
production_authorized,T2_material_state,5,4,874,874,2.7608212039833663e-05,0.0060284823829436082,6.4407658253440303e-06,0.015773221363295589,0
production_authorized,T2_material_state,5,4,875,875,2.4726422441477375e-05,0.0060284803572834755,6.4410076119347792e-06,0.01777568819736812,0
production_authorized,T2_material_state,5,4,876,876,2.2628645218203123e-05,0.0060284781063680258,6.4412846116912448e-06,0.0063341924296809564,0
production_authorized,T2_material_state,5,4,877,877,2.2266028917524276e-05,0.0060284759858046655,6.4415177666310441e-06,0.0066419783310179871,0
production_authorized,T2_material_state,5,4,878,878,2.2067802867367895e-05,0.0060284740333722015,6.4417677780870264e-06,0.0043918247907828167,0
production_authorized,T2_material_state,5,4,879,879,2.6983590743199444e-05,0.0060284726062059335,6.4420076449911434e-06,0.010605445888245612,0
production_authorized,T2_material_state,5,4,880,880,2.4523743382136835e-05,0.0060284704277773285,6.4421950937143535e-06,0.010664189598799957,0
production_authorized,T2_material_state,5,4,881,881,2.1778202158693662e-05,0.0060284683385800047,6.4424633948734211e-06,0.0043987315406215366,0
production_authorized,T2_material_state,5,4,882,882,2.1988867816465553e-05,0.0060284663334739053,6.4427068025008083e-06,0.0044117078610231841,0
production_authorized,T2_material_state,5,4,883,883,2.3069211767018152e-05,0.0060284645246397144,6.4429482860006715e-06,0.0049015322105747062,0
production_authorized,T2_material_state,5,4,884,884,2.2118325803768527e-05,0.0060284627690907581,6.443169852876629e-06,0.0043574841086846394,0
production_authorized,T2_material_state,5,4,885,885,2.2119283141089462e-05,0.0060284607923804584,6.4434009078295773e-06,0.0044106988845240558,0
production_authorized,T2_material_state,5,4,886,886,2.4037368239272666e-05,0.006028459101790647,6.4436398615752566e-06,0.0073224396781594245,0
production_authorized,T2_material_state,5,4,887,887,2.2665842032257797e-05,0.0060284571667006924,6.4438435383173953e-06,0.0073951820956645788,0
production_authorized,T2_material_state,5,4,888,888,2.238179539655986e-05,0.0060284549938409834,6.4440871795357069e-06,0.0055850422745459764,0
production_authorized,T2_material_state,5,4,889,889,2.2113482749166718e-05,0.0060284528101471361,6.4443408707148819e-06,0.0044616331857405545,0
production_authorized,T2_material_state,5,4,890,890,2.5720296463685091e-05,0.0060284511671725204,6.4445823935166402e-06,0.011801672587009846,0
production_authorized,T2_material_state,5,4,891,891,2.2647261108378319e-05,0.0060284491123132385,6.4447855625537898e-06,0.0045066137335884049,0
production_authorized,T2_material_state,5,4,892,892,2.4982762902364921e-05,0.0060284474442598105,6.4450219896539096e-06,0.012279501710534137,0
production_authorized,T2_material_state,5,4,893,893,4.6464278769565009e-05,0.0060284468815125771,6.4452341160814441e-06,0.035463271262930501,0
production_authorized,T2_material_state,5,4,894,894,4.2344267342688961e-05,0.00602844350583272,6.4453430896893593e-06,0.037232348364753642,0
production_authorized,T2_material_state,5,4,895,895,2.4298707051998056e-05,0.0060284415820854569,6.4456836963433517e-06,0.01099191814205527,0
production_authorized,T2_material_state,5,4,896,896,2.7699224727907243e-05,0.0060284399971903329,6.4459228348301423e-06,0.019239795093055824,0
production_authorized,T2_material_state,5,4,897,897,3.6887108435030968e-05,0.0060284383438369681,6.4461381095171078e-06,0.025231521146738836,0
production_authorized,T2_material_state,5,4,898,898,2.8671823419456897e-05,0.0060284361212075517,6.4463129162417587e-06,0.021926560712262386,0
production_authorized,T2_material_state,5,4,899,899,2.2395439816779227e-05,0.006028433958367916,6.4465883384823286e-06,0.0061965179153333745,0
production_authorized,T2_material_state,5,4,900,900,2.2617999645880125e-05,0.0060284318811302572,6.4468431381081714e-06,0.0045365629084832548,0
production_authorized,T2_material_state,5,4,901,901,2.5249746060318774e-05,0.0060284295355591865,6.4470848043507445e-06,0.011812949368758902,0
production_authorized,T2_material_state,5,4,902,902,2.2716809272966752e-05,0.006028427442543908,6.4473579624024779e-06,0.0045787495005290557,0
production_authorized,T2_material_state,5,4,903,903,2.3803580359336922e-05,0.0060284254973228786,6.4476112815459174e-06,0.0052853669762904761,0
production_authorized,T2_material_state,5,4,904,904,3.0267199072710898e-05,0.0060284242305479012,6.4478440895410216e-06,0.014153404204088768,0
production_authorized,T2_material_state,5,4,905,905,2.6238975147391643e-05,0.0060284223977665552,6.4480111834352982e-06,0.012411225611312884,0
production_authorized,T2_material_state,5,4,906,906,2.3138666198995618e-05,0.0060284201696027473,6.4482580642843956e-06,0.0058211393877142976,0
production_authorized,T2_material_state,5,4,907,907,2.3879701989908619e-05,0.0060284176879532511,6.4485206070497014e-06,0.007881284432644459,0
production_authorized,T2_material_state,5,4,908,908,2.2872321603095409e-05,0.0060284155340845028,6.4487882028840815e-06,0.0046432592711156406,0
production_authorized,T2_material_state,5,4,909,909,2.8750505332361745e-05,0.006028413903514814,6.4490409339423849e-06,0.014623534765688128,0
production_authorized,T2_material_state,5,4,910,910,2.5395002469472472e-05,0.0060284118099992309,6.4492352986889045e-06,0.011891890821290916,0
production_authorized,T2_material_state,5,4,911,911,2.369287616499248e-05,0.0060284095695807638,6.4494881155674477e-06,0.0082635798742985937,0
production_authorized,T2_material_state,5,4,912,912,2.3170091463209233e-05,0.006028407492629017,6.4497517338057975e-06,0.0046580046478582604,0
production_authorized,T2_material_state,5,4,913,913,2.339046853787935e-05,0.0060284054436016204,6.4500009071544184e-06,0.0046667874383500285,0
production_authorized,T2_material_state,5,4,914,914,2.3556653882931033e-05,0.0060284034168308822,6.4502472457705906e-06,0.0046803156758969955,0
production_authorized,T2_material_state,5,4,915,915,2.3619335865437379e-05,0.0060284013782918094,6.4504910625151624e-06,0.0047046160647152835,0
production_authorized,T2_material_state,5,4,916,916,2.3649935095565714e-05,0.0060283993115272522,6.4507356916099212e-06,0.0047384263117263847,0
production_authorized,T2_material_state,5,4,917,917,2.4297400388537122e-05,0.0060283973329005331,6.4509830880465913e-06,0.0047189095264895675,0
production_authorized,T2_material_state,5,4,918,918,2.4347754340748719e-05,0.0060283953306522276,6.451221205794333e-06,0.006277893599325653,0
production_authorized,T2_material_state,5,4,919,919,2.8662833394980262e-05,0.0060283937581696971,6.4514662463377448e-06,0.01725073547854352,0
production_authorized,T2_material_state,5,4,920,920,2.6778927154092416e-05,0.0060283911117985055,6.4516781314027938e-06,0.01698189865246548,0
production_authorized,T2_material_state,5,4,921,921,2.3961823652859925e-05,0.0060283890129342859,6.4519593636624961e-06,0.0048339787936657608,0
production_authorized,T2_material_state,5,4,922,922,2.4571597941333666e-05,0.0060283870306099717,6.4522133101929668e-06,0.00600042889916182,0
production_authorized,T2_material_state,5,4,923,923,2.4398534183874898e-05,0.0060283849031251844,6.4524562327639146e-06,0.0060342456419676168,0
production_authorized,T2_material_state,5,4,924,924,2.5757874572173404e-05,0.0060283829606209349,6.4527122711766083e-06,0.0077357326639066757,0
production_authorized,T2_material_state,5,4,925,925,2.5286423741817529e-05,0.0060283809134405479,6.4529479498753872e-06,0.0078532094322064719,0
production_authorized,T2_material_state,5,4,926,926,2.4678184750361009e-05,0.0060283787764047999,6.453204348777497e-06,0.0063895687655571229,0
production_authorized,T2_material_state,5,4,927,927,2.4608279206907969e-05,0.0060283766597825821,6.4534473410704507e-06,0.0064833498897010726,0
production_authorized,T2_material_state,5,4,928,928,2.6091952412099607e-05,0.0060283747248430367,6.4536998970465831e-06,0.011519393024602208,0
production_authorized,T2_material_state,5,4,929,929,2.440580391683322e-05,0.0060283726708364781,6.4539262595308955e-06,0.0049067285232297086,0
production_authorized,T2_material_state,5,4,930,930,2.6227204905191835e-05,0.0060283708483387212,6.4541688731267755e-06,0.0081411242901919742,0
production_authorized,T2_material_state,5,4,931,931,3.7867132078308843e-05,0.0060283693172724804,6.4543945663686486e-06,0.021368840383657186,0
production_authorized,T2_material_state,5,4,932,932,2.6549768607055259e-05,0.0060283669005404593,6.4545755626976842e-06,0.01548683966611436,0
production_authorized,T2_material_state,5,4,933,933,2.6615639993538771e-05,0.0060283644882043325,6.4548400227071312e-06,0.015677146333535653,0
production_authorized,T2_material_state,5,4,934,934,2.4281839614968971e-05,0.0060283621939018796,6.4551284405522935e-06,0.006231530497651132,0
production_authorized,T2_material_state,5,4,935,935,2.6535129455478481e-05,0.0060283604717421011,6.4554039962416709e-06,0.01000611435787244,0
production_authorized,T2_material_state,5,4,936,936,2.4690297892738345e-05,0.0060283582825153611,6.4556308218000069e-06,0.0066117861231686573,0
production_authorized,T2_material_state,5,4,937,937,3.6288070038564828e-05,0.0060283571654217143,6.4558878665188502e-06,0.023293462909231143,0
production_authorized,T2_material_state,5,4,938,938,3.484986079556504e-05,0.0060283548114631351,6.4560561244819681e-06,0.023732232190535177,0
production_authorized,T2_material_state,5,4,939,939,2.6620213162141668e-05,0.0060283520893351424,6.4563284880581051e-06,0.017238800034834568,0
production_authorized,T2_material_state,5,4,940,940,2.4427034230803781e-05,0.0060283497927787278,6.4566288614509304e-06,0.0063711903156113362,0
production_authorized,T2_material_state,5,4,941,941,2.8733403260950363e-05,0.0060283481649724361,6.4569021547278282e-06,0.01751085024443259,0
production_authorized,T2_material_state,5,4,942,942,2.7299827214600757e-05,0.006028345501952922,6.4571195762530564e-06,0.017228889790934659,0
production_authorized,T2_material_state,5,4,943,943,2.6259532282292475e-05,0.0060283436263963769,6.4574071179102077e-06,0.0069688920051187526,0
production_authorized,T2_material_state,5,4,944,944,2.5732912186917757e-05,0.0060283416064795137,6.457646786306448e-06,0.0064003747040822633,0
production_authorized,T2_material_state,5,4,945,945,2.5088549751955226e-05,0.0060283394340155854,6.4578954085403595e-06,0.0050405364446143297,0
production_authorized,T2_material_state,5,4,946,946,2.6355226153779424e-05,0.0060283370622762076,6.4581476072467225e-06,0.01093750672200757,0
production_authorized,T2_material_state,5,4,947,947,2.5226546855953155e-05,0.0060283350489816747,6.4584209602536191e-06,0.006438787552501676,0
production_authorized,T2_material_state,5,4,948,948,2.8031543177610031e-05,0.0060283332941059187,6.458678322718292e-06,0.010169179326546849,0
production_authorized,T2_material_state,5,4,949,949,2.661202802859929e-05,0.0060283309041987351,6.4589011874449653e-06,0.01001858756416623,0
production_authorized,T2_material_state,5,4,950,950,2.7766137639186522e-05,0.0060283291770347712,6.4591777715339305e-06,0.014709636810824683,0
production_authorized,T2_material_state,5,4,951,951,2.6664986086905775e-05,0.0060283265529215077,6.4594067795686883e-06,0.014773015757532822,0
production_authorized,T2_material_state,5,4,952,952,2.4828511205724504e-05,0.0060283243677848259,6.4596907681790938e-06,0.0050385135882345944,0
production_authorized,T2_material_state,5,4,953,953,2.4950257511553829e-05,0.0060283222408718685,6.4599497849870957e-06,0.0050366087165730766,0
production_authorized,T2_material_state,5,4,954,954,2.5342963756263829e-05,0.0060283201980088907,6.4602045118933304e-06,0.0049972137098415192,0
production_authorized,T2_material_state,5,4,955,955,2.8443546302059137e-05,0.0060283185460504179,6.4604489854458436e-06,0.010395730194133734,0
production_authorized,T2_material_state,5,4,956,956,2.6649024127631447e-05,0.0060283163846088983,6.4606709964110109e-06,0.010352038539570429,0
production_authorized,T2_material_state,5,4,957,957,2.4739917561612283e-05,0.0060283139486178288,6.4609495238343584e-06,0.005023611038719511,0
production_authorized,T2_material_state,5,4,958,958,2.4947549990704743e-05,0.0060283117899325887,6.4612060928226356e-06,0.0050187139940705006,0
production_authorized,T2_material_state,5,4,959,959,2.499098658395048e-05,0.0060283096494933002,6.4614581291033701e-06,0.005022936895630381,0
production_authorized,T2_material_state,5,4,960,960,2.854739341344485e-05,0.0060283078492335213,6.4617118309406862e-06,0.011113085608254872,0
production_authorized,T2_material_state,5,4,961,961,2.6615424314459506e-05,0.0060283059388518689,6.4619270655486005e-06,0.011162638526534964,0
production_authorized,T2_material_state,5,4,962,962,2.7639901942520488e-05,0.0060283035569483378,6.4621476753012885e-06,0.015197345302677561,0
production_authorized,T2_material_state,5,4,963,963,2.5815829660962083e-05,0.0060283015687801382,6.4624262758883333e-06,0.010103166285667632,0
production_authorized,T2_material_state,5,4,964,964,2.5324741723555548e-05,0.0060282995936575077,6.4626714962878751e-06,0.0063272964904347419,0
production_authorized,T2_material_state,5,4,965,965,2.5864688558474376e-05,0.0060282976700502386,6.462914125648922e-06,0.006309892981975815,0
production_authorized,T2_material_state,5,4,966,966,2.5245550842607865e-05,0.0060282952609704982,6.4631602781917152e-06,0.0051120562456588026,0
production_authorized,T2_material_state,5,4,967,967,2.6920908124711094e-05,0.006028293664372685,6.4634234366867105e-06,0.0079541208653130073,0
production_authorized,T2_material_state,5,4,968,968,2.5551970822644602e-05,0.0060282913973858515,6.4636457423050686e-06,0.0075602175547726993,0
production_authorized,T2_material_state,5,4,969,969,2.5715958944111682e-05,0.0060282894395415542,6.4639169353730708e-06,0.0049971348784700886,0
production_authorized,T2_material_state,5,4,970,970,2.6825355849135032e-05,0.0060282867176193683,6.4641585432179127e-06,0.015494577962713583,0
production_authorized,T2_material_state,5,4,971,971,2.5211157253496757e-05,0.0060282846764761451,6.4644477025810332e-06,0.0063195275012060135,0
production_authorized,T2_material_state,5,4,972,972,2.5100910620898691e-05,0.0060282826516696916,6.4646982967930811e-06,0.0050325578907483015,0
production_authorized,T2_material_state,5,4,973,973,2.5094793649577587e-05,0.0060282805761152245,6.4649498399127481e-06,0.0050318315280831749,0
production_authorized,T2_material_state,5,4,974,974,2.7513593606828835e-05,0.0060282788363053633,6.4651996749542917e-06,0.0092434589470384645,0
production_authorized,T2_material_state,5,4,975,975,2.5847314546348086e-05,0.0060282769722789821,6.4654206076708576e-06,0.0083285990508399892,0
production_authorized,T2_material_state,5,4,976,976,3.6783328208959763e-05,0.0060282758960505068,6.4656455621703302e-06,0.022560945643894367,0
production_authorized,T2_material_state,5,4,977,977,2.5508594701733131e-05,0.0060282741680534853,6.4658079432788895e-06,0.0084017759250691916,0
production_authorized,T2_material_state,5,4,978,978,3.5920578174788552e-05,0.0060282707198948014,6.4660058396448505e-06,0.027151747616675496,0
production_authorized,T2_material_state,5,4,979,979,2.3568465517381199e-05,0.006028268378009384,6.4663615383375728e-06,0.0048981320200069955,0
production_authorized,T2_material_state,5,4,980,980,2.4607216222153707e-05,0.0060282664248986328,6.466631423229785e-06,0.006351988793515115,0
production_authorized,T2_material_state,5,4,981,981,2.4646547983661575e-05,0.0060282643320310981,6.4668765792363914e-06,0.0063134496852046878,0
production_authorized,T2_material_state,5,4,982,982,2.4575995000044794e-05,0.006028262255697049,6.4671286884587786e-06,0.0048880740111081344,0
production_authorized,T2_material_state,5,4,983,983,2.4617485663424429e-05,0.0060282602347845647,6.4673744577525838e-06,0.0048920417176188113,0
production_authorized,T2_material_state,5,4,984,984,2.5267686007784958e-05,0.0060282582955329175,6.4676184540202186e-06,0.0048519041762742354,0
production_authorized,T2_material_state,5,4,985,985,2.5093544384150644e-05,0.0060282564660740908,6.4678516928928786e-06,0.0047861071018473478,0
production_authorized,T2_material_state,5,4,986,986,2.5071759838220654e-05,0.0060282542926390521,6.4680746358902752e-06,0.0081431977850079957,0
production_authorized,T2_material_state,5,4,987,987,2.5519002397836599e-05,0.0060282524081496317,6.4683339887627866e-06,0.0069023385663150661,0
production_authorized,T2_material_state,5,4,988,988,3.3788613080291343e-05,0.0060282510577732203,6.4685666996133762e-06,0.020189598591656362,0
production_authorized,T2_material_state,5,4,989,989,3.0982661551812594e-05,0.006028248380643619,6.4687464726986832e-06,0.021956016949247877,0
production_authorized,T2_material_state,5,4,990,990,2.442191458921091e-05,0.0060282463979312376,6.4690338115180879e-06,0.0048806622039814229,0
production_authorized,T2_material_state,5,4,991,991,2.4484696122971812e-05,0.0060282443936156525,6.4692811398980865e-06,0.0048985959177677563,0
production_authorized,T2_material_state,5,4,992,992,3.4858739966152335e-05,0.0060282432846144665,6.4695242326662239e-06,0.021644569902087758,0
production_authorized,T2_material_state,5,4,993,993,2.4490517740590323e-05,0.0060282415494421716,6.4696897645877272e-06,0.0066664895246818156,0
production_authorized,T2_material_state,5,4,994,994,3.0468074522538934e-05,0.0060282390125079906,6.4698943819108123e-06,0.020559650703437723,0
production_authorized,T2_material_state,5,4,995,995,2.4549378350923814e-05,0.0060282367930393063,6.4701786757215274e-06,0.0076932759452405476,0
production_authorized,T2_material_state,5,4,996,996,3.1315499848433424e-05,0.0060282353102173013,6.4704481542721126e-06,0.019454163266511639,0
production_authorized,T2_material_state,5,4,997,997,2.8228898012254359e-05,0.0060282327557884307,6.4706377307377494e-06,0.01947793194048569,0
production_authorized,T2_material_state,5,4,998,998,2.3786121442773229e-05,0.0060282307725649355,6.4709182635569462e-06,0.0048228575626303449,0
production_authorized,T2_material_state,5,4,999,999,3.1922952165479895e-05,0.0060282295508692126,6.4711662559613359e-06,0.020199306806152721,0
production_authorized,T2_material_state,5,4,1000,1000,3.1270608912044176e-05,0.0060282279104074714,6.4713326464183041e-06,0.017208937431083808,0
