case_id,cycle,peak_substep_ordinal,load_factor,field,min,max,area_weighted_mean,area_weighted_integral,p50,p95,p99,support_area_abs_1e15,support_area_rel_1pct,weighted_centroid_x,weighted_centroid_y,weighted_rms_width_x,weighted_rms_width_y
P0_parent,1,4,1.0,damage,0.0,0.9996211328809718,0.007863832888192413,0.007863832888192411,0.0,0.0,0.3123589570229144,0.023853216170193207,0.01955540119531047,-0.24722939762589607,-0.0003112120113742246,0.14568490182306973,0.006766581154391493
P0_parent,1,4,1.0,history,0.00023622737837697416,0.24153026755421164,0.004938583253846183,0.004938583253846182,0.004286902619973722,0.011336055674092287,0.01938934656573535,0.9999999999999999,0.563219564691312,0.19943882703239907,-0.000178992446256428,0.18953678863777026,0.2728720341909737
P0_parent,1,4,1.0,fatigue_degradation_deficit,0.0,0.0,0.0,0.0,0.0,0.0,0.0,0.0,0.0,nan,nan,nan,nan
P0_parent,1,4,1.0,ordinary_degradation_deficit,0.0,0.9999997448172553,0.01060026947866509,0.010600269478665087,0.0,0.0,0.5261193085531107,0.023853216170193207,0.02064698465802943,-0.2465723141485412,-0.0003065731761972223,0.1461739906923752,0.007547327363261489
P0_parent,1,4,1.0,raw_driver,3.519765223196638e-09,4258.230439911947,1.899982780274525,1.8999827802745248,0.0042560704459986215,0.011312224275462843,0.020030249274376327,0.9999999999999999,0.001013369477388175,-0.302759678578252,-0.000481679145055243,0.12843885505620073,0.013825853067767456
P0_parent,1,4,1.0,raw_cyclemax_driver,0.0002297011621570133,4258.230439911947,1.902511109695681,1.9025111096956808,0.004469676232462678,0.011495640550256356,0.021406011060540835,0.9999999999999999,0.001013369477388175,-0.3026186969311419,-0.0004808010187499284,0.12852735646839747,0.013891330117291227
P0_parent,1,4,1.0,active_driver,3.519765223196638e-09,1.6142942910175837,0.004847852773469057,0.004847852773469056,0.004238397312365305,0.011224791739437134,0.018794676076417202,0.9999999999999999,0.014559407786126253,0.20917640594663045,-0.00017951435573391084,0.17614701506653177,0.2732005489410081
P0_parent,2,4,1.0,damage,0.0,0.9996211328809718,0.007873379988923575,0.007873379988923573,0.0,0.0,0.3124044389376216,0.02421200733118605,0.019585258151295845,-0.2469802118858694,-0.0003123075651953572,0.14579352466912002,0.0067719040092450765
P0_parent,2,4,1.0,history,0.0002362325654180807,0.5021635567313278,0.00973766801431397,0.009737668014313968,0.008532836533229681,0.02256025986307341,0.038221732690375626,0.9999999999999999,0.5571912350413256,0.20636508497540987,-0.00017216859215372945,0.18100132605271452,0.27363115336816235
P0_parent,2,4,1.0,fatigue_degradation_deficit,0.0,0.16257210845805137,2.470373908493554e-06,2.4703739084935537e-06,0.0,0.0,0.0,3.5326950801893524e-05,3.5326950801893524e-05,-0.0013285923751518403,-9.311673854390643e-05,0.027072957867786778,0.0010639877439164065
P0_parent,2,4,1.0,ordinary_degradation_deficit,0.0,0.9999997448172553,0.010613322497980478,0.010613322497980476,0.0,0.0,0.5261795635164365,0.02421200733118605,0.020665610962617695,-0.24632027781272955,-0.0003083187533328497,0.14628343335762184,0.007553400145164118
P0_parent,2,4,1.0,raw_driver,3.5086618913361813e-09,4262.554852839243,1.9048002628639702,1.90480026286397,0.004231525452936867,0.011305584692839946,0.02002618149195068,0.9999999999999999,0.001013369477388175,-0.30228346032787895,-0.00047961659158233416,0.1287445706197291,0.013799725339783724
P0_parent,2,4,1.0,raw_cyclemax_driver,3.5086618913361813e-09,4262.554852839243,1.9048002628639702,1.90480026286397,0.004231525452936867,0.011305584692839946,0.02002618149195068,0.9999999999999999,0.001013369477388175,-0.30228346032787895,-0.00047961659158233416,0.1287445706197291,0.013799725339783724
P0_parent,2,4,1.0,active_driver,3.5086618913361813e-09,1.614962616981513,0.004844573580213189,0.004844573580213188,0.004212441222069935,0.011223245112387412,0.01881267771016901,0.9999999999999999,0.014565733267021378,0.20939336807800737,-0.0001613573351286914,0.17599728872170123,0.2731188248321608
P0_parent,3,4,1.0,damage,0.0,0.9996211328809718,0.007876307206434261,0.00787630720643426,0.0,0.0,0.3124140721974415,0.024246540028730765,0.019589012211320637,-0.24691080466427703,-0.00030976087919492456,0.1458212363498686,0.0067737410733328465
P0_parent,3,4,1.0,history,0.00023623774145279438,0.7627504918502718,0.014535107084746242,0.01453510708474624,0.01274921078090945,0.03377467261529132,0.05693812900277523,0.9999999999999999,0.5561677657580515,0.20875504434749503,-0.0001660497909464567,0.17792161440412868,0.2738722839833597
P0_parent,3,4,1.0,fatigue_degradation_deficit,0.0,0.3612959413832719,1.6932753182710017e-05,1.6932753182710014e-05,0.0,0.0,0.0,0.00015789470945134387,0.00015112771318832004,-0.03494654876040604,0.00011481362736324203,0.09553676370332412,0.0016356497730428958
P0_parent,3,4,1.0,ordinary_degradation_deficit,0.0,0.9999997448172553,0.01061701170861961,0.010617011708619608,0.0,0.0,0.5262059191388169,0.024246540028730765,0.020677230748467758,-0.2462578102088372,-0.00030535350134594963,0.14630704311492554,0.007555661824230044
P0_parent,3,4,1.0,raw_driver,3.5060916747879414e-09,4265.172567835649,1.907519572830197,1.9075195728301968,0.0042178370368010695,0.0113075710095384,0.02003307756476995,0.9999999999999999,0.0010173106285772137,-0.30201640857896905,-0.0004784601635536717,0.12891615387318883,0.013785148730588021
P0_parent,3,4,1.0,raw_cyclemax_driver,3.5060916747879414e-09,4265.172567835649,1.907519572830197,1.9075195728301968,0.0042178370368010695,0.0113075710095384,0.02003307756476995,0.9999999999999999,0.0010173106285772137,-0.30201640857896905,-0.0004784601635536717,0.12891615387318883,0.013785148730588021
P0_parent,3,4,1.0,active_driver,3.5060916747879414e-09,1.6183223652732988,0.004843004025981093,0.004843004025981092,0.004201062524782213,0.011230793295097831,0.018828792489093756,0.9999999999999999,0.014450867725595755,0.20950072136800044,-0.00014988212004130228,0.17591985757810483,0.27306739386970785
P0_parent,4,4,1.0,damage,0.0,0.9996339387965759,0.007879933455146064,0.007879933455146062,0.0,0.0,0.3124140721974415,0.024292747869905082,0.01959218062170273,-0.2467984194649237,-0.00030831542095227275,0.1458822302545752,0.00677459040876266
P0_parent,4,4,1.0,history,0.00023624291118583876,1.0039884157652401,0.019329902045228747,0.019329902045228744,0.016858299104504298,0.044990919271137034,0.07571332333872481,0.9999999999999999,0.5567798650225873,0.20999392634890915,-0.0001616903271011895,0.17632215854675237,0.2739969770771254
P0_parent,4,4,1.0,fatigue_degradation_deficit,0.0,0.5453683193973691,4.6707568261010735e-05,4.670756826101073e-05,0.0,0.0,0.0,0.0002836029386389508,0.0002706504713545376,-0.04070352902613793,-0.0035073764129402753,0.11283197131165192,0.04243151830680698
P0_parent,4,4,1.0,ordinary_degradation_deficit,0.0,0.9999997617763473,0.010620893840528787,0.010620893840528785,0.0,0.0,0.5262059191388169,0.024292747869905082,0.020681131993910126,-0.24616862482936813,-0.0003038599838422256,0.14635494861289422,0.0075569386202692145
P0_parent,4,4,1.0,raw_driver,3.5048531784796624e-09,4266.819570562587,1.9091427564670622,1.909142756467062,0.004207243035809866,0.011304242759418208,0.020057274916730518,0.9999999999999999,0.0010173106285772137,-0.30186188055061236,-0.0004777935556043407,0.12901131713999647,0.013776226031015994
P0_parent,4,4,1.0,raw_cyclemax_driver,3.5048531784796624e-09,4266.819570562587,1.9091427564670622,1.909142756467062,0.004207243035809866,0.011304242759418208,0.020057274916730518,0.9999999999999999,0.0010173106285772137,-0.30186188055061236,-0.0004777935556043407,0.12901131713999647,0.013776226031015994
P0_parent,4,4,1.0,active_driver,3.5048531784796624e-09,1.6188467872093606,0.004840401564414277,0.004840401564414276,0.00419348867386546,0.011233997821107046,0.018837438648986835,0.9999999999999999,0.014428639828011697,0.20963669817309305,-0.00014472911601376496,0.17586117329041542,0.2730790066058352
P0_parent,5,4,1.0,damage,0.0,0.9996742503247086,0.007957808260220765,0.007957808260220764,0.0,0.0,0.3127184473937877,0.024432120268459985,0.019767402580361824,-0.24436588067740925,-0.0002880739132327847,0.1472457579117495,0.006784093532535842
P0_parent,5,4,1.0,history,0.000236247997155057,1.149617893918863,0.024088645038970232,0.02408864503897023,0.02087980490252018,0.056207369530837645,0.09450035672615237,0.9999999999999999,0.5634704198072749,0.2111574539052766,-0.00013963011317558448,0.17511633893572665,0.27399262254136364
P0_parent,5,4,1.0,fatigue_degradation_deficit,0.0,0.6206761371950723,8.43394309474244e-05,8.433943094742439e-05,0.0,0.0,0.0,0.00037994963242535403,0.00037622167672475386,-0.034645574008665525,-0.003973122968674199,0.11027667914511641,0.045547366317282706
P0_parent,5,4,1.0,ordinary_degradation_deficit,0.0,0.9999998113549317,0.01072478613293971,0.010724786132939708,0.0,0.0,0.5266125414887187,0.024432120268459985,0.020873370915584423,-0.2437572686923771,-0.0002825006449389369,0.14770420744430093,0.007567982903201245
P0_parent,5,4,1.0,raw_driver,3.6425471722497873e-09,4298.943787492553,1.9358027184089124,1.9358027184089122,0.004085767125421169,0.011334125142328705,0.020021426947553878,0.9999999999999999,0.0010303167113953253,-0.2995279443252153,-0.00046969136485471095,0.1303303734121301,0.013610549669265205
P0_parent,5,4,1.0,raw_cyclemax_driver,3.6425471722497873e-09,4298.943787492553,1.9358781953726452,1.935878195372645,0.004085767125421169,0.011344657925931728,0.020113962189124007,0.9999999999999999,0.0010303167113953253,-0.2995163322257216,-0.00046969771079877687,0.13034110140850474,0.013610293569228927
P0_parent,5,4,1.0,active_driver,3.6425471722497873e-09,1.6299506974622942,0.004799265233097848,0.004799265233097847,0.004077662375941339,0.011250995785290666,0.018883588305349155,0.9999999999999999,0.014140213183120814,0.21192111299583144,-4.789827022106973e-05,0.1747092651217938,0.2728157548588915
P0_parent,6,4,1.0,damage,0.0,0.9996977835122166,0.007970804399535038,0.007970804399535037,0.0,0.0,0.3127681777178493,0.02456423170468056,0.019804232443542215,-0.24395462368222978,-0.0002873694666549686,0.14747801732074314,0.006788276046661567
P0_parent,6,4,1.0,history,0.00023625307836638417,1.274418419115769,0.028832595900801745,0.02883259590080174,0.0249047151628319,0.06742164062957341,0.11322031784162744,0.9999999999999999,0.5688114716954094,0.21205454879188498,-0.0001258956227026338,0.17426248091364244,0.2740321991032182
P0_parent,6,4,1.0,fatigue_degradation_deficit,0.0,0.6775050267943666,0.0001232633585382121,0.00012326335853821206,0.0,0.0,0.0,0.0004720751083426999,0.0004720751083426999,-0.029383888422179344,-0.004001050636279779,0.10687429508827896,0.04598074298723438
P0_parent,6,4,1.0,ordinary_degradation_deficit,0.0,0.9999998376270125,0.010740840251592105,0.010740840251592103,0.0,0.0,0.5267228218322751,0.02456423170468056,0.02090191083986754,-0.2433795110868267,-0.0002821591777865928,0.14791711870081395,0.0075739014664918305
P0_parent,6,4,1.0,raw_driver,3.6714454671752316e-09,4302.375033759882,1.9388317567587408,1.9388317567587405,0.004076783776567658,0.011322817328680975,0.020058021750133416,0.9999999999999999,0.0010303167113953253,-0.2992705955918644,-0.00046883681460124457,0.13046903997685264,0.013591664990676976
P0_parent,6,4,1.0,raw_cyclemax_driver,3.6714454671752316e-09,4302.375033759882,1.9388317567587408,1.9388317567587405,0.004076783776567658,0.011322817328680975,0.020058021750133416,0.9999999999999999,0.0010303167113953253,-0.2992705955918644,-0.00046883681460124457,0.13046903997685264,0.013591664990676976
P0_parent,6,4,1.0,active_driver,3.6714454671752316e-09,1.6313966882004542,0.004791078068286961,0.00479107806828696,0.004057162105415746,0.011255162489810722,0.018878125922283107,0.9999999999999999,0.014140435078335286,0.21233320384363694,-5.308649607003229e-05,0.1745504349129583,0.2728810302704665
P0_parent,7,4,1.0,damage,0.0,0.9997222898175073,0.00803834913359922,0.008038349133599219,0.0,0.0,0.3149578638952581,0.024775534199440803,0.019954452088189596,-0.2418272050453818,-0.00027128912329126226,0.1486819620658654,0.006796504981647181
P0_parent,7,4,1.0,history,0.00023625813414585628,1.3996248036437995,0.03354341259241096,0.033543412592410955,0.028861740895291966,0.07872686079323443,0.13215894448803675,0.9999999999999999,0.5747899587184965,0.21296613035913176,-0.00010962533616125588,0.17350125512073367,0.2740177812841239
P0_parent,7,4,1.0,fatigue_degradation_deficit,0.0,0.7165652333026145,0.0001659899543631538,0.00016598995436315378,0.0,0.0,0.0,0.0005954760528468165,0.0005795570012664137,-0.02330672748706604,-0.003876027682276742,0.10246183219608705,0.04573256623543337
P0_parent,7,4,1.0,ordinary_degradation_deficit,0.0,0.9999998628925414,0.010831500487117231,0.01083150048711723,0.0,0.0,0.5296849003951127,0.024775534199440803,0.021092079132115873,-0.2412567381192686,-0.00026503289449613065,0.1491178072231968,0.007583946324693629
P0_parent,7,4,1.0,raw_driver,4.01957498948562e-09,4328.411607636197,1.961575524273519,1.9615755242735187,0.003957025732460066,0.011351225513163143,0.02002569133373578,0.9999999999999999,0.001038028675521351,-0.297279312686026,-0.000461722343078261,0.13158768332799867,0.013451284331043924
P0_parent,7,4,1.0,raw_cyclemax_driver,4.01957498948562e-09,4328.411607636197,1.9616277571867726,1.9616277571867724,0.003957025732460066,0.011356235761290218,0.02009885942459455,0.9999999999999999,0.001038028675521351,-0.2972712689006885,-0.00046171267499446936,0.1315951645038595,0.013451111383928276
P0_parent,7,4,1.0,active_driver,4.01957498948562e-09,1.6410031195126247,0.004753523716819737,0.004753523716819736,0.003925596333740988,0.01125127078778873,0.01888649837852413,0.9999999999999999,0.013982554591581452,0.21439355219476305,-8.111447033838724e-06,0.17354580000283762,0.27269619437230114
P0_parent,8,4,1.0,damage,0.0,0.9997401827700112,0.00808654231621892,0.008086542316218918,0.0,0.0,0.31864952311515693,0.0249597621062537,0.020084368107221737,-0.24028963869100428,-0.0002650420811045204,0.14956393397801143,0.006800551548244434
P0_parent,8,4,1.0,history,0.00023626318947735076,1.4169517548760027,0.03822327788533401,0.038223277885334,0.03279641571419779,0.0899481704936916,0.15137343181884724,0.9999999999999999,0.5797319673811073,0.21385852911123623,-9.780513148683205e-05,0.17282748860446798,0.2740054628146916
P0_parent,8,4,1.0,fatigue_degradation_deficit,0.0,0.7207505047382639,0.00021101720655300314,0.0002110172065530031,0.0,0.0,0.0,0.000730004822389812,0.0007141635540711087,-0.01621582578048535,-0.00539416880673865,0.10279766900891175,0.05353844664265854
P0_parent,8,4,1.0,ordinary_degradation_deficit,0.0,0.9999998799911236,0.010895899747633926,0.010895899747633924,0.0,0.0,0.5346723995098275,0.0249597621062537,0.02119728466585745,-0.2397269778563643,-0.00025907795708415956,0.14999571418561036,0.00758946828462402
P0_parent,8,4,1.0,raw_driver,4.348060730291015e-09,4345.982038315378,1.9778333043252003,1.9778333043252,0.003831262129254241,0.011322802542634073,0.02005897180203013,0.9999999999999999,0.0010464856870556552,-0.295858246217525,-0.00045675492915127656,0.1323822040363524,0.013351794730041295
P0_parent,8,4,1.0,raw_cyclemax_driver,4.348060730291015e-09,4345.982038315378,1.977850735139618,1.9778507351396177,0.003833408260688115,0.011322802542634073,0.020080710046204348,0.9999999999999999,0.0010464856870556552,-0.2958555591716309,-0.00045674592716659057,0.13238471507074132,0.013351738716749561
P0_parent,8,4,1.0,active_driver,4.348060730291015e-09,1.648076407450164,0.004725804676522303,0.004725804676522302,0.00379111422986523,0.01123908682108185,0.01890624654118879,0.9999999999999999,0.013905474873796987,0.2159009096064544,-1.0748692897726335e-05,0.17282697030377717,0.2725825776025307
P0_parent,9,4,1.0,damage,0.0,0.9997590237700262,0.008162105876687512,0.00816210587668751,0.0,0.0,0.3224146637062254,0.025270257158894673,0.02027294869691555,-0.23787922431793115,-0.0002550859548222996,0.15094662587386665,0.00680481440576321
P0_parent,9,4,1.0,history,0.00023626826785050448,1.4267126986506924,0.0428632039902811,0.042863203990281096,0.036681533560787856,0.10144962675425861,0.17034316496321628,0.9999999999999999,0.5856554479237281,0.21480096465125983,-9.195015800073904e-05,0.1721711058083136,0.2739610198152102
P0_parent,9,4,1.0,fatigue_degradation_deficit,0.0,0.7229762579051666,0.0002601544997283786,0.00026015449972837854,0.0,0.0,0.0,0.000893193758984685,0.0008615698709256775,-0.010074473726928495,-0.006459449709115844,0.10248837603022627,0.058378862010641054
P0_parent,9,4,1.0,ordinary_degradation_deficit,0.0,0.9999998967652561,0.010997650981733676,0.010997650981733675,0.0,0.0,0.5396760197668959,0.025270257158894673,0.021394156747779565,-0.2373096460203025,-0.00024869000505447293,0.15138351790386043,0.007595191523603841
P0_parent,9,4,1.0,raw_driver,4.973345266764697e-09,4373.081574097511,2.0039520492047576,2.003952049204757,0.003632210886153381,0.011334076682859157,0.020047739687282073,0.9999999999999999,0.0010548943283457564,-0.2935800423533873,-0.0004490969401644851,0.13364742114779107,0.013193146918358859
P0_parent,9,4,1.0,raw_cyclemax_driver,4.973345266764697e-09,4373.081574097511,2.0039828261394375,2.003982826139437,0.0036337500185936898,0.011340411492615832,0.020140854236824907,0.9999999999999999,0.0010548943283457564,-0.2935753349892161,-0.00044907644767467605,0.13365179307579078,0.013193055161668394
P0_parent,9,4,1.0,active_driver,4.973345266764697e-09,1.659453039831714,0.004682922838504752,0.004682922838504751,0.0035805951753590387,0.011260785656592165,0.018830086834416032,0.9999999999999999,0.013725631286989948,0.21825432955196283,-4.166379714035046e-05,0.1716835412826181,0.2723357139586276
P0_parent,10,4,1.0,damage,0.0,0.999773438929858,0.00822706298332814,0.008227062983328138,0.0,0.0,0.3266319381970594,0.02543985073125046,0.020434371788848223,-0.23581898808862145,-0.00025323126131509524,0.15211567762840428,0.006816676448941355
P0_parent,10,4,1.0,history,0.00023627337931581151,1.5861043535688486,0.04746660395039308,0.04746660395039307,0.040235077034194364,0.11271930606223152,0.19009176902342398,0.9999999999999999,0.5848091839550782,0.21574921042300907,-9.108922675780663e-05,0.17155338556433247,0.27392339340353916
P0_parent,10,4,1.0,fatigue_degradation_deficit,0.0,0.7247599120857329,0.0003112416784370154,0.00031124167843701536,0.0,0.0,0.0,0.0010814260775336144,0.001026755232359469,-0.004586567336794055,-0.0074831514422402795,0.1025015331071607,0.0625473927638422
P0_parent,10,4,1.0,ordinary_degradation_deficit,0.0,0.9999999087468115,0.011086063450910993,0.011086063450910991,0.0,0.0,0.5457686680719642,0.02543985073125046,0.021570940266025927,-0.2352238457070121,-0.00024798648062624487,0.15256531126549341,0.007609847629685758
P0_parent,10,4,1.0,raw_driver,4.972804248525798e-09,4392.068086225862,2.0229998751786975,2.022999875178697,0.0034813813088626702,0.011336076982510296,0.02002178849418392,0.9999999999999999,0.0010628352119273587,-0.2919221688123683,-0.0004437330292664219,0.13456405826720463,0.013078731280948141
P0_parent,10,4,1.0,raw_cyclemax_driver,4.972804248525798e-09,4392.068086225862,2.023021888812113,2.0230218888121128,0.00348593656354657,0.011339177102683586,0.020102008671250587,0.9999999999999999,0.0010628352119273587,-0.29191880328006814,-0.00044371769716137295,0.13456719392228209,0.013078664939490359
P0_parent,10,4,1.0,active_driver,4.972804248525798e-09,1.6676937728549426,0.004649604629578603,0.004649604629578602,0.00345143469567262,0.011269728121616923,0.01886544429762141,0.9999999999999999,0.01317296911266669,0.22005363393552263,-8.011086384243974e-05,0.1708445792501141,0.2722101969917004
P0_parent,11,4,1.0,damage,0.0,0.9997830995054652,0.00827620789671264,0.008276207896712639,0.0,0.0,0.3290278879348151,0.025630032568557604,0.020563719265661314,-0.23426303589316838,-0.00025077020208757615,0.15299615252995372,0.006831849677522766
P0_parent,11,4,1.0,history,0.000236278525350014,1.748386500463626,0.05204259594121257,0.05204259594121256,0.04380028623891827,0.1240569602567276,0.20986811697572394,0.9999999999999999,0.5833947754244988,0.2166575308271436,-9.147304302392917e-05,0.17098455010600844,0.2738929397815083
P0_parent,11,4,1.0,fatigue_degradation_deficit,0.0,0.7263251248436684,0.0003676979227548684,0.00036769792275486834,0.0,0.0,0.0,0.0012814274918593353,0.0012352236304072443,0.0009845623599676729,-0.009055406010604328,0.10415932813822089,0.068375056451788
P0_parent,11,4,1.0,ordinary_degradation_deficit,0.0,0.9999999163629786,0.011152567710070409,0.011152567710070407,0.0,0.0,0.5487119089802178,0.025630032568557604,0.021712439036782532,-0.23365866799046844,-0.0002459020594604335,0.15344878550858573,0.007629232107643261
P0_parent,11,4,1.0,raw_driver,4.9842742227877455e-09,4405.943373176804,2.0369049400245935,2.036904940024593,0.003395727830102545,0.01130162008945659,0.020045193499651365,0.9999999999999999,0.0010667603522555155,-0.29071348017054116,-0.0004398897339273227,0.13523011789247405,0.012995837128526087
P0_parent,11,4,1.0,raw_cyclemax_driver,4.9842742227877455e-09,4405.943373176804,2.036916270874819,2.0369162708748187,0.003395727830102545,0.01130162008945659,0.020047569134251212,0.9999999999999999,0.0010667603522555155,-0.29071175084158796,-0.0004398821800184783,0.13523172954013815,0.01299580283801613
P0_parent,11,4,1.0,active_driver,4.9842742227877455e-09,1.6734524046123627,0.0046243465404821405,0.00462434654048214,0.0033728541300099557,0.011247761845784677,0.018827640880414297,0.9999999999999999,0.013165370483592006,0.22140470980380347,-9.208224389123664e-05,0.17023096288582573,0.27214288912411433
P0_parent,12,4,1.0,damage,0.0,0.9997927807982645,0.008339406993352309,0.008339406993352307,0.0,0.0,0.3315516176242966,0.025831548734708623,0.020701676553827677,-0.2322618038159408,-0.0002479782163519979,0.15412986905167295,0.006846891162963949
P0_parent,12,4,1.0,history,0.0002362837304311356,1.9114257826813081,0.05658644920233511,0.056586449202335104,0.04732457725448793,0.13538469167894154,0.22969484427536802,0.9999999999999999,0.5820557873053254,0.21756068922304359,-9.401103169785986e-05,0.17043635015611677,0.2738526579751082
P0_parent,12,4,1.0,fatigue_degradation_deficit,0.0,0.7276868507786016,0.0004295509741197514,0.00042955097411975134,0.0,0.0,0.0,0.0015196192119464435,0.0014394441656859279,0.006238447993600895,-0.010303569741101526,0.10490750869044586,0.07261205942125167
P0_parent,12,4,1.0,ordinary_degradation_deficit,0.0,0.9999999236625821,0.011237002517083395,0.011237002517083393,0.0,0.0,0.5521430523496196,0.025831548734708623,0.02187023831914074,-0.2316684366341152,-0.00024338458706963019,0.1545763628002748,0.007648757930605371
P0_parent,12,4,1.0,raw_driver,4.872283479564736e-09,4424.769213678444,2.0564070514458113,2.056407051445811,0.003265960175212126,0.011283421709663299,0.020008255792691693,0.9999999999999999,0.0010746232247527826,-0.2890133358828037,-0.0004347130893507011,0.13616807550707533,0.012880480121125656
P0_parent,12,4,1.0,raw_cyclemax_driver,4.872283479564736e-09,4424.769213678444,2.05643117046745,2.0564311704674494,0.0032707287430598325,0.011286713024504432,0.02001827443200245,0.9999999999999999,0.0010746232247527826,-0.28900967075735257,-0.0004346965799024922,0.13617148259349568,0.012880409145318055
P0_parent,12,4,1.0,active_driver,4.872283479564736e-09,1.6814369956544477,0.004590964961976372,0.004590964961976371,0.003208913446059997,0.011195615494225535,0.018816871260211112,0.9999999999999999,0.013025479098031676,0.22321310723488905,-0.00011956838256251748,0.16938643038055792,0.27198464425373586
P0_parent,13,4,1.0,damage,0.0,0.9998054886836445,0.008413614705719665,0.008413614705719663,0.0,0.0,0.33601528557901594,0.026029280460748636,0.020922183641378482,-0.22990884137951623,-0.0002477397889696105,0.15546577916886337,0.006870124045402894
P0_parent,13,4,1.0,history,0.0002362890177953657,2.075289539770912,0.0610929221432397,0.06109292214323969,0.05074914692180307,0.14664251699016015,0.24937892737450212,0.9999999999999999,0.5799977857104884,0.21847908668922983,-9.830630926416555e-05,0.16989753308394376,0.2738058665489214
P0_parent,13,4,1.0,fatigue_degradation_deficit,0.0,0.7288692719031971,0.0004963091327765718,0.0004963091327765716,0.0,0.0,0.0,0.001803928751296474,0.0017134586648888685,0.0116631292884892,-0.01189923483007614,0.10647589564720869,0.07760955003397631
P0_parent,13,4,1.0,ordinary_degradation_deficit,0.0,0.9999999327383962,0.01133753268746606,0.011337532687466059,0.0,0.0,0.5581482258554249,0.026029280460748636,0.02208156882158219,-0.22929654828536727,-0.0002441517539698641,0.15592220221880929,0.007678536651636821
P0_parent,13,4,1.0,raw_driver,4.878920570450777e-09,4445.317666404499,2.078291827459661,2.0782918274596605,0.0031305201991904223,0.01129568480080255,0.019993046089621214,0.9999999999999999,0.0010825467450250276,-0.2871001695797964,-0.00042918140383373847,0.1372243780012318,0.012752339651811443
P0_parent,13,4,1.0,raw_cyclemax_driver,4.878920570450777e-09,4445.317666404499,2.078324329192918,2.0783243291929177,0.0031305201991904223,0.011298855204726059,0.020058605029563983,0.9999999999999999,0.0010825467450250276,-0.2870952528337376,-0.0004291607896893037,0.13722893751933196,0.01275224631850437
P0_parent,13,4,1.0,active_driver,4.878920570450777e-09,1.6901270189083886,0.0045532203780184535,0.004553220378018453,0.0031305201991904223,0.011195194110453987,0.018903573440598655,0.9999999999999999,0.01281535917904526,0.22525252955662953,-0.0001482746310123635,0.16844493515527578,0.2718116110039318
P0_parent,14,4,1.0,damage,0.0,0.9998127895577007,0.008476072220948077,0.008476072220948075,0.0,0.0,0.3426940574888312,0.026264281084332045,0.021067940252656604,-0.22794195826435507,-0.00024611987879228953,0.156569365878879,0.006907796655093535
P0_parent,14,4,1.0,history,0.0002362943818331677,2.2397798414551318,0.06556683376790431,0.0655668337679043,0.053727247083366736,0.15808367290784875,0.2695240461022189,0.9999999999999999,0.5776527102150302,0.219388516122526,-0.00010319027955476617,0.16937904114879715,0.2737629791350478
P0_parent,14,4,1.0,fatigue_degradation_deficit,0.0,0.7307498848664666,0.000568218022655361,0.0005682180226553609,0.0,0.0,0.0,0.0020928705505440697,0.001982590471436553,0.016888457270488873,-0.013408661172485986,0.10783845730961772,0.0820185953455436
P0_parent,14,4,1.0,ordinary_degradation_deficit,0.0,0.9999999376928894,0.011421471788851728,0.011421471788851726,0.0,0.0,0.566733525661681,0.026264281084332045,0.02222747506456643,-0.2273300297082713,-0.00024268431393449755,0.15702485325040186,0.007727032062981329
P0_parent,14,4,1.0,raw_driver,4.995887112866254e-09,4461.106217391065,2.095439737292061,2.0954397372920606,0.0030672130725563993,0.011280408276956942,0.019970006709710164,0.9999999999999999,0.0010905139692458986,-0.2855993653237218,-0.0004250074281686765,0.1380516813267589,0.012652786771575155
P0_parent,14,4,1.0,raw_cyclemax_driver,4.995887112866254e-09,4461.106217391065,2.095461490294058,2.0954614902940576,0.0030672130725563993,0.011280408276956942,0.019999829808038633,0.9999999999999999,0.0010905139692458986,-0.28559607868654047,-0.0004249956385360561,0.13805473349186725,0.012652724307623684
P0_parent,14,4,1.0,active_driver,4.995887112866254e-09,1.696711799855495,0.004522906378410956,0.0045229063784109555,0.003061631170560455,0.011219129624389122,0.01881044075656052,0.9999999999999999,0.012808776546293671,0.22688034714818298,-0.00016555840405888306,0.16770831239558212,0.27169322562316944
P0_parent,15,4,1.0,damage,0.0,0.9998237378389989,0.008550561054478852,0.00855056105447885,0.0,0.0,0.3520870359809675,0.026557077315881458,0.02127587355234404,-0.22559052945677066,-0.000250774367454026,0.15789480841901685,0.006946148361205449
P0_parent,15,4,1.0,history,0.00023629985542525915,2.4050456141558367,0.07000444731315855,0.07000444731315854,0.05664864457106091,0.1693559579352703,0.2892651382252726,0.9999999999999999,0.5761622448073357,0.22030605422430552,-0.00010910826237929353,0.16886730632012575,0.27371259974846784
P0_parent,15,4,1.0,fatigue_degradation_deficit,0.0,0.7559583565021253,0.0006466021076552117,0.0006466021076552116,0.0,0.0,0.0,0.0024323725348504672,0.0023071666839239676,0.02216083198235146,-0.015011647580867156,0.10935385026920534,0.08642201964696494
P0_parent,15,4,1.0,ordinary_degradation_deficit,0.0,0.9999999447673789,0.011521715600925768,0.011521715600925766,0.0,0.0,0.5789798846699908,0.026557077315881458,0.022406623308200268,-0.22497517179295504,-0.00024937144385908677,0.15835187790093116,0.007776511854256924
P0_parent,15,4,1.0,raw_driver,4.96319255836724e-09,4480.508786498733,2.1172323895163436,2.117232389516343,0.0029408371016317733,0.011293674908131737,0.020049358553304628,0.9999999999999999,0.0010984791824584905,-0.28368435952273185,-0.00041988405620165415,0.13911031542864624,0.012527463626206808
P0_parent,15,4,1.0,raw_cyclemax_driver,4.96319255836724e-09,4480.508786498733,2.117264591504505,2.1172645915045045,0.0029445588179003238,0.011293674908131737,0.02007195321197658,0.9999999999999999,0.0010984791824584905,-0.28367951635728733,-0.00041986890590364745,0.13911480077423427,0.012527374414921827
P0_parent,15,4,1.0,active_driver,4.96319255836724e-09,1.7048788731943498,0.0044855401864883045,0.004485540186488304,0.002884765852187496,0.011232374681454244,0.0188287823351638,0.9999999999999999,0.0125994119117474,0.22889871821483965,-0.00019202294736684938,0.16678607851244243,0.27150514294511147
P0_parent,16,4,1.0,damage,0.0,0.9998337164454616,0.008627821302575571,0.00862782130257557,0.0,0.0,0.3647201640211224,0.026769725891523256,0.02144929579211762,-0.22316479785717602,-0.00024586788023665243,0.15924899793584793,0.006987253297223262
P0_parent,16,4,1.0,history,0.00023630545610272793,2.571042342225554,0.07440414251985465,0.07440414251985464,0.05949765655837688,0.18057975660375353,0.30892076934927964,0.9999999999999999,0.5744856749007423,0.22123324334637964,-0.00011433696175664233,0.16836226310636293,0.27365972131527194
P0_parent,16,4,1.0,fatigue_degradation_deficit,0.0,0.7777053794807515,0.000730895277847064,0.0007308952778470639,0.0,0.0,0.0,0.0027895432047537845,0.0026454875731829553,0.027286003950891466,-0.016618020717600414,0.11092739431707122,0.09058117336231819
P0_parent,16,4,1.0,ordinary_degradation_deficit,0.0,0.9999999508440525,0.01162562976801176,0.011625629768011759,0.0,0.0,0.5953066556209778,0.026769725891523256,0.02259334838880023,-0.22254746728023606,-0.0002440332139646255,0.15970667771868335,0.00782876158470642
P0_parent,16,4,1.0,raw_driver,4.940188242163368e-09,4499.488974220087,2.138750996419146,2.1387509964191453,0.0027778105166054593,0.0112976291872584,0.020106204386334564,0.9999999999999999,0.0011064216120826348,-0.28178947935966675,-0.000414898293143373,0.14015711200592115,0.012404825129497409
P0_parent,16,4,1.0,raw_cyclemax_driver,4.940188242163368e-09,4499.488974220087,2.138780355189413,2.1387803551894127,0.0027778105166054593,0.0112976291872584,0.020153176998119873,0.9999999999999999,0.0011064216120826348,-0.2817850766722371,-0.00041488930353175544,0.14016118761602367,0.012404745705933733
P0_parent,16,4,1.0,active_driver,4.940188242163368e-09,1.7125000030256858,0.00444818280019318,0.004448182800193179,0.0027158008608916956,0.011217994173201795,0.01879875721350867,0.9999999999999999,0.012461321489405167,0.23090983650012376,-0.00019271791901886748,0.16588066911689403,0.2713262153545375
P0_parent,17,4,1.0,damage,0.0,0.9998438129921299,0.008720328051721894,0.008720328051721892,0.0,0.0,0.3756358080387425,0.027060714573506384,0.02166976898900715,-0.22026092559778254,-0.00024733367183030203,0.16086973426342804,0.007031431137182859
P0_parent,17,4,1.0,history,0.0002363112243521186,2.737913939839011,0.07876019750058559,0.07876019750058558,0.06220487658578759,0.19176234139776316,0.3289465500011687,0.9999999999999999,0.5729696806439639,0.2221860738911637,-0.0001204087314294617,0.167854594435273,0.2735979636245203
P0_parent,17,4,1.0,fatigue_degradation_deficit,0.0,0.7965847683898809,0.0008203446136645513,0.0008203446136645512,0.0,0.0,0.0,0.00317691179280894,0.0030112673471610384,0.03234327188496042,-0.0182739350179065,0.11262627854505038,0.09462946587044323
P0_parent,17,4,1.0,ordinary_degradation_deficit,0.0,0.9999999566322108,0.0117507326150165,0.011750732615016498,0.0,0.0,0.6090752615279653,0.027060714573506384,0.022862854885920707,-0.2196261576156583,-0.0002464019465692326,0.16133553657736324,0.00788464760114259
P0_parent,17,4,1.0,raw_driver,4.946630967861038e-09,4521.542846455755,2.1650670587142806,2.16506705871428,0.0025671319616862595,0.011279376489054263,0.020074551224411097,0.9999999999999999,0.0011182873071374018,-0.27946492992053085,-0.0004090598272464595,0.14144209179629685,0.012256381382421416
P0_parent,17,4,1.0,raw_cyclemax_driver,4.946630967861038e-09,4521.542846455755,2.165104875269115,2.1651048752691144,0.002576234333961977,0.01128132210816701,0.020205135556330286,0.9999999999999999,0.0011182873071374018,-0.27945928948986565,-0.0004090501982384683,0.1414472955202422,0.012256283965799438
P0_parent,17,4,1.0,active_driver,4.946630967861038e-09,1.721698377432287,0.004403153222424277,0.004403153222424276,0.0025304014074577514,0.011201683492450501,0.018847838789898125,0.9999999999999999,0.012267917647151754,0.23334025471200134,-0.00021909750801409603,0.16478694512771883,0.27107962167190536
P0_parent,18,4,1.0,damage,0.0,0.9998541137474235,0.008830670678063054,0.008830670678063052,0.0,0.0,0.38420725874448036,0.027398046309939004,0.02195816346779344,-0.21680235419810234,-0.0002501534130593064,0.16279607694386297,0.007078109968455388
P0_parent,18,4,1.0,history,0.0002363172144876633,2.905803849973947,0.08306396030194067,0.08306396030194066,0.06454084387656583,0.20268161296848416,0.3486514755791755,0.9999999999999999,0.5711565064176609,0.22318349255023234,-0.0001276916899397083,0.16733638924408753,0.2735242483960386
P0_parent,18,4,1.0,fatigue_degradation_deficit,0.0,0.8130618420453685,0.0009323897423542166,0.0009323897423542164,0.0,0.0,0.0,0.005126057021344039,0.004926889437306467,0.04683299872002324,-0.00939931430273567,0.13015593049214647,0.12145846806846695
P0_parent,18,4,1.0,ordinary_degradation_deficit,0.0,0.9999999621639134,0.011899536037914597,0.011899536037914596,0.0,0.0,0.6194726470756351,0.027398046309939004,0.023147203281563243,-0.21615588851376957,-0.0002498647603666673,0.16326738222715045,0.007943692505874404
P0_parent,18,4,1.0,raw_driver,5.001931627711416e-09,4547.066283480795,2.1969582079725245,2.196958207972524,0.002364163796103833,0.011282278677994455,0.020073118694256348,0.9999999999999999,0.0011300984819972487,-0.27663689297102706,-0.00040242566205865165,0.1430057705223741,0.012078527430401708
P0_parent,18,4,1.0,raw_cyclemax_driver,5.001931627711416e-09,4547.066283480795,2.1970072275368047,2.197007227536804,0.002373293666013262,0.011282278677994455,0.020233828671519682,0.9999999999999999,0.0011300984819972487,-0.27662962766807536,-0.00040241604875616247,0.1430124467970948,0.012078409754177923
P0_parent,18,4,1.0,active_driver,5.001931627711416e-09,1.732423544912563,0.00434842181454144,0.004348421814541439,0.0023141150709466932,0.011206228173417538,0.018809745247369974,0.9999999999999999,0.012148529287824943,0.23629237508414505,-0.0002551601234938928,0.16347446483053366,0.27077059456917535
P0_parent,19,4,1.0,damage,0.0,0.9998624671062167,0.008921092194773207,0.008921092194773205,0.0,0.0,0.39425812293150597,0.027702656999493362,0.02217502900420239,-0.21397670630042107,-0.0002500692259046829,0.1643630793746543,0.007135844703802346
P0_parent,19,4,1.0,history,0.00023632339682687706,3.0744802791429326,0.08731942370546271,0.0873194237054627,0.0668313205858948,0.21414046311490942,0.3691786613610946,0.9999999999999999,0.5701362398071076,0.2242032503604178,-0.00013569489624145432,0.16682084335340375,0.2734530927922707
P0_parent,19,4,1.0,fatigue_degradation_deficit,0.0,0.8275451697425182,0.0010457883517921514,0.0010457883517921512,0.0,0.0,0.0,0.005607936204897832,0.005371652167719094,0.058721962427334747,-0.0032667250741564473,0.14138693130358987,0.13859166447878626
P0_parent,19,4,1.0,ordinary_degradation_deficit,0.0,0.9999999663728055,0.012020360521428951,0.01202036052142895,0.0,0.0,0.6316987360118226,0.027702656999493362,0.0233634776573488,-0.21334629016770562,-0.00024913465488663524,0.16482531510214837,0.008017710763371632
P0_parent,19,4,1.0,raw_driver,5.042940599343012e-09,4566.775538287425,2.22263857645742,2.2226385764574195,0.002207395743433999,0.011267810011601927,0.020097597059845547,0.9999999999999999,0.0011380252979711456,-0.274353339564917,-0.0003975532321917279,0.14426820794234332,0.011936966417587826
P0_parent,19,4,1.0,raw_cyclemax_driver,5.042940599343012e-09,4566.775538287425,2.2226771147371243,2.222677114737124,0.0022145759288341683,0.011277057531936311,0.02017814696765241,0.9999999999999999,0.0011380252979711456,-0.2743476326673356,-0.000397547773173524,0.14427346733201712,0.011936873406773647
P0_parent,19,4,1.0,active_driver,5.042940599343012e-09,1.7407095471301817,0.004303163428564975,0.004303163428564974,0.002175858311349371,0.01118192113292385,0.0187818463239669,0.9999999999999999,0.011995513208929961,0.23871559566049483,-0.000285528805215493,0.16242729354401864,0.27054862793327544
P0_parent,20,4,1.0,damage,0.0,0.999874075727196,0.009004437404146297,0.009004437404146295,0.0,0.0,0.40128598080079003,0.027969396863671246,0.022387883408793264,-0.2114195918185849,-0.00025982418421383887,0.16575041168185387,0.007209767068053384
P0_parent,20,4,1.0,history,0.0002363297403375613,3.243761779267551,0.09153479228743644,0.09153479228743643,0.06911772755337606,0.22568975809553793,0.38825105133573196,0.9999999999999999,0.5693761831554206,0.22522094074385365,-0.00014388137865313652,0.16631663138797811,0.27338740037855375
P0_parent,20,4,1.0,fatigue_degradation_deficit,0.0,0.8403617061200267,0.0011635851830431858,0.0011635851830431856,0.0,0.0,0.0,0.006102998978560219,0.005849509935169169,0.06846642625309766,0.0005739040557154073,0.1485902325045295,0.15022567610612406
P0_parent,20,4,1.0,ordinary_degradation_deficit,0.0,0.9999999718099156,0.012134075612836014,0.012134075612836012,0.0,0.0,0.6401446805554467,0.027969396863671246,0.02362242109346911,-0.21075291646918176,-0.000261394638342417,0.16622989504979904,0.008111136922373011
P0_parent,20,4,1.0,raw_driver,5.029278911335944e-09,4581.982551926578,2.2430661725999657,2.243066172599965,0.0021175727815985097,0.011253264025431808,0.020175068196802537,0.9999999999999999,0.001146001815135673,-0.27253481220569287,-0.0003939573709829651,0.1452733929848213,0.011825456299752705
P0_parent,20,4,1.0,raw_cyclemax_driver,5.029278911335944e-09,4581.982551926578,2.243092990444337,2.2430929904443366,0.0021175727815985097,0.011260158622754101,0.020234251713705464,0.9999999999999999,0.001146001815135673,-0.27253084316343745,-0.00039395495000480574,0.14527705961211873,0.011825390939842556
P0_parent,20,4,1.0,active_driver,5.029278911335944e-09,1.7470761000794317,0.004265794059799146,0.0042657940597991455,0.002079594022036161,0.01115139840504073,0.018805326038458654,0.9999999999999999,0.011977248258553458,0.24069536580736992,-0.0003068741137316358,0.16160030072321682,0.27041084821143646
P0_parent,21,4,1.0,damage,0.0,0.9998816821812662,0.009107372634736743,0.009107372634736741,0.0,0.0,0.411741306188492,0.02830491448974632,0.02266224845711926,-0.2082209157310209,-0.00026520201782828965,0.16751102734197257,0.007295687874902143
P0_parent,21,4,1.0,history,0.00023633632044688433,3.4138629700393066,0.0957029787714705,0.09570297877147049,0.0710281897114872,0.23736758214031228,0.40721237973613444,0.9999999999999999,0.5671411931912724,0.22625608518057846,-0.0001523908895056471,0.1658119889647657,0.2733119953313219
P0_parent,21,4,1.0,fatigue_degradation_deficit,0.0,0.8517394899952946,0.0012898440671934562,0.001289844067193456,0.0,0.0,0.0,0.006646368468816985,0.006372626375314456,0.07774319682590848,0.003995889120086814,0.15451590691533038,0.16026545849243493
P0_parent,21,4,1.0,ordinary_degradation_deficit,0.0,0.9999999751127,0.012272661980416225,0.012272661980416223,0.0,0.0,0.6525197815959709,0.02830491448974632,0.023888626464284447,-0.20754856583383582,-0.00026730447094365896,0.16799339730173524,0.008220866173533101
P0_parent,21,4,1.0,raw_driver,4.980625470416132e-09,4602.760156494154,2.2720474921868363,2.272047492186836,0.001973785131581551,0.011239529104876883,0.020152940640534023,0.9999999999999999,0.001157999619100604,-0.2699396914475422,-0.0003892335408471916,0.14671289443559746,0.011668845672724653
P0_parent,21,4,1.0,raw_cyclemax_driver,4.980625470416132e-09,4602.760156494154,2.272091929535554,2.2720919295355535,0.001973785131581551,0.01123988729384038,0.020172635892539925,0.9999999999999999,0.001157999619100604,-0.26993315545246116,-0.0003892326040199297,0.14671890374638638,0.01166874489493893
P0_parent,21,4,1.0,active_driver,4.980625470416132e-09,1.7556876352651813,0.004215558965997472,0.004215558965997471,0.0019534355401327947,0.011184628986680586,0.018763413256246836,0.9999999999999999,0.011805890725945949,0.2433881149161661,-0.00033195769525900127,0.16045372639456879,0.2701204262908278
P0_parent,22,4,1.0,damage,0.0,0.9998879724597298,0.009195167778197112,0.00919516777819711,0.0,0.0,0.415725032301823,0.028661860195071123,0.022859587678076283,-0.2055112574320226,-0.00027425904868134856,0.1689874296070597,0.00738216561960317
P0_parent,22,4,1.0,history,0.00023634309838897256,3.5846170489134694,0.09982604499590031,0.0998260449959003,0.07272752610761758,0.2488940441871928,0.4261799109198239,0.9999999999999999,0.5658249393245829,0.227297770076107,-0.00016136361569994123,0.16531462198272978,0.2732389110072719
P0_parent,22,4,1.0,fatigue_degradation_deficit,0.0,0.8618999670525362,0.0014341777540835903,0.00143417775408359,0.0,0.0,0.0,0.00723344177061999,0.006934342226646629,0.08934406529186763,0.010291574677795175,0.16226618890946673,0.17308363997972445
P0_parent,22,4,1.0,ordinary_degradation_deficit,0.0,0.9999999776885871,0.012390223606138027,0.012390223606138026,0.0,0.0,0.6571958193585488,0.028661860195071123,0.024090563234785298,-0.20485032815166318,-0.0002780519575815907,0.16946236487728486,0.00833116012123062
P0_parent,22,4,1.0,raw_driver,4.956667030777782e-09,4619.082317539772,2.2959295817338825,2.295929581733882,0.0018662109216724954,0.011245805863668634,0.02006858196774723,0.9999999999999999,0.001170004259493535,-0.26779628103439207,-0.00038571770706156646,0.14790058045614013,0.011540992037886541
P0_parent,22,4,1.0,raw_cyclemax_driver,4.956667030777782e-09,4619.082317539772,2.2959632200388658,2.2959632200388653,0.0018662109216724954,0.011253680259134043,0.02006858196774723,0.9999999999999999,0.001170004259493535,-0.2677913376725735,-0.0003857185830353507,0.14790513570985817,0.011540915776178088
P0_parent,22,4,1.0,active_driver,4.956667030777782e-09,1.7625744692233851,0.004172996744908076,0.004172996744908075,0.0018542188510816363,0.011161885223584245,0.018818812287869746,0.9999999999999999,0.011565622982792977,0.2456525393431364,-0.0003620093440532082,0.15951846957308588,0.2699079930595663
P0_parent,23,4,1.0,damage,0.0,0.9998945468028715,0.009303096203025676,0.009303096203025675,0.0,0.0,0.41888552335355544,0.028952441281845938,0.023138889221518494,-0.20217595316663287,-0.00028507630183528094,0.17080861003671308,0.0074780153355004314
P0_parent,23,4,1.0,history,0.00023635012095485981,3.756132902327945,0.10389963654552346,0.10389963654552345,0.07471933901297922,0.26079147086853965,0.4442561516017044,0.9999999999999999,0.562809687065077,0.22835501151502108,-0.0001710940822423391,0.16481925701955957,0.2731597790193617
P0_parent,23,4,1.0,fatigue_degradation_deficit,0.0,0.8709991847082189,0.0015823444399011848,0.0015823444399011846,0.0,0.0,0.0,0.00787808933703278,0.007521005189319107,0.09886128585153675,0.01426830486492049,0.16724020637825598,0.1822267046071941
P0_parent,23,4,1.0,ordinary_degradation_deficit,0.0,0.9999999802304412,0.012536511874511602,0.0125365118745116,0.0,0.0,0.6608300443432502,0.028952441281845938,0.024390045609169783,-0.20148735456126454,-0.00029020267642542857,0.17129753820015237,0.00845234090263902
P0_parent,23,4,1.0,raw_driver,4.967944301154654e-09,4638.100936434256,2.32501498668985,2.3250149866898497,0.0017399296203189606,0.011232253281824936,0.01993784998672411,0.9999999999999999,0.0011820850704687253,-0.2651759403283639,-0.0003820006861367036,0.14935557045679476,0.011386985450725983
P0_parent,23,4,1.0,raw_cyclemax_driver,4.967944301154654e-09,4638.100936434256,2.325060223900695,2.3250602239006946,0.0017426721592031416,0.011232253281824936,0.01993784998672411,0.9999999999999999,0.0011820850704687253,-0.26516932632743867,-0.00038200271592034356,0.14936164444166972,0.011386888144460774
P0_parent,23,4,1.0,active_driver,4.967944301154654e-09,1.770614514326197,0.004121723467519026,0.004121723467519025,0.0017232245573385705,0.011156102658216038,0.01881820591398211,0.9999999999999999,0.011438170300514267,0.24838169389038392,-0.00040095112581555495,0.15840288935388355,0.26962550528657225
P0_parent,24,4,1.0,damage,0.0,0.9999018012919875,0.009435831897164532,0.00943583189716453,0.0,0.0,0.424156031058365,0.029338075120064228,0.02346954612496295,-0.19808424706049232,-0.0002992442413675965,0.17303876996493955,0.007574079983750993
P0_parent,24,4,1.0,history,0.0002363574668420806,3.9285774183977393,0.107912073514454,0.10791207351445399,0.0768611432624886,0.27147865269479954,0.4617397544195019,0.9999999999999999,0.5597339534318119,0.22944791821338384,-0.0001814524512995085,0.16431932959064416,0.27306773569210163
P0_parent,24,4,1.0,fatigue_degradation_deficit,0.0,0.8791599468139448,0.0017308137346837345,0.0017308137346837343,0.0,0.0,0.0,0.008569269760403706,0.008153653132671548,0.10690351266229371,0.016572424857031427,0.1706286200830167,0.18920053821408878
P0_parent,24,4,1.0,ordinary_degradation_deficit,0.0,0.9999999828569133,0.012715290044895494,0.012715290044895492,0.0,0.0,0.666995104508951,0.029338075120064228,0.024712354135584123,-0.19738731790755495,-0.0003057238871878205,0.17353169020195733,0.008573635362602123
P0_parent,24,4,1.0,raw_driver,4.9851073664436375e-09,4661.571161274282,2.3627305359321404,2.36273053593214,0.0015807716658473624,0.011142528245983826,0.01976337769422727,0.9999999999999999,0.0011942563738618324,-0.26175935808683115,-0.0003780039599044097,0.15125684829246758,0.011189620569738845
P0_parent,24,4,1.0,raw_cyclemax_driver,4.9851073664436375e-09,4661.571161274282,2.3627919271241358,2.3627919271241353,0.0015850690201940493,0.011142528245983826,0.01976337769422727,0.9999999999999999,0.0011942563738618324,-0.2617504460863461,-0.0003780101195887773,0.15126498817894926,0.011189501914054783
P0_parent,24,4,1.0,active_driver,4.9851073664436375e-09,1.78038830934642,0.004056074322045648,0.004056074322045647,0.0015225610277815153,0.011127381784928718,0.018748525959185164,0.9999999999999999,0.01145602278322348,0.251884292283607,-0.000439803988517115,0.15698702336322984,0.2692135774683711
P0_parent,25,4,1.0,damage,0.0,0.9999076714980353,0.009553040661579476,0.009553040661579474,0.0,0.0,0.4245160350240357,0.029729199262077045,0.02377725611992155,-0.19449888829883968,-0.00030667999556182923,0.17498217818686357,0.007672092585505735
P0_parent,25,4,1.0,history,0.0002363651020890375,4.101737372789454,0.11186470523987747,0.11186470523987746,0.07889212747633811,0.2834091997652606,0.47788706297998707,0.9999999999999999,0.5564886060285141,0.23056416985687955,-0.00019029680095245105,0.16382394850523269,0.2729773562289679
P0_parent,25,4,1.0,fatigue_degradation_deficit,0.0,0.8865152625325946,0.0018779335979697553,0.0018779335979697551,0.0,0.0,0.0,0.009284815260126776,0.008839005031331375,0.11395480171594166,0.01764803559042562,0.17307256169472776,0.1948810163660687
P0_parent,25,4,1.0,ordinary_degradation_deficit,0.0,0.9999999848452404,0.01287406258813889,0.012874062588138889,0.0,0.0,0.6674152117733524,0.029729199262077045,0.025035691859561168,-0.19377759772216124,-0.00031343310824673314,0.1754863466706583,0.008696806941427037
P0_parent,25,4,1.0,raw_driver,4.912097852268768e-09,4680.789928724532,2.394298385328454,2.3942983853284536,0.0014440172826239027,0.011127305537449887,0.019617875625658678,0.9999999999999999,0.0012103829981349643,-0.25889235931796795,-0.00037503540170148156,0.15285205781413802,0.011026452110471454
P0_parent,25,4,1.0,raw_cyclemax_driver,4.912097852268768e-09,4680.789928724532,2.3943453199176012,2.394345319917601,0.001449102068696354,0.01113821346839749,0.019617875625658678,0.9999999999999999,0.0012103829981349643,-0.2588855498126551,-0.00037504806084078315,0.15285829771578627,0.011026361370866999
P0_parent,25,4,1.0,active_driver,4.912097852268768e-09,1.7877888643576345,0.003999469054581482,0.003999469054581481,0.001369711228627963,0.011067466637252596,0.018669331684972146,0.9999999999999999,0.01124719893280425,0.25487336197093324,-0.0004221249316624758,0.15583268738229633,0.26891002557551674
P0_parent,26,4,1.0,damage,0.0,0.9999130889033792,0.009666974397972043,0.00966697439797204,0.0,0.0,0.4297902620355851,0.030147163521126705,0.024042834375072753,-0.19100205052584962,-0.0003098949217055169,0.17687830853976264,0.007779281623388809
P0_parent,26,4,1.0,history,0.00023637304164451282,4.275555630807714,0.1157605393312488,0.11576053933124879,0.08026176929985615,0.29577286226943794,0.49244169123946735,0.9999999999999999,0.5549210294597435,0.23169593280917974,-0.00019610214059560441,0.16333418262003532,0.27288479911857594
P0_parent,26,4,1.0,fatigue_degradation_deficit,0.0,0.8931626487701937,0.0020279572996996778,0.0020279572996996773,0.0,0.0,0.0007533838849826946,0.010083496945160126,0.009566307469221479,0.12023877768878506,0.017735317199733258,0.17474762826433024,0.19951726155857663
P0_parent,26,4,1.0,ordinary_degradation_deficit,0.0,0.9999999865714867,0.013027257318285235,0.013027257318285234,0.0,0.0,0.6736994782902137,0.030147163521126705,0.025327239189744048,-0.19027961413609631,-0.0003171022940333345,0.1773825516847396,0.008832287697114383
P0_parent,26,4,1.0,raw_driver,4.8894456480457285e-09,4699.618412290431,2.4258080906647237,2.4258080906647232,0.0012986729721693449,0.011115410659604714,0.019473779880015175,0.9999999999999999,0.0012224712377022458,-0.25602078826292834,-0.00037207489381596543,0.15445077121012638,0.010865295928194648
P0_parent,26,4,1.0,raw_cyclemax_driver,4.8894456480457285e-09,4699.618412290431,2.425855468497485,2.4258554684974847,0.0013024380726121302,0.011121591356846476,0.019473779880015175,0.9999999999999999,0.0012224712377022458,-0.25601393720792276,-0.00037208873870456683,0.15445704318577164,0.01086520884119316
P0_parent,26,4,1.0,active_driver,4.8894456480457285e-09,1.794474899350118,0.003943480097422433,0.003943480097422432,0.0012421827534884865,0.010998756157645324,0.01869304150039157,0.9999999999999999,0.011100443148097272,0.2578300582229972,-0.00035443963898266947,0.15471169562524145,0.268576696296894
P0_parent,27,4,1.0,damage,0.0,0.9999187623020155,0.009805349382959721,0.00980534938295972,0.0,0.0,0.43328499348685046,0.030614065062653413,0.024422161187017687,-0.18677664248517,-0.00030879033263608695,0.179153360748297,0.007889208175664806
P0_parent,27,4,1.0,history,0.00023638136918808096,4.450099777074223,0.119592256049914,0.11959225604991398,0.0814754385025969,0.30803025169982,0.5058577190160957,0.9999999999999999,0.5511275220998991,0.23285308146754874,-0.00019647572014184562,0.1628469666131297,0.2727827931087187
P0_parent,27,4,1.0,fatigue_degradation_deficit,0.0,0.899171834872531,0.0021793533579203576,0.002179353357920357,0.0,0.0,0.017722568957924567,0.010889044703157833,0.01032385522814682,0.12595464197653009,0.017086603204533025,0.17594276160430058,0.20344055173137415
P0_parent,27,4,1.0,ordinary_degradation_deficit,0.0,0.9999999882674425,0.013213556984975892,0.01321355698497589,0.0,0.0,0.6774024867673332,0.030614065062653413,0.025650206091344992,-0.18604822717011565,-0.0003173635907768267,0.17965889970101936,0.00897029322042299
P0_parent,27,4,1.0,raw_driver,4.91880841720331e-09,4721.950040744566,2.4640610757086105,2.46406107570861,0.0011717977474948126,0.01109511099762267,0.01930055245708997,0.9999999999999999,0.0012346022669470105,-0.25251861641720397,-0.000367888110652905,0.15640438495440345,0.010671912287977927
P0_parent,27,4,1.0,raw_cyclemax_driver,4.91880841720331e-09,4721.950040744566,2.4641256007856254,2.464125600785625,0.0011743760604889936,0.01111080474577928,0.01930055245708997,0.9999999999999999,0.0012346022669470105,-0.25250934330846536,-0.0003679046715783756,0.15641283531907896,0.01067180245477138
P0_parent,27,4,1.0,active_driver,4.91880841720331e-09,1.8016730285916507,0.003875522413756963,0.0038755224137569625,0.0010860642888825102,0.011002308561844032,0.01869236725969245,0.9999999999999999,0.010960646648438491,0.26141312772451086,-0.0002023287561707412,0.15339004467364237,0.2681547398410231
P0_parent,28,4,1.0,damage,0.0,0.9999214962154992,0.00989606644155016,0.009896066441550158,0.0,0.0,0.4336226999899581,0.030871056082533623,0.024640189110500567,-0.18401206816020668,-0.00030739507458843555,0.18063872178817914,0.008008036509344531
P0_parent,28,4,1.0,history,0.00023638991654108602,4.625063019635772,0.12337313673520262,0.1233731367352026,0.08261446722609778,0.3189215624117652,0.5182236502617529,0.9999999999999999,0.5501775763762078,0.23400684474695768,-0.0001948424030831873,0.16237421242338357,0.27269247213575804
P0_parent,28,4,1.0,fatigue_degradation_deficit,0.0,0.9046529926735518,0.002335819959585876,0.0023358199595858754,0.0,0.0,0.04035509552240901,0.011751232014729811,0.011158436289379608,0.13123339999669412,0.015820978921870853,0.1766727781449275,0.20673543321237248
P0_parent,28,4,1.0,ordinary_degradation_deficit,0.0,0.9999999890438326,0.013336068139167327,0.013336068139167325,0.0,0.0,0.677787118443373,0.030871056082533623,0.02589133398117486,-0.1832716417834474,-0.0003176016377934175,0.18114953190292118,0.00911935218662069
P0_parent,28,4,1.0,raw_driver,4.959165535017298e-09,4734.207235806676,2.4866146912754377,2.486614691275437,0.0010795420961153008,0.011075737425352075,0.01919046146346628,0.9999999999999999,0.0012464822971905356,-0.2504540157818981,-0.00036510671743051416,0.157552532620834,0.010558951357581827
P0_parent,28,4,1.0,raw_cyclemax_driver,4.959165535017298e-09,4734.207235806676,2.4866501685279054,2.486650168527905,0.0010795420961153008,0.011085633331641913,0.01919046146346628,0.9999999999999999,0.0012464822971905356,-0.2504489012324394,-0.0003651094222279165,0.15755722740842684,0.01055888394123949
P0_parent,28,4,1.0,active_driver,4.959165535017298e-09,1.805897709004678,0.0038332339118453333,0.003833233911845333,0.0010098050612120137,0.01099450796176446,0.018753576547336066,0.9999999999999999,0.010910606990858556,0.26360497546047107,-0.000139046243451772,0.15263570675185137,0.2679718489087846
P0_parent,29,4,1.0,damage,0.0,0.9999258349082096,0.010015986342891978,0.010015986342891976,0.0,0.0,0.43409497424268956,0.031218700964215466,0.024988138428593612,-0.1803740917521483,-0.00030007173905844656,0.18258249983460914,0.008152838751206861
P0_parent,29,4,1.0,history,0.00023639875892558716,4.800584658148946,0.12710132531576251,0.1271013253157625,0.0844315614715479,0.32997881344981245,0.5292490250995202,0.9999999999999999,0.5496058206714788,0.2351643446336341,-0.00019107242324535007,0.1619090577603239,0.272595182623693
P0_parent,29,4,1.0,fatigue_degradation_deficit,0.0,0.9096511767620178,0.002502858194860746,0.0025028581948607458,0.0,0.0,0.05853570178251677,0.012713224316305633,0.012052352053975122,0.13613501130588299,0.014031375232378915,0.17685497162278768,0.20930669157593498
P0_parent,29,4,1.0,ordinary_degradation_deficit,0.0,0.999999990221403,0.01349853508892551,0.013498535088925508,0.0,0.0,0.6783325336415349,0.031218700964215466,0.02622721045183834,-0.1796084926488655,-0.00031196432239327486,0.1831032740598098,0.009300466114481671
P0_parent,29,4,1.0,raw_driver,4.910113246045173e-09,4750.314396031968,2.518220216576216,2.5182202165762155,0.000970686983978941,0.011058074174240401,0.019030179866708963,0.9999999999999999,0.0012579406748057299,-0.24753857655224534,-0.00036055297661802174,0.15918589936570013,0.01040245776451235
P0_parent,29,4,1.0,raw_cyclemax_driver,4.910113246045173e-09,4750.314396031968,2.518290586416698,2.5182905864166973,0.0009736420627612374,0.01107461390358215,0.019030179866708963,0.9999999999999999,0.0012579406748057299,-0.247528493473145,-0.0003605535626471689,0.15919510315489477,0.010402330093432942
P0_parent,29,4,1.0,active_driver,4.910113246045173e-09,1.8115599326611604,0.0037767024927645395,0.003776702492764539,0.0008896541564641577,0.010959460883615723,0.018780033881492075,0.9999999999999999,0.010813752639884214,0.2665632160239141,-6.41627545496137e-05,0.15160988573022235,0.26762090353815676
P0_parent,30,4,1.0,damage,0.0,0.9999300714454163,0.01013685230419395,0.010136852304193948,0.0,0.0,0.4386598135636757,0.0316185913290635,0.02528565259523521,-0.17670930074707628,-0.0002917850175922483,0.18454440089387056,0.008294362778363934
P0_parent,30,4,1.0,history,0.0002364078817709319,4.97669047416951,0.1307704992594748,0.13077049925947476,0.08615728820546104,0.34079544350392155,0.5383518554189499,0.9999999999999999,0.5479204433511558,0.23633128774480486,-0.000187250885729785,0.1614525384834234,0.27249350873835265
P0_parent,30,4,1.0,fatigue_degradation_deficit,0.0,0.9142197798206497,0.002678397679918068,0.0026783976799180675,0.0,0.0,0.07468485539455694,0.01384625011241546,0.01301359908085975,0.1409046217971699,0.012044867721389487,0.17683581127160578,0.21159220284782934
P0_parent,30,4,1.0,ordinary_degradation_deficit,0.0,0.9999999913066618,0.013660295805425863,0.01366029580542586,0.0,0.0,0.6834891777997226,0.0316185913290635,0.026482274537898642,-0.17595826136017237,-0.0003046766553401037,0.18505853434454772,0.009477749341920376
P0_parent,30,4,1.0,raw_driver,4.896999860044184e-09,4765.627410501621,2.5518622623822056,2.551862262382205,0.0008764001219253633,0.01102983216330238,0.018843640144946962,0.9999999999999999,0.0012735089702382422,-0.24441979081793158,-0.00035566427588609164,0.16093653486681134,0.010237386969839998
P0_parent,30,4,1.0,raw_cyclemax_driver,4.896999860044184e-09,4765.627410501621,2.5519178020017277,2.5519178020017272,0.0008764001219253633,0.011031716635767876,0.018843640144946962,0.9999999999999999,0.0012735089702382422,-0.24441185865496415,-0.0003556517755487754,0.16094376545384895,0.010237298112014452
P0_parent,30,4,1.0,active_driver,4.896999860044184e-09,1.8176590652688593,0.0037167973017769394,0.003716797301776939,0.0007953372860239382,0.010944676077276103,0.018656864669802806,0.9999999999999999,0.010688618609786173,0.2696989886592061,-5.3072311150665233e-05,0.15055079093908366,0.26721982769162056
P0_parent,31,4,1.0,damage,0.0,0.9999333709848078,0.010237898425538535,0.010237898425538534,0.0,0.0,0.44380431382499613,0.03195789360618924,0.025553531732051885,-0.17365350944735858,-0.0002940712484911986,0.18617452831924225,0.008446896287432679
P0_parent,31,4,1.0,history,0.00023641719654375062,5.153229675601343,0.13438848861092942,0.1343884886109294,0.0878155108851909,0.35214972922303267,0.5470042562556656,0.9999999999999999,0.5458332256014141,0.2374936833921598,-0.00018470501428968588,0.16100908248421933,0.27239682067885757
P0_parent,31,4,1.0,fatigue_degradation_deficit,0.0,0.9184204540316925,0.002875320686229396,0.0028753206862293956,0.0,0.0,0.09112231143957694,0.01503377324835219,0.014066492522200047,0.14662088676181093,0.011381922367047444,0.17730176792826668,0.21485593134198194
P0_parent,31,4,1.0,ordinary_degradation_deficit,0.0,0.9999999921076878,0.013797459275278378,0.013797459275278376,0.0,0.0,0.6892943055020447,0.03195789360618924,0.026757348149991998,-0.17287344461190643,-0.0003098021249339165,0.1867031188521331,0.009667585691619403
P0_parent,31,4,1.0,raw_driver,4.932046325835511e-09,4776.108285793275,2.57718845159653,2.5771884515965295,0.0008162950940228997,0.011041556952607404,0.018692125829097444,0.9999999999999999,0.00128134045419325,-0.24206940734822577,-0.00035221899315229793,0.16225335194077703,0.010114123911901815
P0_parent,31,4,1.0,raw_cyclemax_driver,4.932046325835511e-09,4776.108285793275,2.577225210898089,2.5772252108980886,0.0008163790425059517,0.011041784902801614,0.018770514881830652,0.9999999999999999,0.00128134045419325,-0.2420641512961365,-0.00035220510665812614,0.16225816357324846,0.010114062860833252
P0_parent,31,4,1.0,active_driver,4.932046325835511e-09,1.8222839096117258,0.0036698518608887397,0.0036698518608887392,0.0007418139830789837,0.010933331711496491,0.018687033808451353,0.9999999999999999,0.01043507670303108,0.2721202583868897,-8.957550295172188e-05,0.14978883558127487,0.26697301870758955
P0_parent,32,4,1.0,damage,0.0,0.9999370216118149,0.01036139429094212,0.010361394290942119,0.0,0.0,0.44945105261904406,0.03392171670444352,0.025840575825267588,-0.1699176060468096,-0.000294833607397093,0.18817112274970788,0.008587126061688806
P0_parent,32,4,1.0,history,0.00023642675623939405,5.330304994772131,0.137950289498936,0.13795028949893598,0.08914907269922893,0.3638184776064031,0.5548988670052848,0.9999999999999999,0.5437437194139809,0.2386599036436627,-0.0001833098503688092,0.16057491234465804,0.2722931279847449
P0_parent,32,4,1.0,fatigue_degradation_deficit,0.0,0.9222787282137243,0.0030833501422235484,0.003083350142223548,0.0,0.0,0.10300614037769984,0.01632257515171132,0.015207307382023005,0.15189735283976694,0.010142419353197306,0.1772801882947452,0.21741209127062677
P0_parent,32,4,1.0,ordinary_degradation_deficit,0.0,0.9999999929488402,0.013963363490213954,0.013963363490213952,0.0,0.0,0.6954203678389741,0.03392171670444352,0.02707604403056833,-0.16913932993846745,-0.00031301077514914367,0.1886987749880287,0.009841642766275352
P0_parent,32,4,1.0,raw_driver,4.951674262813769e-09,4789.223521462039,2.6106589598093923,2.610658959809392,0.0007324119200099563,0.010968850683833992,0.018511998835153087,0.9999999999999999,0.0012967483782727984,-0.23894658220410328,-0.00034787860455687963,0.16400827334916804,0.009952544802900615
P0_parent,32,4,1.0,raw_cyclemax_driver,4.951674262813769e-09,4789.223521462039,2.610713746592141,2.6107137465921406,0.0007362969999282462,0.010988851164491262,0.018638149466361137,0.9999999999999999,0.0012967483782727984,-0.23893879081806138,-0.00034785760332763885,0.1640153714722389,0.009952461921561575
P0_parent,32,4,1.0,active_driver,4.951674262813769e-09,1.8279950517582293,0.0036093860163491517,0.0036093860163491512,0.0006640857638789564,0.01088376231711858,0.018487198802997026,0.9999999999999999,0.010442022703829844,0.27525557308467885,-0.00012731028560748864,0.14881678498127213,0.2665774954289247
P0_parent,33,4,1.0,damage,0.0,0.9999415432180564,0.010528140621755121,0.01052814062175512,0.0,0.0,0.45593405379726826,0.03446079013893773,0.026257291614962673,-0.16489570765780412,-0.000295205290360149,0.19084064024442401,0.008721691318558796
P0_parent,33,4,1.0,history,0.00023643664186771097,5.50805606706822,0.14143796256089108,0.14143796256089106,0.08978484708931109,0.3753091688248358,0.5618942393662174,0.9999999999999999,0.5431774850815049,0.239848441346666,-0.00018282229846479492,0.16014945291960056,0.2721755940850144
P0_parent,33,4,1.0,fatigue_degradation_deficit,0.0,0.9258108486630747,0.003294685600858589,0.0032946856008585885,0.0,0.0,0.11437656928127138,0.01758955711143982,0.016387961197908373,0.15688577400293727,0.008469356459292438,0.17707948538525836,0.21963338578496547
P0_parent,33,4,1.0,ordinary_degradation_deficit,0.0,0.9999999939249861,0.01418852625930476,0.014188526259304758,0.0,0.0,0.7025113297866001,0.03446079013893773,0.027527276223704912,-0.16409717957711123,-0.00031557159259927445,0.19137507251692262,0.010007016827402704
P0_parent,33,4,1.0,raw_driver,4.864498051117078e-09,4806.068943542476,2.6565264746025417,2.656526474602541,0.0006229368407325801,0.010965782634662462,0.01856964120073551,0.9999999999999999,0.0013157622711694452,-0.23465124253745798,-0.0003420449505028663,0.16642282801726632,0.00973335993935161
P0_parent,33,4,1.0,raw_cyclemax_driver,4.864498051117078e-09,4806.068943542476,2.6565962315770286,2.656596231577028,0.0006280841907631263,0.010985684185687135,0.018821385612465963,0.9999999999999999,0.0013157622711694452,-0.2346414094815076,-0.00034202893745475296,0.16643170639576416,0.009733281977535495
P0_parent,33,4,1.0,active_driver,4.864498051117078e-09,1.8351562197988684,0.0035288168013456103,0.00352881680134561,0.0005784659910246863,0.010855187311594718,0.018196688250663968,0.9999999999999999,0.00874630190226308,0.27945450171182873,-0.00015952493296006044,0.1475473546249494,0.26592154826364583
P0_parent,34,4,1.0,damage,0.0,0.9999446320387451,0.010643406530982889,0.010643406530982887,0.0,0.0,0.4618328858545987,0.034820324528940315,0.02654595842124522,-0.16142829029803965,-0.0002997876566637484,0.19268455200369836,0.008874027429890005
P0_parent,34,4,1.0,history,0.00023644671093670265,5.686232544718893,0.14486187282970325,0.14486187282970323,0.09063620864313093,0.38667938718116235,0.5683571283174707,0.9999999999999999,0.5428005243162282,0.2410393119957996,-0.00018434617049545554,0.1597401543896407,0.2720663157484461
P0_parent,34,4,1.0,fatigue_degradation_deficit,0.0,0.9290735695175614,0.003511740255067719,0.0035117402550677184,0.0,0.0,0.1251946855705267,0.019053078545456736,0.01772192838516026,0.16165821062238528,0.0064312668804861585,0.17671971544827952,0.22157003525116922
P0_parent,34,4,1.0,ordinary_degradation_deficit,0.0,0.9999999945500246,0.014343930576478597,0.014343930576478595,0.0,0.0,0.7089135131080087,0.034820324528940315,0.027815925828154817,-0.1606202772395464,-0.00032216878841145657,0.19322277387016487,0.010195033803561992
P0_parent,34,4,1.0,raw_driver,4.867196052872388e-09,4815.636032428292,2.6862459070183573,2.686245907018357,0.000568664402394262,0.010925109733597699,0.018637407426808694,0.9999999999999999,0.0013276739792100847,-0.23186066509095446,-0.0003386285957733197,0.16799102164218932,0.009592755448726164
P0_parent,34,4,1.0,raw_cyclemax_driver,4.867196052872388e-09,4815.636032428292,2.686292134597896,2.6862921345978954,0.000568664402394262,0.010935751494790327,0.018680198002406473,0.9999999999999999,0.0013276739792100847,-0.23185412140564227,-0.0003386183346066304,0.16799698219491827,0.009592689321108535
P0_parent,34,4,1.0,active_driver,4.867196052872388e-09,1.8397830663475037,0.0034738864833771424,0.003473886483377142,0.0005282529016979015,0.010791806846814734,0.017992885655933797,0.9999999999999999,0.008755435312772312,0.2822588690167009,-0.00024148288143296975,0.14679433803415878,0.26558296023434813
P0_parent,35,4,1.0,damage,0.0,0.9999477199848109,0.01077034772358367,0.010770347723583668,0.0,0.0,0.47462138236754375,0.03528694028615219,0.026848699714678223,-0.15762236816072872,-0.00030918468237433455,0.19470027125680625,0.009030406302705735
P0_parent,35,4,1.0,history,0.0002364569726636076,5.864852143468103,0.14822718199163898,0.14822718199163895,0.09176681492548389,0.39647052411040595,0.574365808319989,0.9999999999999999,0.5408195797091554,0.24222941519250524,-0.0001878373308529972,0.15934378328866985,0.2719537167689359
P0_parent,35,4,1.0,fatigue_degradation_deficit,0.0,0.9320879018365262,0.003743453020834383,0.0037434530208343827,0.0,0.0,0.13459602350243793,0.020631393167664144,0.01905157881021282,0.16622524974491829,0.004077512764223085,0.17605640088649133,0.2230272193427042
P0_parent,35,4,1.0,ordinary_degradation_deficit,0.0,0.9999999951409778,0.014515084706794973,0.01451508470679497,0.0,0.0,0.7224577608492739,0.03528694028615219,0.028147120462965722,-0.15680441032752418,-0.0003337474153203606,0.1952415517635318,0.01038725320931514
P0_parent,35,4,1.0,raw_driver,4.8821344698119726e-09,4825.566509953473,2.7192277482989575,2.719227748298957,0.0005131700433146725,0.010874415355446011,0.018450197774778118,0.9999999999999999,0.0013396692925438632,-0.22875322671763507,-0.0003354315301004753,0.16973879392732544,0.009437908909018968
P0_parent,35,4,1.0,raw_cyclemax_driver,4.8821344698119726e-09,4825.566509953473,2.719281624905712,2.7192816249057117,0.0005131700433146725,0.010878463266118982,0.018587796750846847,0.9999999999999999,0.0013396692925438632,-0.22874562910776167,-0.00033542166870947145,0.16974569463370806,0.009437835646116296
P0_parent,35,4,1.0,active_driver,4.8821344698119726e-09,1.8446098766741847,0.0034139845944802668,0.0034139845944802663,0.0004826889360011839,0.010803457600826427,0.017759582129516477,0.9999999999999999,0.008467431395921717,0.2853207395548116,-0.00032979449341893224,0.14600517655215234,0.2651521337519211
P0_parent,36,4,1.0,damage,0.0,0.9999506126136946,0.010887746505101485,0.010887746505101483,0.0,0.0,0.48693658502686543,0.035622925569991165,0.0271770740875469,-0.15411554919404263,-0.0003242099190705059,0.1965506257940367,0.009193865544222314
P0_parent,36,4,1.0,history,0.00023646740428524653,6.043829223253905,0.15153657262080922,0.1515365726208092,0.09283044970478635,0.4075351703385668,0.5808303150411283,0.9999999999999999,0.5348452030678652,0.24341384441822905,-0.00019225195166262351,0.15896185889920636,0.27184287101245963
P0_parent,36,4,1.0,fatigue_degradation_deficit,0.0,0.9348813300758742,0.00399298435112359,0.003992984351123589,0.0,0.0,0.14524602897492978,0.02394141294388641,0.02072564829508315,0.1706689875328545,0.001552140178936585,0.17513269355851407,0.2240907432983249
P0_parent,36,4,1.0,ordinary_degradation_deficit,0.0,0.9999999956637975,0.014673882971207936,0.014673882971207934,0.0,0.0,0.7352014462758607,0.035622925569991165,0.028463864869044363,-0.15327795792249013,-0.00035236384695749314,0.19709985164915417,0.010587543231364002
P0_parent,36,4,1.0,raw_driver,4.834313265304059e-09,4834.001055209793,2.7479428599049607,2.7479428599049602,0.00047269366602734194,0.010877071994527782,0.01851841792461495,0.9999999999999999,0.0013516604298227147,-0.22605143705340194,-0.00033322673172998845,0.17124739761878954,0.009303388637826988
P0_parent,36,4,1.0,raw_cyclemax_driver,4.834313265304059e-09,4834.001055209793,2.747989539433259,2.7479895394332585,0.00047269366602734194,0.010877086534350149,0.01863290753292564,0.9999999999999999,0.0013516604298227147,-0.22604486709149538,-0.00033321971940306777,0.17125336239026842,0.009303322865296525
P0_parent,36,4,1.0,active_driver,4.834313265304059e-09,1.848454739242467,0.0033603254725758707,0.0033603254725758703,0.0004395664904413858,0.010757909219544379,0.017551944007678167,0.9999999999999999,0.008561419629000738,0.2880328516185766,-0.00038045998010498923,0.1453691999264598,0.26480205780229227
P0_parent,37,4,1.0,damage,0.0,0.9999534423438144,0.011035870899114997,0.011035870899114996,0.0,0.0,0.49647247478089435,0.036085887917141575,0.027534900660209177,-0.14970213573186364,-0.0003265097237536231,0.19887965447410386,0.009349972109109718
P0_parent,37,4,1.0,history,0.00023647809392055583,6.22320583690435,0.1547805795730091,0.15478057957300909,0.0933431862312257,0.41739364902665244,0.586948788701115,0.9999999999999999,0.532657078253519,0.24460224555327784,-0.00019439802817752428,0.15859344356108845,0.27172308952420793
P0_parent,37,4,1.0,fatigue_degradation_deficit,0.0,0.9374578285480266,0.004265387093713896,0.004265387093713895,0.0,0.0,0.1545855909644318,0.02562831293522599,0.022237660600434694,0.17554313054825674,-0.0002587050778419386,0.1742610053681846,0.2254802231291361
P0_parent,37,4,1.0,ordinary_degradation_deficit,0.0,0.9999999961464616,0.014872467720461342,0.01487246772046134,0.0,0.0,0.7448975724120359,0.036085887917141575,0.02882712737092106,-0.14887757093402892,-0.00035655742144831876,0.19942069525145584,0.010778527780916328
P0_parent,37,4,1.0,raw_driver,4.852202274565929e-09,4845.967699596481,2.7872421798450615,2.787242179845061,0.00042117809107401327,0.010769560619894931,0.01857630421565981,0.9999999999999999,0.0013755464391794737,-0.22231445436051656,-0.0003294628521869071,0.17335816455504996,0.009121404727074935
P0_parent,37,4,1.0,raw_cyclemax_driver,4.852202274565929e-09,4845.967699596481,2.7873247598549886,2.787324759854988,0.00042117809107401327,0.010776306359591849,0.01868754220894791,0.9999999999999999,0.0013755464391794737,-0.22230290763796304,-0.00032948651547401724,0.17336857594025662,0.009121307079889113
P0_parent,37,4,1.0,active_driver,4.852202274565929e-09,1.8524833589458163,0.003290051448641649,0.0032900514486416486,0.0003908031896410289,0.010703450068528346,0.017287414067366225,0.9999999999999999,0.008508590796362459,0.2916133017964374,-0.0002867165599483214,0.1445578484673188,0.2642000669221746
P0_parent,38,4,1.0,damage,0.0,0.9999560362986918,0.011175921516583235,0.011175921516583233,0.0,0.0,0.5016195584846217,0.03650658664245321,0.02788219631893391,-0.1455311122640572,-0.00033067335555882817,0.20107877450969655,0.009517278158948206
P0_parent,38,4,1.0,history,0.00023648899048657034,6.402936149507421,0.15795726570646143,0.1579572657064614,0.09396253651379897,0.4271139636122785,0.5932558396482527,0.9999999999999999,0.5305149836490435,0.24579194341108837,-0.00019582190662306286,0.15824157358245802,0.2716021037869053
P0_parent,38,4,1.0,fatigue_degradation_deficit,0.0,0.9398431187114731,0.004549768549334422,0.004549768549334421,0.0,0.0,0.1642479565116709,0.02738627659525866,0.02566503497164982,0.18024447523970993,-0.002358706179013302,0.17324380369296244,0.22657161790222127
P0_parent,38,4,1.0,ordinary_degradation_deficit,0.0,0.9999999965638986,0.015061545075240053,0.015061545075240051,0.0,0.0,0.7502697338149635,0.03650658664245321,0.029195054699922465,-0.144689744514308,-0.00036312818118049253,0.20162667170696047,0.010982405996147101
P0_parent,38,4,1.0,raw_driver,4.854819760025516e-09,4855.625180788259,2.8233800620047993,2.823380062004799,0.0003777090041429624,0.010764431734778757,0.01854758593419214,0.9999999999999999,0.0013874217545048351,-0.21886702823847604,-0.00032612642454091695,0.175306924296435,0.008955539312964349
P0_parent,38,4,1.0,raw_cyclemax_driver,4.854819760025516e-09,4855.625180788259,2.8234388427538866,2.823438842753886,0.0003777090041429624,0.010782374573247586,0.01868104341085272,0.9999999999999999,0.0013874217545048351,-0.21885880836937463,-0.0003261303238277147,0.17531435598405617,0.0089554732896853
P0_parent,38,4,1.0,active_driver,4.854819760025516e-09,1.85615256362657,0.003224395394018228,0.0032243953940182275,0.00035198847603221117,0.010637003972054379,0.01729694897408228,0.9999999999999999,0.008309619685818195,0.2949183398220545,-0.00025827327056451594,0.1439024306253294,0.2636689430766653
P0_parent,39,4,1.0,damage,0.0,0.9999587428328139,0.011336204971081216,0.011336204971081214,0.0,0.0,0.5102585852551327,0.037072306848630845,0.028295812053377722,-0.14077215308048915,-0.0003370481580541923,0.20358175217498925,0.009683559247224267
P0_parent,39,4,1.0,history,0.00023650009438664228,6.583056203768016,0.16106119942839675,0.16106119942839672,0.09444556172638331,0.43699037009968683,0.5994941945858577,0.9999999999999999,0.528679847647866,0.24698619268777375,-0.00019750427624188122,0.15790682318476856,0.27147397410161417
P0_parent,39,4,1.0,fatigue_degradation_deficit,0.0,0.9420477030079835,0.004881803491397672,0.004881803491397671,0.0,0.0,0.17400810957241486,0.03305755637035459,0.029112997721761277,0.1868720474063541,-0.0013711194457683108,0.17316919885114065,0.22987961366721704
P0_parent,39,4,1.0,ordinary_degradation_deficit,0.0,0.9999999969739487,0.015277855257482131,0.01527785525748213,0.0,0.0,0.7589167729792112,0.037072306848630845,0.029597273072502903,-0.1399138783989196,-0.00037230560425124867,0.2041357915305181,0.011184346656715461
P0_parent,39,4,1.0,raw_driver,4.840541655919378e-09,4865.462400619012,2.865504149780359,2.8655041497803584,0.00033154813916449593,0.010705892338313197,0.018421352013501858,0.9999999999999999,0.0014071833951348211,-0.2148328809238319,-0.00032242389604482787,0.17758810433543767,0.00876355040307065
P0_parent,39,4,1.0,raw_cyclemax_driver,4.840541655919378e-09,4865.462400619012,2.865569333358934,2.8655693333589336,0.00033154813916449593,0.010708719645763733,0.018630053693335556,0.9999999999999999,0.0014071833951348211,-0.21482381268445114,-0.0003224238403908532,0.17759626302059228,0.008763492729126028
P0_parent,39,4,1.0,active_driver,4.840541655919378e-09,1.86028995526565,0.003148584632548026,0.0031485846325480255,0.0003121023978805687,0.010551233096283842,0.017407470937335044,0.9999999999999999,0.008147183596708081,0.2987220547738194,-0.0002758175506056214,0.14323300135203199,0.26298760358862916
P0_parent,40,4,1.0,damage,0.0,0.9999619497923985,0.01148838990832269,0.011488389908322688,0.0,0.0,0.5196172267395198,0.037536658342225825,0.028686669409789173,-0.13626259212718217,-0.0003487591774467212,0.205952494785448,0.0098460887942073
P0_parent,40,4,1.0,history,0.0002365113578902094,6.763527131650473,0.1640911116567331,0.16409111165673307,0.09469671750926761,0.447245597103128,0.6056162009921395,0.9999999999999999,0.5264783433995313,0.2481819131935247,-0.0002007420223729653,0.1575914803177278,0.27134392005229807
P0_parent,40,4,1.0,fatigue_degradation_deficit,0.0,0.9440909695098526,0.0052506939033196125,0.005250693903319612,0.0,0.0,0.18301739288901198,0.03557160232101883,0.03096375208606378,0.1943589435388008,0.0010771111681363989,0.17339207202616952,0.2340598970705476
P0_parent,40,4,1.0,ordinary_degradation_deficit,0.0,0.9999999974261008,0.01548266175342462,0.015482661753424618,0.0,0.0,0.7674195014889414,0.037536658342225825,0.029969134854280245,-0.1354005597058098,-0.0003871957418700708,0.20650638412516734,0.011381395275009133
P0_parent,40,4,1.0,raw_driver,4.851976325699853e-09,4873.287577943609,2.905317349832574,2.9053173498325737,0.00029240250855893084,0.0105969288287632,0.018368849933976986,0.9999999999999999,0.0014230656594678228,-0.2110033054439731,-0.0003195717073339046,0.17975574657707505,0.008583433071879271
P0_parent,40,4,1.0,raw_cyclemax_driver,4.851976325699853e-09,4873.287577943609,2.905380114785931,2.9053801147859306,0.00029240250855893084,0.0105969288287632,0.01855973786717449,0.9999999999999999,0.0014230656594678228,-0.21099458653146022,-0.0003195674925165865,0.17976359318751323,0.008583377791853334
P0_parent,40,4,1.0,active_driver,4.851976325699853e-09,1.8641336359349177,0.0030757314177319696,0.003075731417731969,0.00028163418495091315,0.010491450612887712,0.017175231746558398,0.9999999999999999,0.008066824832050805,0.3023306624848359,-0.0003633238389031139,0.14271897997151248,0.26236308955251963
P0_parent,41,4,1.0,damage,0.0,0.9999641174639875,0.01164100344201167,0.011641003442011669,0.0,0.0,0.5255637613424581,0.0380500951180522,0.0290501860782108,-0.13175746980469577,-0.00035322103283629214,0.20831181998347156,0.010004745327349353
P0_parent,41,4,1.0,history,0.0002365227914532374,6.944284301400998,0.16704848022763838,0.16704848022763835,0.09500301994761182,0.4563845439618159,0.6121346837885968,0.9999999999999999,0.5256114383432653,0.2493761059635009,-0.00020326791678575902,0.15729576110604088,0.2712115014542648
P0_parent,41,4,1.0,fatigue_degradation_deficit,0.0,0.9459850015738789,0.005632869484896604,0.005632869484896603,0.0,0.0,0.19235603500936027,0.03758891375842827,0.034952020728746196,0.20116342470743004,0.0025419434570691807,0.17310425607512314,0.23733279874501242
P0_parent,41,4,1.0,ordinary_degradation_deficit,0.0,0.9999999977110109,0.015688646622709343,0.01568864662270934,0.0,0.0,0.7733773231706758,0.0380500951180522,0.030357149847373765,-0.13087960183765687,-0.00039290409050945433,0.2088706830537616,0.011572800666131396
P0_parent,41,4,1.0,raw_driver,4.781804275676613e-09,4881.134664735748,2.9446806009181183,2.944680600918118,0.0002581122476053121,0.010466032058172516,0.018433860661502127,0.9999999999999999,0.0014389987976014208,-0.20720173969369285,-0.00031697073010675334,0.1819096876786989,0.00840661309133494
P0_parent,41,4,1.0,raw_cyclemax_driver,4.781804275676613e-09,4881.134664735748,2.9447419372932884,2.944741937293288,0.0002581122476053121,0.010492895677414273,0.018695657280430628,0.9999999999999999,0.0014389987976014208,-0.20719324021976837,-0.000316973128715432,0.18191732629438145,0.008406564109987164
P0_parent,41,4,1.0,active_driver,4.781804275676613e-09,1.8671121460941122,0.00300387077514602,0.0030038707751460195,0.00024766752419666527,0.010439910472669083,0.017131009694828107,0.9999999999999999,0.008146145969414252,0.3058628000963655,-0.0003342899576491032,0.14231883305661264,0.26171136411697826
P0_parent,42,4,1.0,damage,0.0,0.9999663164791359,0.01179872011312914,0.011798720113129138,0.0,0.0,0.5316317296254733,0.038533455814553905,0.029449583048593082,-0.12711771508949066,-0.0003628484042468218,0.2107363562319212,0.010161785276526255
P0_parent,42,4,1.0,history,0.00023653437549124546,7.125309090338251,0.1699331197999513,0.16993311979995127,0.09546927395315022,0.4655896621827435,0.6179390164107821,0.9999999999999999,0.5238904551862502,0.2505671090298816,-0.00020553953488922823,0.15702012543543029,0.2710759047650224
P0_parent,42,4,1.0,fatigue_degradation_deficit,0.0,0.9477416707508447,0.006029082087497126,0.006029082087497125,0.0,0.0,0.20120528854518094,0.0401537699970254,0.03767325709596543,0.20742964841590483,0.003165644447979048,0.172437019385607,0.23989582966802853
P0_parent,42,4,1.0,ordinary_degradation_deficit,0.0,0.9999999979829697,0.01590263926477039,0.015902639264770386,0.0,0.0,0.7786690566252201,0.038533455814553905,0.03078877249440825,-0.12620127564791686,-0.0004055667530502812,0.21130991892246023,0.011761280730385123
P0_parent,42,4,1.0,raw_driver,4.8094151449183344e-09,4888.1618245103455,2.9846689942952636,2.984668994295263,0.0002343899449123248,0.010336546947064498,0.01838387365265505,0.9999999999999999,0.0014549339536536524,-0.20332633712628573,-0.0003144514696654704,0.1841061585577432,0.008228220502210217
P0_parent,42,4,1.0,raw_cyclemax_driver,4.8094151449183344e-09,4888.1618245103455,2.9847305620910465,2.984730562091046,0.0002343899449123248,0.01034440781341464,0.018610431200998985,0.9999999999999999,0.0014549339536536524,-0.20331782834761616,-0.00031445483205350865,0.18411379197986505,0.0082281758106655
P0_parent,42,4,1.0,active_driver,4.8094151449183344e-09,1.8699309058296376,0.0029313026175701727,0.0029313026175701723,0.0002230556352324116,0.010292001824781464,0.017133702450796193,0.9999999999999999,0.008039237475435805,0.30940513042779577,-0.0003281431728969582,0.14202186189354585,0.2610027104830774
P0_parent,43,4,1.0,damage,0.0,0.999968128576079,0.011944170609911906,0.011944170609911904,0.0,0.0,0.5415509451665218,0.039047699575076825,0.029834464162997357,-0.12288349323023234,-0.00037361491417002053,0.21295052451182583,0.010313496234211659
P0_parent,43,4,1.0,history,0.00023654606091480236,7.306555296063945,0.1727487937021448,0.17274879370214477,0.09566498159897197,0.47331964310689956,0.6246055103739684,0.9999999999999999,0.5229744976908849,0.2517506427811311,-0.00020904419443960382,0.15676432284573494,0.27093993102419295
P0_parent,43,4,1.0,fatigue_degradation_deficit,0.0,0.9493770006752283,0.0064471515407610045,0.006447151540761004,0.0,0.0,0.20995266861739492,0.04265173840003535,0.03999663891208079,0.21327793188521757,0.0031009757719675287,0.17139856857027244,0.2417875158222301
P0_parent,43,4,1.0,ordinary_degradation_deficit,0.0,0.9999999981941553,0.016099150532987036,0.016099150532987033,0.0,0.0,0.7882289553606547,0.039047699575076825,0.03115305191382238,-0.12195111536408161,-0.00041863052055251306,0.2135286448338415,0.011943047589916055
P0_parent,43,4,1.0,raw_driver,4.755103301599443e-09,4893.25068562645,3.0210937083740323,3.021093708374032,0.00021334111550111098,0.010323068145025153,0.01836956670823596,0.9999999999999999,0.0014713809094669887,-0.19978245653299145,-0.0003126465234811439,0.1861149385279731,0.008066542031223365
P0_parent,43,4,1.0,raw_cyclemax_driver,4.755103301599443e-09,4893.25068562645,3.021150345674269,3.0211503456742688,0.00021334111550111098,0.010323068145025153,0.018467536529263695,0.9999999999999999,0.0014713809094669887,-0.19977463612236476,-0.0003126471136096962,0.18612195839673323,0.008066498269577917
P0_parent,43,4,1.0,active_driver,4.755103301599443e-09,1.872534333822759,0.0028643100670965745,0.002864310067096574,0.00019793128947384,0.010223423601141542,0.01707631290239943,0.9999999999999999,0.007768266962515281,0.3126308151169816,-0.000408865123396396,0.14186795624223736,0.2603653365304427
P0_parent,44,4,1.0,damage,0.0,0.9999698258848799,0.01209611196845495,0.012096111968454948,0.0,0.0,0.5503230123302579,0.03950284826680452,0.03021964821047822,-0.11843261480631798,-0.0003924638432851224,0.21527509928545194,0.010468070558626693
P0_parent,44,4,1.0,history,0.00023655782175399344,7.488044244510739,0.17549504421103396,0.17549504421103393,0.09571208828640165,0.48326342270730016,0.6317871311065449,0.9999999999999999,0.5217610662638874,0.25292633991621455,-0.0002149294925671722,0.15652831169693254,0.27080042925644643
P0_parent,44,4,1.0,fatigue_degradation_deficit,0.0,0.9508984851678475,0.006891652990644583,0.006891652990644582,0.0,0.0,0.22014651831264542,0.04663816693675912,0.042762365940508716,0.21879308429057306,0.002479113445949641,0.17002981902364947,0.243061540622931
P0_parent,44,4,1.0,ordinary_degradation_deficit,0.0,0.9999999983813739,0.01630375960551091,0.016303759605510906,0.0,0.0,0.7961136924013852,0.03950284826680452,0.03152696850410765,-0.11749480029409741,-0.0004403899586978135,0.21585259399394371,0.01212812261176245
P0_parent,44,4,1.0,raw_driver,4.800282588305576e-09,4897.5064349487,3.0596983952694683,3.059698395269468,0.00018995133636404745,0.010223191682191574,0.018346522454305916,0.9999999999999999,0.0014877915252351813,-0.19601297858552488,-0.0003118433303046649,0.1882524451055948,0.00789616152323486
P0_parent,44,4,1.0,raw_cyclemax_driver,4.800282588305576e-09,4897.5064349487,3.059764483986728,3.0597644839867275,0.00018995133636404745,0.010247028691214133,0.018467634570059954,0.9999999999999999,0.0014877915252351813,-0.19600388370292401,-0.00031184251325525324,0.18826058360674783,0.007896113325804326
P0_parent,44,4,1.0,active_driver,4.800282588305576e-09,1.875341388269071,0.002793708740916869,0.0027937087409168684,0.00018010881088771278,0.0101109146006155,0.017089356079110107,0.9999999999999999,0.0076624598269546896,0.3160020308739968,-0.0005690568614223578,0.14181851196854556,0.25964299203796903
P0_parent,45,4,1.0,damage,0.0,0.9999714496290019,0.01226825372530882,0.012268253725308818,0.0,0.0,0.5580651984474154,0.04004266981363254,0.030639011567385792,-0.11339909472323462,-0.0004147298871828229,0.21790022218634425,0.010615575776435798
P0_parent,45,4,1.0,history,0.00023656968211501123,7.669747606360399,0.17816448316768668,0.17816448316768665,0.09574836377039225,0.4915559093829697,0.638661545556669,0.9999999999999999,0.5204426860444687,0.25409621897439466,-0.0002212065080774237,0.15631446416111525,0.27065431191629225
P0_parent,45,4,1.0,fatigue_degradation_deficit,0.0,0.9523068968478849,0.007365422367129553,0.007365422367129552,0.0,0.0,0.22931045088750956,0.04988210820205514,0.04569540590003094,0.22422128830750435,0.0018132168010919873,0.16849840357400248,0.2441687225600494
P0_parent,45,4,1.0,ordinary_degradation_deficit,0.0,0.9999999985508913,0.016535643257256413,0.01653564325725641,0.0,0.0,0.8027555830100542,0.04004266981363254,0.03196287167628062,-0.11245582118415498,-0.0004660887163226678,0.2184749459772595,0.012303999939782373
P0_parent,45,4,1.0,raw_driver,4.747398531433048e-09,4902.623158866159,3.1039851223295085,3.103985122329508,0.00017359158003626512,0.010107798476336565,0.018370883943228635,0.9999999999999999,0.0015080164835768006,-0.1916658966829535,-0.00031180385165542217,0.19072253615789408,0.007701913103996121
P0_parent,45,4,1.0,raw_cyclemax_driver,4.747398531433048e-09,4902.623158866159,3.1040590473377483,3.104059047337748,0.00017359158003626512,0.010142073976285526,0.018432722638121603,0.9999999999999999,0.0015080164835768006,-0.19165577252064814,-0.0003118154154010256,0.190731548331586,0.007701879499348722
P0_parent,45,4,1.0,active_driver,4.747398531433048e-09,1.8776796238662377,0.0027136881548867537,0.0027136881548867533,0.00016217876770816453,0.010020292308751372,0.016915153665153747,0.9999999999999999,0.007639546891637091,0.31979821202336983,-0.0006147126199838856,0.1418991010747672,0.2587333564169726
P0_parent,46,4,1.0,damage,0.0,0.9999722610422409,0.012352649869507919,0.012352649869507917,0.0,0.0,0.5600998251189824,0.04038697874306005,0.030828451142538377,-0.1112479708597225,-0.0004298134232664461,0.21898539679304932,0.010779183561940464
P0_parent,46,4,1.0,history,0.00023658157796920603,7.851516618418374,0.18078711260261687,0.18078711260261685,0.09596239666617523,0.5005359418291729,0.6444866418055785,0.9999999999999999,0.5194699896402675,0.25524332895543883,-0.00022711779135146514,0.15611507875153185,0.2705227827118729
P0_parent,46,4,1.0,fatigue_degradation_deficit,0.0,0.9536402619652872,0.007899606683069734,0.007899606683069733,0.0,0.009416269450553183,0.23710883725330567,0.055004616340774165,0.049851191786825066,0.2296738500503683,0.0011333963684953068,0.16660470970423585,0.24480261479617557
P0_parent,46,4,1.0,ordinary_degradation_deficit,0.0,0.9999999986320893,0.01665098807173965,0.016650988071739647,0.0,0.0,0.8045742496005315,0.04038697874306005,0.032172671356511064,-0.11029018648574446,-0.00048471721728499866,0.21956352111845415,0.01249869729571467
P0_parent,46,4,1.0,raw_driver,4.7430017193107105e-09,4904.414125449923,3.1198752668754244,3.119875266875424,0.0001677890509465304,0.010052044580039526,0.018317090483497625,0.9999999999999999,0.0015121387370803548,-0.19010617623157375,-0.00031185397981306706,0.19160390374019887,0.007632098235205206
P0_parent,46,4,1.0,raw_cyclemax_driver,4.7430017193107105e-09,4904.414125449923,3.1198914066819863,3.119891406681986,0.0001677890509465304,0.010055212678631468,0.018329084299765052,0.9999999999999999,0.0015121387370803548,-0.19010394748058207,-0.0003118588828484006,0.19160591385413653,0.007632082021394759
P0_parent,46,4,1.0,active_driver,4.7430017193107105e-09,1.8783757103204337,0.002680971591278605,0.0026809715912786045,0.00015556225676987217,0.009995972013930085,0.016923775023252187,0.9999999999999999,0.007555221186556237,0.3212732488037672,-0.0006119542861252023,0.14201072243013158,0.2585742225971057
P0_parent,47,4,1.0,damage,0.0,0.9999739587342819,0.012555945430143189,0.012555945430143187,0.0,0.0,0.5641728371679449,0.040983586700836384,0.0313619327855319,-0.10531269818868699,-0.00043422869050569184,0.22208797812336883,0.010908751019346347
P0_parent,47,4,1.0,history,0.0002365936167409636,8.033423452787352,0.18333487083859215,0.18333487083859212,0.09621470580794024,0.5079694033790816,0.6527138841919559,0.9999999999999999,0.5183434427101747,0.2563856477229586,-0.00022953207591957942,0.15593609836748815,0.27037030096892284
P0_parent,47,4,1.0,fatigue_degradation_deficit,0.0,0.9548631276616029,0.008474029081185247,0.008474029081185245,0.0,0.022379001396117815,0.24772609843692162,0.06086091120451523,0.05487914865204568,0.2352410185535715,0.0007246447462288892,0.16468316054115423,0.24540810286210502
P0_parent,47,4,1.0,ordinary_degradation_deficit,0.0,0.9999999987944044,0.016926009632423453,0.01692600963242345,0.0,0.0,0.8081936204975962,0.040983586700836384,0.03271371435147285,-0.10432546019126733,-0.0004898230124707104,0.22267322373834772,0.012651608928057627
P0_parent,47,4,1.0,raw_driver,4.724309997959722e-09,4910.838543094328,3.172549580790491,3.1725495807904904,0.0001499282988545301,0.009995873411265788,0.018164557913272733,0.9999999999999999,0.001536725577585475,-0.18490601649775232,-0.0003116520685655025,0.19455548336242598,0.007402346687454776
P0_parent,47,4,1.0,raw_cyclemax_driver,4.724309997959722e-09,4910.838543094328,3.1726307404782186,3.172630740478218,0.0001499282988545301,0.010032292051610842,0.018574973755815863,0.9999999999999999,0.001536725577585475,-0.18489497296840246,-0.0003116772077536287,0.1945652478004995,0.00740234520873832
P0_parent,47,4,1.0,active_driver,4.724309997959722e-09,1.8795528813396245,0.0025879239565683855,0.002587923956568385,0.00014331684044210664,0.009811132159892481,0.01694333181921507,0.9999999999999999,0.007620129128355177,0.32562718497147086,-0.0003866251776556457,0.14238731251857767,0.2573006682043223
P0_parent,48,4,1.0,damage,0.0,0.9999750131182529,0.01273401341969746,0.012734013419697458,0.0,0.0,0.5648947239744222,0.04154947622108718,0.03181645052121997,-0.10013082561462858,-0.00043530579908129525,0.22479370357991046,0.011045145339383184
P0_parent,48,4,1.0,history,0.0002366057453147379,8.215433687314246,0.1857969052395195,0.18579690523951947,0.09642871106949269,0.5150606821281168,0.6594540650821085,0.9999999999999999,0.5128575858047085,0.25751833932792917,-0.00022952340399805772,0.1557836305964377,0.2702164368737174
P0_parent,48,4,1.0,fatigue_degradation_deficit,0.0,0.9559917574108874,0.009082707738685171,0.00908270773868517,0.0,0.036348104679249316,0.25644409375077815,0.06524625091475979,0.06041671929216552,0.24088003215488565,0.00046624076859944086,0.16283723520377705,0.24600590051204818
P0_parent,48,4,1.0,ordinary_degradation_deficit,0.0,0.9999999988900546,0.01716553085311161,0.017165530853111607,0.0,0.0,0.8088684491214546,0.04154947622108718,0.03315086683357754,-0.09914529310319675,-0.0004929902216097923,0.22537307605682882,0.012813506576559153
P0_parent,48,4,1.0,raw_driver,4.758552868449897e-09,4915.474660643117,3.218018389662864,3.2180183896628636,0.0001358145472245718,0.009826452858427504,0.01811639437120835,0.9999999999999999,0.001557035708314186,-0.1803950251398543,-0.0003106121447989602,0.19711771462495617,0.0072050778279056414
P0_parent,48,4,1.0,raw_cyclemax_driver,4.758552868449897e-09,4915.474660643117,3.218110872469164,3.2181108724691634,0.0001358145472245718,0.009840010347765552,0.018440752235457256,0.9999999999999999,0.001557035708314186,-0.18038244328181524,-0.0003106345343553454,0.19712885474734773,0.007205035608135214
P0_parent,48,4,1.0,active_driver,4.758552868449897e-09,1.8804625291314194,0.0025053777234302606,0.00250537772343026,0.00013028172281767967,0.00969203754282675,0.016804722575290115,0.9999999999999999,0.007549957070280504,0.32938200387955213,-0.00022043229901547962,0.1429510619267599,0.25625647899220055
P0_parent,49,4,1.0,damage,0.0,0.9999760989779367,0.012906071927733919,0.012906071927733917,0.0,0.0,0.5704642715200903,0.04209939535206328,0.0322110661236254,-0.09517261837548076,-0.00043889855638282746,0.22735697539578584,0.011185833706763817
P0_parent,49,4,1.0,history,0.00023661791188509538,8.397547171951226,0.18817914876394384,0.18817914876394382,0.09652206102618667,0.5230012007834752,0.6658135006241275,0.9999999999999999,0.5091692724021768,0.25863794973896803,-0.00022922669221421153,0.15565542783102487,0.2700606441629465
P0_parent,49,4,1.0,fatigue_degradation_deficit,0.0,0.95703678928764,0.009721669898326981,0.00972166989832698,0.0,0.047953276101552866,0.2649921950954992,0.0694996475217961,0.06503648652300834,0.24631148952787965,-0.00015151825642254586,0.16090112200634987,0.24630314162113276
P0_parent,49,4,1.0,ordinary_degradation_deficit,0.0,0.9999999989844287,0.017397756005344666,0.017397756005344663,0.0,0.0,0.8140057093389961,0.04209939535206328,0.03360579450161258,-0.09417450414741385,-0.0004988169693612004,0.22793571975412283,0.012980182341469396
P0_parent,49,4,1.0,raw_driver,4.739008724657733e-09,4918.304792517469,3.261017559111663,3.2610175591116626,0.00012835967546742178,0.009702192628692251,0.018175355560165182,0.9999999999999999,0.0015732438609338544,-0.1761131089656173,-0.00030965853244730644,0.19954754392233273,0.007019162211446652
P0_parent,49,4,1.0,raw_cyclemax_driver,4.739008724657733e-09,4918.304792517469,3.261085996881384,3.2610859968813837,0.00012835967546742178,0.009713933754833173,0.01828330448200497,0.9999999999999999,0.0015732438609338544,-0.17610380303457795,-0.0003096576186182416,0.19955578995661594,0.007019140672369532
P0_parent,49,4,1.0,active_driver,4.739008724657733e-09,1.8815626990176182,0.0024272439752818,0.0024272439752817997,0.0001229921799639857,0.009596483875149497,0.016717934066653506,0.9999999999999999,0.007483679901462521,0.3328845788317881,-0.0001986880701990405,0.1436420703885901,0.25522148259946964
P0_parent,50,4,1.0,damage,0.0,0.9999769931096975,0.013068421857691427,0.013068421857691425,0.0,0.0,0.5741950214926579,0.042652523886793046,0.0326176955557476,-0.09048301806008088,-0.0004495631799375532,0.22979514214783658,0.011318595258139493
P0_parent,50,4,1.0,history,0.0002366300660894288,8.579768786323923,0.19048587760795158,0.19048587760795155,0.09662422099018532,0.5293862177687928,0.6715454082145538,0.9999999999999999,0.5071842403991514,0.2597417952232555,-0.00023088779770474488,0.15554984494641327,0.2699033643564685
P0_parent,50,4,1.0,fatigue_degradation_deficit,0.0,0.9580076488220494,0.010417743030186888,0.010417743030186886,0.0,0.06050678677002708,0.2720397302932508,0.07663635658142745,0.0693047890978224,0.25199827501091554,-0.00020979334796687756,0.1589564326592973,0.24683194802875663
P0_parent,50,4,1.0,ordinary_degradation_deficit,0.0,0.999999999058992,0.01761690109211981,0.017616901092119806,0.0,0.0,0.8168085001649477,0.042652523886793046,0.0340126691317663,-0.089472749688987,-0.0005124235183346411,0.23037426962842153,0.013137055238184845
P0_parent,50,4,1.0,raw_driver,4.731951645726991e-09,4919.406173520296,3.3016311734790014,3.301631173479001,0.00012066148381233545,0.009602461261970924,0.018131868496155064,0.9999999999999999,0.001589311848928725,-0.17205362750226555,-0.00030918993495467875,0.201847048228961,0.00684383062391859
P0_parent,50,4,1.0,raw_cyclemax_driver,4.731951645726991e-09,4919.406173520296,3.301694138221283,3.3016941382212828,0.00012066148381233545,0.009628041377094526,0.018330345748776528,0.9999999999999999,0.001589311848928725,-0.1720450767596736,-0.0003091856665487338,0.20185462088056685,0.006843812602984807
P0_parent,50,4,1.0,active_driver,4.731951645726991e-09,1.8829231202072574,0.0023534777715262176,0.002353477771526217,0.00011713466671162043,0.009522990150912264,0.016711280668860393,0.9999999999999999,0.007457325616020861,0.33611714168797424,-0.0003540577827970534,0.14448581484144818,0.25418659070470495
P0_parent,51,4,1.0,damage,0.0,0.999977875438819,0.01323501356468865,0.013235013564688649,0.0,0.0,0.5746756719070372,0.0431658589197486,0.03306103852548521,-0.08570059260360585,-0.0004637281409028667,0.23226605678659495,0.011443329627194207
P0_parent,51,4,1.0,history,0.0002366421879057563,8.762086444099376,0.19271845529052964,0.1927184552905296,0.09680026634552866,0.5364708847737614,0.677593782630636,0.9999999999999999,0.5062422483361345,0.2608285584556753,-0.00023477341085418409,0.15546605575681421,0.2697434437613126
P0_parent,51,4,1.0,fatigue_degradation_deficit,0.0,0.958909177258429,0.01116933409790041,0.011169334097900408,0.0,0.07108478776486937,0.2793961606834038,0.08316884409817632,0.07447063517776341,0.25779855389078155,-4.098453741475036e-06,0.15699867684700108,0.2474022497462226
P0_parent,51,4,1.0,ordinary_degradation_deficit,0.0,0.9999999991297845,0.017841911648679817,0.017841911648679813,0.0,0.0,0.8171982851376002,0.0431658589197486,0.03445175883863001,-0.08467516720637784,-0.0005284706756370117,0.2328460607188936,0.01328367340725798
P0_parent,51,4,1.0,raw_driver,4.722381848855722e-09,4919.848567748574,3.3424888352180955,3.342488835218095,0.00011532391669314432,0.00949106035671368,0.018042542923648854,0.9999999999999999,0.0016090753469618496,-0.16795582976172438,-0.0003096824918902312,0.2041658288766273,0.006667958632098049
P0_parent,51,4,1.0,raw_cyclemax_driver,4.722381848855722e-09,4919.848567748574,3.3425599197862272,3.342559919786227,0.00011532391669314432,0.00949106035671368,0.018229474031569243,0.9999999999999999,0.0016090753469618496,-0.1679462001385709,-0.0003096772644731294,0.20417433646025604,0.006667935769244629
P0_parent,51,4,1.0,active_driver,4.722381848855722e-09,1.8841924972427426,0.002278922112047344,0.0022789221120473437,0.00011202287842944705,0.009424964830238742,0.016562716593177484,0.9999999999999999,0.007394659096083272,0.33931591345684864,-0.0005473550065416664,0.145499856475159,0.2531179576100766
P0_parent,52,4,1.0,damage,0.0,0.9999785390994976,0.013413236539182175,0.013413236539182173,0.0,0.0,0.5764539049723776,0.04375797302211573,0.0334719861310718,-0.08056343744992235,-0.00047461725036254356,0.23493962818873046,0.011555896927069377
P0_parent,52,4,1.0,history,0.00023665430192625682,8.944437715479387,0.19487173375246092,0.1948717337524609,0.09695049786413637,0.5432732828992701,0.6840309094605462,0.9999999999999999,0.5049995915298602,0.2618980221476959,-0.00023780288824793968,0.15540563651443706,0.2695775806577769
P0_parent,52,4,1.0,fatigue_degradation_deficit,0.0,0.959739084872548,0.011958642162148477,0.011958642162148475,0.0,0.0825224127554276,0.28747809593056484,0.09128790308501522,0.08128193612662538,0.2634795784713559,7.078563924525067e-05,0.1550360662203134,0.24784737804029927
P0_parent,52,4,1.0,ordinary_degradation_deficit,0.0,0.9999999991812084,0.018081216663023564,0.01808121666302356,0.0,0.0,0.8187189825812844,0.04375797302211573,0.03486203377994532,-0.07955015063986003,-0.0005410597067370574,0.23550783168213724,0.013416054887701185
P0_parent,52,4,1.0,raw_driver,4.690913998337702e-09,4921.358676599833,3.388348277474779,3.3883482774747784,0.00011117312717730818,0.009429419944865982,0.01801300940098774,0.9999999999999999,0.001628886460190844,-0.1633323946179648,-0.0003106031248886276,0.2067819388745664,0.006470796477672821
P0_parent,52,4,1.0,raw_cyclemax_driver,4.690913998337702e-09,4921.358676599833,3.388422108974498,3.3884221089744977,0.00011117312717730818,0.009429419944865982,0.018346960298533065,0.9999999999999999,0.001628886460190844,-0.163322434296141,-0.00031061163205643857,0.20679069554690993,0.006470794775030686
P0_parent,52,4,1.0,active_driver,4.690913998337702e-09,1.8845147373010454,0.00219701213867399,0.0021970121386739897,0.00010885428100196543,0.00939095482756975,0.016549868349881043,0.9999999999999999,0.007268381535559019,0.3427732656508191,-0.000489739151785705,0.14682565499330338,0.251751469734184
P0_parent,53,4,1.0,damage,0.0,0.9999790364885583,0.01357385208350737,0.013573852083507369,0.0,0.0,0.5823243074853254,0.04428180006822713,0.03384715892376261,-0.07594511943213493,-0.0004805868570504383,0.23734135807567172,0.011663424972754466
P0_parent,53,4,1.0,history,0.00023666641446256953,9.126777867752274,0.19694932348011787,0.19694932348011784,0.09707269163692654,0.5498313980601414,0.6902601614046234,0.9999999999999999,0.5040451833042157,0.2629465803146885,-0.0002385872250401341,0.1553669188603683,0.26941211991451586
P0_parent,53,4,1.0,fatigue_degradation_deficit,0.0,0.9605068217531639,0.012802496443511535,0.012802496443511533,0.0,0.09250491917144743,0.2947916895837718,0.09960191465500456,0.0893047480293673,0.26924238966067093,0.00032928890383286766,0.1531063629495853,0.24825109048291105
P0_parent,53,4,1.0,ordinary_degradation_deficit,0.0,0.9999999992187221,0.01829772469726547,0.018297724697265465,0.0,0.0,0.8237495732408437,0.04428180006822713,0.035306391696169795,-0.0749249361411753,-0.000549462893340854,0.23790791325490704,0.013541996239727244
P0_parent,53,4,1.0,raw_driver,4.712440095481528e-09,4922.942894720521,3.4279121259109946,3.427912125910994,0.00010881244643714001,0.009431401097987749,0.018044755125538645,0.9999999999999999,0.0016448460970417793,-0.15933335810386245,-0.0003108719197161349,0.20903493113357677,0.0063003690314466804
P0_parent,53,4,1.0,raw_cyclemax_driver,4.712440095481528e-09,4922.942894720521,3.4279744108912915,3.427974410891291,0.00010881244643714001,0.009432877798444914,0.018248448738212672,0.9999999999999999,0.0016448460970417793,-0.15932495240378208,-0.00031088486655877947,0.20904233365626682,0.006300358154355303
P0_parent,53,4,1.0,active_driver,4.712440095481528e-09,1.8842228877330562,0.0021249145434608175,0.002124914543460817,0.00010703493212107368,0.00937440382715825,0.016340758285470658,0.9999999999999999,0.007192533494639664,0.3457020663371031,-0.0002988221524325342,0.1481955835953093,0.25057577292681954
P0_parent,54,4,1.0,damage,0.0,0.9999795099079115,0.013762673372096178,0.013762673372096176,0.0,0.0,0.5868239833138073,0.04494063468066482,0.03434678254761902,-0.07053540142790655,-0.0004821501870950762,0.2401450996312711,0.011755445816813776
P0_parent,54,4,1.0,history,0.00023667847263900363,9.309119659086873,0.198947109228217,0.19894710922821698,0.0971854939422582,0.5560853025093855,0.6960294049942648,0.9999999999999999,0.5031165057310869,0.263974574900861,-0.00023910296316567066,0.1553508262844593,0.26924035587109724
P0_parent,54,4,1.0,fatigue_degradation_deficit,0.0,0.9612109895261011,0.013683227720683208,0.013683227720683207,0.0,0.10452859996815911,0.30173991139502865,0.10677960111552753,0.09820221757459015,0.27490228803945727,0.000484331378555357,0.15121687026633104,0.24856425424681916
P0_parent,54,4,1.0,ordinary_degradation_deficit,0.0,0.9999999992536109,0.018552383964114478,0.018552383964114474,0.0,0.0,0.827338180039655,0.04494063468066482,0.035783708558887836,-0.06950523266673705,-0.0005516442629546213,0.24070981050483387,0.013648776146614834
P0_parent,54,4,1.0,raw_driver,4.692097137140095e-09,4923.1429585554015,3.4744017122848896,3.474401712284889,0.00010670616641103104,0.00936896986706659,0.017914805039438708,0.9999999999999999,0.0016684806396603882,-0.15461540698608214,-0.00031127071959530255,0.21168518127446195,0.006099716531518411
P0_parent,54,4,1.0,raw_cyclemax_driver,4.692097137140095e-09,4923.1429585554015,3.474474006096515,3.4744740060965147,0.00010670616641103104,0.009382565160678504,0.018295750019956605,0.9999999999999999,0.0016684806396603882,-0.15460570053124376,-0.00031127306458582935,0.21169367443993095,0.006099727530027084
P0_parent,54,4,1.0,active_driver,4.692097137140095e-09,1.8842611079435843,0.002041394818029327,0.0020413948180293268,0.00010479904590621883,0.009324092433237851,0.016398041600795332,0.9999999999999999,0.007146854031395929,0.34902581232117735,-0.00027780453547943226,0.14998861211956155,0.24902917319490292
P0_parent,55,4,1.0,damage,0.0,0.9999798772765136,0.013932429417933734,0.013932429417933732,0.0,0.0,0.5930553438922775,0.045394471359154864,0.0347457026046491,-0.06569294511704789,-0.0004839597074880891,0.24264849035403516,0.011842886901661973
P0_parent,55,4,1.0,history,0.0002366904670980741,9.49144111234816,0.20086651038386194,0.2008665103838619,0.09727782064687354,0.5611923939413315,0.7018697096371008,0.9999999999999999,0.5015885257203527,0.2649790163132483,-0.00023913637647728436,0.1553561572037859,0.2690673281043024
P0_parent,55,4,1.0,fatigue_degradation_deficit,0.0,0.9618591183883339,0.014592360941553348,0.014592360941553346,0.0,0.11274149866681982,0.30831267862258005,0.11307154533817101,0.10577038471441476,0.28034923154918295,0.00031557489978635203,0.14936571848901709,0.24873286088986196
P0_parent,55,4,1.0,ordinary_degradation_deficit,0.0,0.9999999992801352,0.018781027257843426,0.018781027257843422,0.0,0.0,0.8325671235612254,0.045394471359154864,0.03621471490726509,-0.06466040685062888,-0.000554633826590404,0.24320846845013439,0.013750339330570146
P0_parent,55,4,1.0,raw_driver,4.69534686842687e-09,4922.966232701956,3.516866134873059,3.5168661348730588,0.00010313171196672764,0.009378880992447741,0.01778259865090507,0.9999999999999999,0.001687558940754725,-0.15028187538800353,-0.0003114290978313437,0.2141207503570999,0.005916804635762395
P0_parent,55,4,1.0,raw_cyclemax_driver,4.69534686842687e-09,4922.966232701956,3.5169319500793774,3.516931950079377,0.00010313171196672764,0.009390654017157274,0.018057962957940432,0.9999999999999999,0.001687558940754725,-0.15027303563564043,-0.00031143127545662326,0.21412849751210616,0.005916803234517513
P0_parent,55,4,1.0,active_driver,4.69534686842687e-09,1.8840425682936848,0.0019650167430180234,0.001965016743018023,0.00010054104407021254,0.009291262537135546,0.016266911198704492,0.9999999999999999,0.007228030252815535,0.3519447198914995,-0.00023096359333136426,0.15185085774638857,0.24756175115797904
P0_parent,56,4,1.0,damage,0.0,0.9999801658578101,0.01412459471668307,0.014124594716683068,0.0,0.0,0.6004417416860398,0.04604859832054113,0.03523957212779165,-0.06021126280960055,-0.00048673792479232925,0.2454891196854706,0.011916589988151713
P0_parent,56,4,1.0,history,0.00023670236007816857,9.673727483355616,0.20270282415942975,0.20270282415942972,0.09736953677572832,0.5656928014272246,0.7073029215790101,0.9999999999999999,0.5003939032530409,0.26595917495702726,-0.00023916631127305135,0.15538380639507665,0.2688881759757232
P0_parent,56,4,1.0,fatigue_degradation_deficit,0.0,0.9624494630185733,0.01553060218163959,0.015530602181639588,0.0,0.11985399893146476,0.3141662507283989,0.12324079255570154,0.11209181570541044,0.28572328428952504,0.00014813173409628552,0.14764128812082272,0.24891729772643842
P0_parent,56,4,1.0,ordinary_degradation_deficit,0.0,0.9999999993006343,0.019040384405854163,0.01904038440585416,0.0,0.0,0.8386089233301872,0.04604859832054113,0.03671580095445674,-0.059165608686536766,-0.0005587749531360478,0.24604830212406206,0.013835046409266248
P0_parent,56,4,1.0,raw_driver,4.6839137525164776e-09,4921.95112813662,3.5655064771743574,3.565506477174357,9.951728409647803e-05,0.009340914964336113,0.017857360505608266,0.9999999999999999,0.0017063740589888486,-0.14529689964410228,-0.000311595494423928,0.2169125606497912,0.005706746453983049
P0_parent,56,4,1.0,raw_cyclemax_driver,4.6839137525164776e-09,4921.95112813662,3.5655781312012405,3.56557813120124,9.951728409647803e-05,0.009340914964336113,0.018107286697413433,0.9999999999999999,0.0017063740589888486,-0.1452873187181851,-0.0003115934389993786,0.2169209103701483,0.005706774875253255
P0_parent,56,4,1.0,active_driver,4.6839137525164776e-09,1.8837242710559177,0.0018790680342660783,0.001879068034266078,9.788499461665587e-05,0.009150624732480378,0.016234646120449947,0.9999999999999999,0.007067650132934637,0.3551368342893731,-0.00023069236362831328,0.15418242387071532,0.24566887700873297
P0_parent,57,4,1.0,damage,0.0,0.9999803617399228,0.01423944364063553,0.014239443640635528,0.0,0.0,0.6066066802434151,0.04641717756764166,0.035501824014963934,-0.05702627386177956,-0.0004909378086132986,0.2470882243227138,0.01200928191471974
P0_parent,57,4,1.0,history,0.00023671418798014679,9.85599014992974,0.2044789905517069,0.20447899055170687,0.09752400683458527,0.5724334727959757,0.7117247415590978,0.9999999999999999,0.4993762748350986,0.2669120120226308,-0.00023940705905851773,0.15542452857723996,0.2687182121562748
P0_parent,57,4,1.0,fatigue_degradation_deficit,0.0,0.9630050929705858,0.016539581610130954,0.01653958161013095,0.0,0.12895668520545045,0.31925892267465183,0.13312509196507383,0.11942522337534439,0.291172613973709,7.889075144703827e-05,0.14590921859660347,0.2490564123897393
P0_parent,57,4,1.0,ordinary_degradation_deficit,0.0,0.99999999931438,0.019195605890324832,0.01919560589032483,0.0,0.0,0.8434518617749117,0.04641717756764166,0.0370034033038449,-0.05597234285446486,-0.0005645884678395479,0.24764426361569664,0.013942937734725411
P0_parent,57,4,1.0,raw_driver,4.657739852311068e-09,4921.0845056757125,3.591093972041393,3.5910939720413926,9.85983192353804e-05,0.009232050004048975,0.01773462586159419,0.9999999999999999,0.0017183108065286059,-0.14266535287132304,-0.00031168637261403927,0.2183812346752918,0.005596020625582941
P0_parent,57,4,1.0,raw_cyclemax_driver,4.657739852311068e-09,4921.0845056757125,3.5911322739420175,3.591132273942017,9.85983192353804e-05,0.00924620150723475,0.017874489632603047,0.9999999999999999,0.0017183108065286059,-0.14266020055992276,-0.00031168495515779683,0.2183857687004565,0.005596005997554034
P0_parent,57,4,1.0,active_driver,4.657739852311068e-09,1.8835235555326921,0.0018309343733654223,0.0018309343733654221,9.580287137353683e-05,0.009053557817762887,0.016213905261490406,0.9999999999999999,0.006987465856768493,0.3567959393864081,-0.00025387355451404964,0.15558802796572138,0.24481535466340343
P0_parent,58,4,1.0,damage,0.0,0.9999807017228589,0.014448395511108986,0.014448395511108984,0.0,0.0,0.6157399707651158,0.047044491456801014,0.03603328730505134,-0.05106560036115378,-0.0004918862987618383,0.2501941367655008,0.01207468959079178
P0_parent,58,4,1.0,history,0.00023672585853518662,10.038183792419801,0.20617563112695828,0.20617563112695825,0.09764457632528031,0.5760616726137173,0.7171093283344606,0.9999999999999999,0.49848954016266844,0.26784121942221917,-0.00024003027520521703,0.1554851127890844,0.2685328263363367
P0_parent,58,4,1.0,fatigue_degradation_deficit,0.0,0.9635041531718327,0.017572691921333764,0.01757269192133376,0.0,0.13489845817526924,0.3253678956782968,0.1412032449118908,0.130782617957346,0.2964555776164493,-0.00012564135508674396,0.14428419837847203,0.2490954759301168
P0_parent,58,4,1.0,ordinary_degradation_deficit,0.0,0.9999999993379137,0.019477887985443428,0.019477887985443424,0.0,0.0,0.8504206908822761,0.047044491456801014,0.03754768996016426,-0.049991533216292884,-0.0005659661015184882,0.25075312531610744,0.014018061907938943
P0_parent,58,4,1.0,raw_driver,4.601706864962063e-09,4918.759522779865,3.6456399148123406,3.64563991481234,9.542084267858895e-05,0.008956910841594237,0.017844067036865738,0.9999999999999999,0.0017419350963755965,-0.13703148539879198,-0.0003119071597710207,0.22151881248989239,0.005359426157707458
P0_parent,58,4,1.0,raw_cyclemax_driver,4.601706864962063e-09,4918.759522779865,3.6457187845998806,3.64571878459988,9.542084267858895e-05,0.009014610933956273,0.018043379370439525,0.9999999999999999,0.0017419350963755965,-0.13702100229154573,-0.0003119048104261429,0.2215278826540822,0.005359486467785518
P0_parent,58,4,1.0,active_driver,4.601706864962063e-09,1.8828975843971576,0.001736209271093726,0.0017362092710937259,9.236800023321569e-05,0.008841641085856033,0.0159450522945781,0.9999999999999999,0.006993586070082724,0.3600538482205691,-0.0002999667503158491,0.15865861244532148,0.2423537233213432
P0_parent,59,4,1.0,damage,0.0,0.9999808717291673,0.01453048652480972,0.014530486524809719,0.0,0.0,0.6207621812025111,0.047349531733014746,0.03624353799902241,-0.04879175721237292,-0.0004973964202618602,0.2513335251554241,0.01216843902044747
P0_parent,59,4,1.0,history,0.00023673747707593826,10.220350011225042,0.2078208837286659,0.20782088372866586,0.09778318493836534,0.5802763889840397,0.7222812426808295,0.9999999999999999,0.4965511393294453,0.2687414324554879,-0.00024067794234330767,0.15555415371697465,0.2683627292954395
P0_parent,59,4,1.0,fatigue_degradation_deficit,0.0,0.963980382931701,0.0186977438043031,0.018697743804303096,0.0,0.14062270170829794,0.3310052837885683,0.15749896666303748,0.13698531464342836,0.30181460511980035,-0.0002093037188258009,0.1426209105406235,0.24920501306503287
P0_parent,59,4,1.0,ordinary_degradation_deficit,0.0,0.9999999993495275,0.01958946329748882,0.019589463297488816,0.0,0.0,0.8543406810206902,0.047349531733014746,0.03776182903285674,-0.04769706959370818,-0.0005734004829050977,0.25189892288793264,0.014127426261669329
P0_parent,59,4,1.0,raw_driver,4.556632191113656e-09,4917.949248940408,3.661911534922399,3.6619115349223987,9.349656149490026e-05,0.008880305143767614,0.017804716587311455,0.9999999999999999,0.0017458609398093299,-0.1353461494477383,-0.000311979004519209,0.22245012423644173,0.005288234968853102
P0_parent,59,4,1.0,raw_cyclemax_driver,4.556632191113656e-09,4917.949248940408,3.6619276982479803,3.66192769824798,9.349656149490026e-05,0.008887386244712164,0.017804716587311455,0.9999999999999999,0.0017458609398093299,-0.1353439795296966,-0.00031197893427091424,0.22245203105201558,0.005288227328094993
P0_parent,59,4,1.0,active_driver,4.556632191113656e-09,1.8826331561783352,0.0017042243517475008,0.0017042243517475005,9.150434904701141e-05,0.008766701975975354,0.015843608142369528,0.9999999999999999,0.00693528144299585,0.3609938641259734,-0.0003055635571031247,0.15978616934527007,0.24182491929293196
P0_parent,60,4,1.0,damage,0.0,0.9999811098533449,0.014632605232816306,0.014632605232816304,0.0,0.0,0.6265783236674459,0.04768440924996798,0.03649038407451154,-0.04593327381650743,-0.0005018654031649484,0.25278797025587685,0.012250984159100156
P0_parent,60,4,1.0,history,0.0002367490168991273,10.40247442046218,0.20942647461201333,0.2094264746120133,0.09789995247170641,0.5843190365107088,0.727094535681015,0.9999999999999999,0.49485248320511016,0.2696204379214715,-0.00024141840885427663,0.15562884666637866,0.2681912727627447
P0_parent,60,4,1.0,fatigue_degradation_deficit,0.0,0.9644293816150912,0.019947430461899243,0.01994743046189924,0.0,0.14669835579655466,0.33585761506447187,0.1692529893130037,0.1508671654690627,0.3073067743094706,-0.00026685336553159,0.14084274669436153,0.24916242389610635
P0_parent,60,4,1.0,ordinary_degradation_deficit,0.0,0.999999999365622,0.019727314369362616,0.019727314369362613,0.0,0.0,0.8590679258098174,0.04768440924996798,0.03801745426149628,-0.04483238400192992,-0.0005793434392842472,0.253351991965977,0.0142234069246851
P0_parent,60,4,1.0,raw_driver,4.529862911493667e-09,4916.675140377433,3.685322126887113,3.6853221268871126,9.158416771127133e-05,0.00872733076627194,0.017555640207089114,0.9999999999999999,0.001757683734161763,-0.13291493305989466,-0.00031209792931252505,0.22379575932716464,0.0051861505857723235
P0_parent,60,4,1.0,raw_cyclemax_driver,4.529862911493667e-09,4916.675140377433,3.685352923016803,3.6853529230168025,9.158416771127133e-05,0.008737093649180863,0.01757763290269529,0.9999999999999999,0.001757683734161763,-0.132910809254081,-0.00031209755594615793,0.2237993709694144,0.005186137594226182
P0_parent,60,4,1.0,active_driver,4.529862911493667e-09,1.8822324921655453,0.0016620336518824166,0.0016620336518824164,8.951694633751282e-05,0.008649763516424021,0.015974641715946515,0.9999999999999999,0.006952962000416693,0.362279605949835,-0.0003198951486946546,0.161327554821324,0.2407942713661298
P0_parent,61,4,1.0,damage,0.0,0.9999813375988318,0.01481635945255548,0.014816359452555479,0.0,0.0,0.6327895095730345,0.04819968532634502,0.036917744813713974,-0.0407529656883247,-0.000503069488879347,0.25545926196598473,0.012302999917456169
P0_parent,61,4,1.0,history,0.00023676038577177352,10.584491530119823,0.21096265300940695,0.21096265300940692,0.09794556743480849,0.5881022991789496,0.7332570279695549,0.9999999999999999,0.49329884322983225,0.27047495288610107,-0.00024198515273114355,0.1557181159398369,0.2680077061497682
P0_parent,61,4,1.0,fatigue_degradation_deficit,0.0,0.964834131130327,0.021240879900994408,0.021240879900994405,0.0,0.15263068597045892,0.3425099381816309,0.18177852315002624,0.16260653905609837,0.3126472094980701,-0.00017537238664390084,0.13917432746345273,0.24906305571047607
P0_parent,61,4,1.0,ordinary_degradation_deficit,0.0,0.9999999993808263,0.019974315586635618,0.019974315586635615,0.0,0.0,0.8636822407579365,0.04819968532634502,0.03846104369323685,-0.03966258272442817,-0.0005810065236426282,0.2560103711287964,0.014282667397436796
P0_parent,61,4,1.0,raw_driver,4.59101882918189e-09,4913.902285278554,3.7329428488163434,3.732942848816343,8.74990811871536e-05,0.008504478656328106,0.01755252235761351,0.9999999999999999,0.001777365553519921,-0.12794355405110738,-0.00031236338944002284,0.22654113533143194,0.004977706483760326
P0_parent,61,4,1.0,raw_cyclemax_driver,4.59101882918189e-09,4913.902285278554,3.7330167225518305,3.73301672255183,8.74990811871536e-05,0.008504478656328106,0.017894270845134314,0.9999999999999999,0.001777365553519921,-0.12793375833752108,-0.00031236200336368173,0.22654959581569378,0.004977731427079734
P0_parent,61,4,1.0,active_driver,4.59101882918189e-09,1.8811402322699504,0.0015811892712700732,0.001581189271270073,8.541426472431e-05,0.008378359755694238,0.015711140011350128,0.9999999999999999,0.0069117727507284525,0.36477318018874216,-0.00030198081639557753,0.16443825763320605,0.23821539805683103
P0_parent,62,4,1.0,damage,0.0,0.9999815557940216,0.014854619183585946,0.014854619183585945,0.0,0.0,0.6339253926227593,0.04839480737402847,0.03702525386546742,-0.03971849592348264,-0.0005050795272693054,0.2559599728124835,0.012392893835093293
P0_parent,62,4,1.0,history,0.00023677173963741716,10.766497892320888,0.2124709412811349,0.21247094128113486,0.09799781856769024,0.5917622939314036,0.7380927583207566,0.9999999999999999,0.48898756380930664,0.2713056968258897,-0.00024250461924711745,0.1558078295105739,0.2678392608428105
P0_parent,62,4,1.0,fatigue_degradation_deficit,0.0,0.9652278667234343,0.02260796424949902,0.022607964249499016,0.0,0.15940556822923635,0.3475480286018129,0.1891425240937786,0.1728527505515844,0.3177750862751359,-0.00023613869983563892,0.1374732468112632,0.24887684495356985
P0_parent,62,4,1.0,ordinary_degradation_deficit,0.0,0.99999999939522,0.02002699969113313,0.020026999691133127,0.0,0.0,0.8644636151418451,0.04839480737402847,0.03856472613111762,-0.03860407677321327,-0.0005839308132484871,0.2565217322126456,0.014387566445607519
P0_parent,62,4,1.0,raw_driver,4.60156316789271e-09,4913.661743798381,3.7369390133859275,3.736939013385927,8.700007970636607e-05,0.00846874501353883,0.017571834665767228,0.9999999999999999,0.001777365553519921,-0.12752729015035338,-0.00031236392602472594,0.22676763730133756,0.004959878361442414
P0_parent,62,4,1.0,raw_cyclemax_driver,4.60156316789271e-09,4913.661743798381,3.7369390133859275,3.736939013385927,8.700007970636607e-05,0.00846874501353883,0.017571834665767228,0.9999999999999999,0.001777365553519921,-0.12752729015035338,-0.00031236392602472594,0.22676763730133756,0.004959878361442414
P0_parent,62,4,1.0,active_driver,4.60156316789271e-09,1.8810259188972474,0.001569635162020156,0.0015696351620201558,8.525028246019807e-05,0.00835310240787028,0.015774162188157095,0.9999999999999999,0.006874489624068199,0.364928485027242,-0.00029766612847610425,0.16495513183989127,0.23833588712580003
P0_parent,63,4,1.0,damage,0.0,0.9999818473916244,0.015137179252226326,0.015137179252226324,0.0,0.0,0.6384408922507955,0.04919915085506692,0.037681365653033136,-0.031728270403514,-0.0005163452808277861,0.2601084547475101,0.012406961916438527
P0_parent,63,4,1.0,history,0.00023678273589671991,10.948322094296412,0.21388472121706045,0.21388472121706043,0.09804239280291083,0.5950788720275707,0.7430088659077558,0.9999999999999999,0.48657392863043786,0.27211002194453415,-0.0002447394298477064,0.15591839431537155,0.26764000032849555
P0_parent,63,4,1.0,fatigue_degradation_deficit,0.0,0.9655624982906743,0.02392251620042462,0.023922516200424616,0.0,0.16526875141677744,0.3527128804458244,0.19494499446978397,0.1828721110516494,0.3225061219498318,-0.0001661626639789319,0.1360678628180678,0.24850695776186743
P0_parent,63,4,1.0,ordinary_degradation_deficit,0.0,0.9999999994141917,0.020405616464821984,0.02040561646482198,0.0,0.0,0.8677547788763368,0.04919915085506692,0.03926415690686772,-0.03065252115702695,-0.0005975139112567651,0.2606411757284926,0.01440142774623183
P0_parent,63,4,1.0,raw_driver,4.622666016162746e-09,4906.7973259981345,3.8134897040434885,3.813489704043488,8.112136251264433e-05,0.007787922956723984,0.01716772520315077,0.9999999999999999,0.0018134212852852815,-0.11948181055100206,-0.00031232927678147943,0.23115471565293494,0.004619481396894639
P0_parent,63,4,1.0,raw_cyclemax_driver,4.622666016162746e-09,4906.7973259981345,3.813597623029279,3.8135976230292785,8.118482344682338e-05,0.007787922956723984,0.01803618260823464,0.9999999999999999,0.0018134212852852815,-0.11946772276941188,-0.00031234177438686875,0.23116661660987753,0.004619819389475166
P0_parent,63,4,1.0,active_driver,4.622666016162746e-09,1.8794073496670856,0.0014427268022774538,0.0014427268022774535,7.958067549490144e-05,0.0073770868702623185,0.015419373925034006,0.9999999999999999,0.0067740199974635484,0.3685098090404591,-0.0005490406888527251,0.17044074770380305,0.2333924424852103
P0_parent,64,4,1.0,damage,0.0,0.9999819650688155,0.015185805212546503,0.015185805212546501,0.0,0.0,0.6396473397926277,0.04942492601216361,0.03778379388724756,-0.03043311103192617,-0.0005186842384064087,0.26073164571760465,0.012477624806497176
P0_parent,64,4,1.0,history,0.0002367936860714305,11.130124205678907,0.2152487245844398,0.21524872458443978,0.09814326479927539,0.5990464497723919,0.7482801555907148,0.9999999999999999,0.48450339412480425,0.2728814180629163,-0.00024694899638589006,0.15603306567357159,0.26746517389282803
P0_parent,64,4,1.0,fatigue_degradation_deficit,0.0,0.9658873560341021,0.025259349531954394,0.02525934953195439,0.0,0.17099142827060143,0.3580415050563165,0.20102275165291822,0.19017504918732803,0.3269691297900308,-0.000266377995983194,0.13472587003710626,0.24810520801476832
P0_parent,64,4,1.0,ordinary_degradation_deficit,0.0,0.9999999994217622,0.02047156770592761,0.020471567705927608,0.0,0.0,0.8685711183810413,0.04942492601216361,0.03941777937148768,-0.029349886044895374,-0.0006005231898133351,0.2612660501910265,0.01448353427523043
P0_parent,64,4,1.0,raw_driver,4.608244284477467e-09,4906.093455385337,3.820771573233489,3.8207715732334884,8.074861722587887e-05,0.0076662987335481755,0.017221057768937467,0.9999999999999999,0.0018134108893863438,-0.11871573217279999,-0.0003124256337732388,0.23156435762846625,0.004586202927556996
P0_parent,64,4,1.0,raw_cyclemax_driver,4.608244284477467e-09,4906.093455385337,3.8207719103266804,3.82077191032668,8.074861722587887e-05,0.0076662987335481755,0.017221057768937467,0.9999999999999999,0.0018134108893863438,-0.11871568733380489,-0.00031242568449910753,0.23156439661868813,0.004586202767766034
P0_parent,64,4,1.0,active_driver,4.608244284477467e-09,1.8791949683668032,0.0014256236650720463,0.001425623665072046,7.871478762601155e-05,0.007293863695831033,0.015352918165618339,0.9999999999999999,0.006618173775648901,0.3687416920516509,-0.0005617309442650012,0.17126614191755574,0.2332622262302789
P0_parent,65,4,1.0,damage,0.0,0.9999821572270636,0.01543475016063342,0.015434750160633419,0.0,4.2684016448156194e-07,0.6438216684402083,0.050093718701193335,0.03841030187270833,-0.02344984048431393,-0.000527128693624494,0.26433305802018564,0.012489457199770916
P0_parent,65,4,1.0,history,0.0002368042943902371,11.31168880103795,0.21652850347188785,0.21652850347188782,0.09827139429076276,0.6022733141685871,0.7522559080024402,0.9999999999999999,0.4837164804113254,0.2736248587139161,-0.00024897251687128967,0.15616272454775762,0.2672667972977225
P0_parent,65,4,1.0,fatigue_degradation_deficit,0.0,0.9661634858116329,0.026531729867718297,0.026531729867718293,0.0,0.17596400343516305,0.3621481786642329,0.20975424385239363,0.19666861356019533,0.3310533570819691,-0.00029157166223071733,0.13360898154569717,0.24752345043446372
P0_parent,65,4,1.0,ordinary_degradation_deficit,0.0,0.9999999994340186,0.02080714737712718,0.020807147377127178,0.0,8.536800051306415e-07,0.8715165544226224,0.050093718701193335,0.04006438891787891,-0.022359888585533512,-0.0006090832189402848,0.264862124669599,0.014494341932334459
P0_parent,65,4,1.0,raw_driver,4.4988616624002174e-09,4899.833538014553,3.8878478745974263,3.887847874597426,7.45161225665833e-05,0.006782747691469002,0.016849588320662842,0.9999999999999999,0.0018454189586838113,-0.11158267295347221,-0.00031394208599822465,0.23542653151822904,0.004285041925472222
P0_parent,65,4,1.0,raw_cyclemax_driver,4.4988616624002174e-09,4899.833538014553,3.888039239441421,3.8880392394414205,7.45161225665833e-05,0.006931176697464762,0.01750470043274141,0.9999999999999999,0.0018454189586838113,-0.11155801524324294,-0.00031391864218551413,0.2354469764548634,0.004285192201855528
P0_parent,65,4,1.0,active_driver,4.4988616624002174e-09,1.876759271990135,0.0013140559419918165,0.0013140559419918163,7.263849683270137e-05,0.006405353277277129,0.015153611241311999,0.9999999999999999,0.006536471613932249,0.3712725489347612,-0.0005527106600923776,0.17679675945892795,0.2284454802328053
P0_parent,66,4,1.0,damage,0.0,0.9999824262277773,0.015651607392509592,0.01565160739250959,0.0,1.1736823348832622e-06,0.6482393695632332,0.050823666781176016,0.038914182850447974,-0.017359669561856812,-0.000531991335182776,0.2674892058906659,0.012496946062332951
P0_parent,66,4,1.0,history,0.00023681457132981775,11.49300141706944,0.21770469956389618,0.21770469956389615,0.09829598880161684,0.6050601403508867,0.7565421347147082,0.9999999999999999,0.48231985780843833,0.27432374441319995,-0.00025046519089295217,0.1563065231362959,0.2670672021336122
P0_parent,66,4,1.0,fatigue_degradation_deficit,0.0,0.9663994419018317,0.027705363621230408,0.027705363621230404,0.0,0.180298447668223,0.36644287711105683,0.21308451820745722,0.2043680710303466,0.3346882118057436,-0.00030142342089452625,0.13271949495654212,0.24696608529778097
P0_parent,66,4,1.0,ordinary_degradation_deficit,0.0,0.9999999994509556,0.021098693966186858,0.021098693966186854,0.0,2.3473622208225464e-06,0.8746958504201698,0.050823666781176016,0.040623879727198976,-0.01627910173435298,-0.000614104337166809,0.2680069665930688,0.014500734639284389
P0_parent,66,4,1.0,raw_driver,4.439799694424468e-09,4893.556641828534,3.947400155770135,3.9474001557701346,6.789866586972286e-05,0.005945636448348255,0.016727677982819544,0.9999999999999999,0.0018691484763336931,-0.10519009385513266,-0.0003152424767846887,0.23885571099543715,0.0040145480352028326
P0_parent,66,4,1.0,raw_cyclemax_driver,4.439799694424468e-09,4893.556641828534,3.947481202876967,3.9474812028769666,6.789866586972286e-05,0.006038056977384652,0.017272306559417472,0.9999999999999999,0.0018691484763336931,-0.10517953655777286,-0.0003152511507092773,0.23886462313734844,0.004014691882752579
P0_parent,66,4,1.0,active_driver,4.439799694424468e-09,1.8741258647397034,0.0012143446946342297,0.0012143446946342295,6.648361039417109e-05,0.005645262724604638,0.015644494983426044,0.9999999999999999,0.0063153685150693275,0.3729710610477697,-0.0004892542390259326,0.18230132007405578,0.2237502831264356
P0_parent,67,4,1.0,damage,0.0,0.9999826037775283,0.015867996487542037,0.015867996487542033,0.0,1.1751838124733793e-06,0.6523649219445199,0.051431740007622295,0.03945237655250784,-0.011316663772764746,-0.0005357842543374752,0.27060782741772693,0.012499025134648805
P0_parent,67,4,1.0,history,0.00023682447408874372,11.674034132275757,0.2187803873840174,0.21878038738401737,0.09831829281331156,0.607517442247824,0.759437447228097,0.9999999999999999,0.48157765321876284,0.2749771929149645,-0.00025202279716903957,0.15646059862045839,0.2668647825758462
P0_parent,67,4,1.0,fatigue_degradation_deficit,0.0,0.9665981518058131,0.028768493578039706,0.028768493578039702,0.0,0.18401242497248416,0.3691917726108016,0.21722109845765764,0.2072088622382054,0.33786720394654574,-0.00037089027911865676,0.13201205175085043,0.2463950367071999
P0_parent,67,4,1.0,ordinary_degradation_deficit,0.0,0.9999999994619937,0.021390346752024888,0.021390346752024884,0.0,2.3503651697120986e-06,0.8777378889650662,0.051431740007622295,0.04116490586206491,-0.010231180783712324,-0.0006173737410945663,0.2711207885546884,0.014500718391650161
P0_parent,67,4,1.0,raw_driver,4.438749241053262e-09,4885.819351250198,4.008320908039794,4.008320908039793,6.122351496763939e-05,0.005197340870332211,0.017867421324537072,0.9999999999999999,0.001891425884403984,-0.09858752049633647,-0.0003168178321341211,0.24236350328779632,0.003734734956351354
P0_parent,67,4,1.0,raw_cyclemax_driver,4.438749241053262e-09,4885.819351250198,4.008400861826883,4.008400861826882,6.122351496763939e-05,0.0052998290723740085,0.01809415866317994,0.9999999999999999,0.001891425884403984,-0.09857716157744156,-0.00031682359716665617,0.2423721851495208,0.003734923845639569
P0_parent,67,4,1.0,active_driver,4.438749241053262e-09,1.8712814645635178,0.0011134001760303351,0.001113400176030335,6.022978117945642e-05,0.004928828072522477,0.01651656886795183,0.9999999999999999,0.006759038044451158,0.37414326095816364,-0.0005264485092903248,0.18844900138977855,0.2183284926455565
P0_parent,68,4,1.0,damage,0.0,0.9999827742122592,0.01610206849574925,0.016102068495749248,0.0,6.416033814155972e-06,0.6562036365728561,0.052229867093703475,0.04003061486125237,-0.004790686174283109,-0.00054278240642019,0.2739760224089483,0.012490245540341607
P0_parent,68,4,1.0,history,0.0002368339338923218,11.854716408445135,0.2197490142992922,0.21974901429929217,0.09835472260587125,0.6093147744008919,0.7619401658421833,0.9999999999999999,0.48055284479009713,0.27558043710622965,-0.00025373590652809586,0.1566221139486679,0.26665869285740434
P0_parent,68,4,1.0,fatigue_degradation_deficit,0.0,0.9667597003641129,0.02972345887296202,0.029723458872962016,0.0,0.187083463919553,0.3717709860537497,0.22041219467238993,0.21196409281352252,0.34068276359089844,-0.0003714064163143986,0.13149236858803778,0.24576752983708264
P0_parent,68,4,1.0,ordinary_degradation_deficit,0.0,0.999999999472484,0.02170643171309648,0.021706431713096476,0.0,1.2832021806241656e-05,0.8803014701041663,0.052229867093703475,0.04180270175313289,-0.003688236902369495,-0.0006244323247814719,0.27448915010372454,0.014487545576273252
P0_parent,68,4,1.0,raw_driver,4.099506964252988e-09,4875.993827066853,4.075838077719298,4.075838077719297,5.39775799730149e-05,0.00430878981634263,0.018674838934779836,0.9999999999999999,0.001919671081501248,-0.09119688406227046,-0.0003187649850912994,0.2462333908426139,0.0034195851846009154
P0_parent,68,4,1.0,raw_cyclemax_driver,4.099506964252988e-09,4875.993827066853,4.0759180800135715,4.075918080013571,5.4039568191620085e-05,0.00430878981634263,0.019493911668321817,0.9999999999999999,0.001919671081501248,-0.0911866153801962,-0.0003187749614749243,0.24624188452577273,0.0034199595278415593
P0_parent,68,4,1.0,active_driver,4.099506964252988e-09,1.8677291059964165,0.0010044284208823276,0.0010044284208823274,5.2567531366330724e-05,0.004018089091255438,0.016192928029905546,0.9999999999999999,0.007844116925860931,0.3747531184444104,-0.0005896986269477595,0.19583047530794329,0.21121737984047853
P0_parent,69,4,1.0,damage,0.0,0.9999829377920003,0.016443432381874935,0.016443432381874932,0.0,1.951076336545264e-05,0.6634801934959759,0.05321930036501471,0.040922639432771836,0.004747738710270296,-0.000535514891650623,0.27894105721746076,0.012444334635041177
P0_parent,69,4,1.0,history,0.0002368426655474994,12.034648631544943,0.22056519705673117,0.22056519705673114,0.09838165964512866,0.6104522667578127,0.7641223036313803,0.9999999999999999,0.479583184950112,0.2761139363487754,-0.0002529816489170713,0.15678929905749656,0.26643776562601984
P0_parent,69,4,1.0,fatigue_degradation_deficit,0.0,0.967485556536465,0.03044932320886461,0.030449323208864607,0.0,0.18922132555901017,0.3735494483886499,0.2234972094600931,0.21451880774342597,0.34276990612772296,-0.00036557825507772996,0.1312019728700079,0.24519084555008563
P0_parent,69,4,1.0,ordinary_degradation_deficit,0.0,0.9999999994824552,0.022171054674453496,0.022171054674453492,0.0,3.9020877576789736e-05,0.8852326246368568,0.05321930036501471,0.04275322078047204,0.005950065665677982,-0.0006147565101062923,0.27949359976798854,0.014428951829236935
P0_parent,69,4,1.0,raw_driver,4.035495501697712e-09,4859.175681948427,4.188865193854435,4.188865193854434,4.0206072951912565e-05,0.0030464762733614925,0.016492172643064296,0.9999999999999999,0.0019555551936750815,-0.07863554938846877,-0.0003220737585595683,0.2526996133615382,0.0028853957317892852
P0_parent,69,4,1.0,raw_cyclemax_driver,4.035495501697712e-09,4859.175681948427,4.188977651318939,4.188977651318938,4.097565752557257e-05,0.003061364931160958,0.018225950222040207,0.9999999999999999,0.0019555551936750815,-0.07862151662695546,-0.00032208435479291866,0.2527107429479129,0.0028877449409927185
P0_parent,69,4,1.0,active_driver,4.035495501697712e-09,1.8596361217414428,0.0008280513705846393,0.0008280513705846392,3.9562036170404926e-05,0.002779135331923298,0.012730225178967616,0.9999999999999999,0.006404177922372131,0.37353699041714056,-1.1928009411915363e-05,0.21004894202198693,0.19659101419024783
P0_parent,70,4,1.0,damage,0.0,0.9999830915429645,0.01701498931886058,0.017014989318860578,0.0,3.055235512085712e-05,0.6861698277652518,0.05438034139327902,0.04201589885139921,0.020718926744232057,-0.0005196325243109238,0.2873094261529132,0.01233801165821596
P0_parent,70,4,1.0,history,0.0002368485258326113,12.210287272062857,0.22099977354663827,0.22099977354663825,0.09840784952620286,0.6110506239303193,0.7653108531997794,0.9999999999999999,0.47714372711565256,0.27637528341213435,-0.0002525412186536621,0.15690078278791444,0.2663271894413916
P0_parent,70,4,1.0,fatigue_degradation_deficit,0.0,0.9682793043514151,0.030860020435354414,0.03086002043535441,0.0,0.1903696540612323,0.3750573701553932,0.2255049418812833,0.2162613327589613,0.3439093351471173,-0.00037980152129680887,0.13114574295123788,0.24485898913950307
P0_parent,70,4,1.0,ordinary_degradation_deficit,0.0,0.9999999994917406,0.02290953206004871,0.022909532060048705,0.0,6.110346231769093e-05,0.9000227798054965,0.05438034139327902,0.043867147889384055,0.02126711786887708,-0.0005968426014655975,0.28749611642027373,0.014307841598763875
P0_parent,70,4,1.0,raw_driver,7.461948608931537e-10,4738.887787807222,4.899260864483539,4.899260864483538,2.998858390954337e-08,1.853940121476193e-07,1.4784121410279724e-06,0.9999999999999999,0.002035411258134367,-0.0025229089494480193,-0.0003264386400305648,0.28776956276037224,0.0007798252465286182
P0_parent,70,4,1.0,raw_cyclemax_driver,4.3039583363706766e-09,4738.887787807222,4.899780076780831,4.89978007678083,2.2485899033815383e-05,0.0016975960610900041,0.009380175954560692,0.9999999999999999,0.002035411258134367,-0.00247670912421984,-0.0003264192828295429,0.28779106008103145,0.0020613863486719174
P0_parent,70,4,1.0,active_driver,7.081354415012314e-10,1.8158864273173507,7.770641832085252e-05,7.77064183208525e-05,2.8595634503357855e-08,1.8140996389980258e-07,5.057819055269076e-07,0.9999999999999999,0.00015313824652230039,-0.17143606461262054,0.00013198958566739346,0.1680290593265782,0.0072069080162549615
P0_parent,71,4,1.0,damage,0.0,0.999983239866486,0.01701499168281863,0.017014991682818628,0.0,3.055235512085712e-05,0.6861698289036522,0.05438034139327902,0.04201589885139921,0.02071892878512016,-0.0005196328782193767,0.2873094527574928,0.012338011382502906
P0_parent,71,4,1.0,history,0.00023685438128599268,12.385926712658295,0.22101671021066205,0.22101671021066202,0.09840789578700665,0.6110506381718424,0.7653108543688839,0.9999999999999999,0.4764423513982443,0.2763429848316943,-0.0002525283379111946,0.15694924235602137,0.2663170185785937
P0_parent,71,4,1.0,fatigue_degradation_deficit,0.0,0.9690442770540094,0.030864891514893324,0.03086489151489332,0.0,0.19037293692290325,0.37505737362006975,0.22550940566958305,0.2162613327589613,0.3438264902001787,-0.0003798171891612703,0.13134676489680733,0.24483967190382025
P0_parent,71,4,1.0,ordinary_degradation_deficit,0.0,0.9999999995006186,0.022909533816655073,0.02290953381665507,0.0,6.110346231769093e-05,0.9000227798054965,0.05438034139327902,0.043867147889384055,0.02126712025836196,-0.000596842944710975,0.28749613396697954,0.01430784165561497
P0_parent,71,4,1.0,raw_driver,1.2475227521108292e-09,4738.901463993605,4.899306480801586,4.899306480801585,3.024173986428282e-08,1.8535698535830739e-07,1.4862625921452724e-06,0.9999999999999999,0.002035411258134367,-0.002518821663039698,-0.00032643458888396596,0.2877735068317186,0.0007798231094699342
P0_parent,71,4,1.0,raw_cyclemax_driver,1.2475227521108292e-09,4738.901463993605,4.899306480801586,4.899306480801585,3.024173986428282e-08,1.8535698535830739e-07,1.4862625921452724e-06,0.9999999999999999,0.002035411258134367,-0.002518821663039698,-0.00032643458888396596,0.2877735068317186,0.0007798231094699342
P0_parent,71,4,1.0,active_driver,7.035741228591472e-10,1.815895493878722,7.770257890612664e-05,7.770257890612663e-05,2.8633375186155425e-08,1.8126165941558677e-07,5.052026165022073e-07,0.9999999999999999,0.00015313824652230039,-0.17145338014225855,0.00013202354435629698,0.16799095292574143,0.0072080195641862944
P0_parent,72,4,1.0,damage,0.0,0.9999833829410801,0.01701499313513062,0.017014993135130618,0.0,3.055235512085712e-05,0.68616982996184,0.05438034139327902,0.04201589885139921,0.02071890247058588,-0.0005196333747199255,0.2873094648204249,0.01233801134064887
P0_parent,72,4,1.0,history,0.00023686022778905902,12.561566288326748,0.22103364500610054,0.2210336450061005,0.09840794204202463,0.6110626416562186,0.7653108555387238,0.9999999999999999,0.4755154134284475,0.2763106954523652,-0.0002525154575827994,0.15699766504880483,0.26630685000419263
P0_parent,72,4,1.0,fatigue_degradation_deficit,0.0,0.9697818489564687,0.030869694375967333,0.03086969437596733,0.0,0.19037295862384063,0.3750573770846012,0.22551544566701365,0.2162613327589613,0.34374500416605125,-0.000379832823156829,0.13154419934402847,0.24482062974209817
P0_parent,72,4,1.0,ordinary_degradation_deficit,0.0,0.9999999995091082,0.022909534883617043,0.02290953488361704,0.0,6.110346231769093e-05,0.9000227798054965,0.05438034139327902,0.043867147889384055,0.021267103277233836,-0.0005968434895673706,0.287496141483694,0.014307841859065307
P0_parent,72,4,1.0,raw_driver,1.2433862365419334e-09,4738.904814557334,4.899311392432551,4.89931139243255,3.023786843900096e-08,1.8532818042275496e-07,1.4849522720810152e-06,0.9999999999999999,0.002035411258134367,-0.002518795502335857,-0.0003264347015070089,0.2877736044936323,0.0007798229356405102
P0_parent,72,4,1.0,raw_cyclemax_driver,1.2433862365419334e-09,4738.904814557334,4.899311392432551,4.89931139243255,3.023786843900096e-08,1.8532818042275496e-07,1.4849522720810152e-06,0.9999999999999999,0.002035411258134367,-0.002518795502335857,-0.0003264347015070089,0.2877736044936323,0.0007798229356405102
P0_parent,72,4,1.0,active_driver,7.047293303390899e-10,1.8158966926100684,7.770074107097121e-05,7.77007410709712e-05,2.8623235302556406e-08,1.812330715688295e-07,5.048380305126943e-07,0.9999999999999999,0.00015313824652230039,-0.1714520308692451,0.00013203701156353685,0.16798826368240133,0.007207306949473607
P0_parent,73,4,1.0,damage,0.0,0.9999835210106828,0.017014994477784748,0.017014994477784744,0.0,3.055235512085712e-05,0.6861698310330371,0.05438034139327902,0.04201589885139921,0.02071887735134194,-0.000519633746956354,0.287309477205446,0.012338011236879144
P0_parent,73,4,1.0,history,0.00023686606582467597,12.737206004468726,0.2210505779309815,0.22105057793098148,0.09840798829179026,0.6110626454577869,0.7653108567082478,0.9999999999999999,0.47483614176363337,0.2762784152779905,-0.0002525025776352249,0.1570460509198384,0.26629668371897425
P0_parent,73,4,1.0,fatigue_degradation_deficit,0.0,0.9704933162340327,0.030874407173203038,0.030874407173203035,0.0,0.19038976668352092,0.3751368777731491,0.22551544566701365,0.2162613327589613,0.3436649765804976,-0.00037984825903160114,0.1317377302003905,0.24480194907390174
P0_parent,73,4,1.0,ordinary_degradation_deficit,0.0,0.9999999995172318,0.02290953574132269,0.022909535741322685,0.0,6.110346231769093e-05,0.9000227798054965,0.05438034139327902,0.043867147889384055,0.021267087978394494,-0.0005968438528045071,0.2874961496520323,0.014307841999331068
P0_parent,73,4,1.0,raw_driver,1.2429978990924597e-09,4738.908340959661,4.899314513699694,4.899314513699693,3.023446215517586e-08,1.8529833519916928e-07,1.4836730101905858e-06,0.9999999999999999,0.002035411258134367,-0.0025189352432194666,-0.000326434776395831,0.2877736325454109,0.0007798228571706966
P0_parent,73,4,1.0,raw_cyclemax_driver,1.2429978990924597e-09,4738.908340959661,4.899314513699694,4.899314513699693,3.023446215517586e-08,1.8529833519916928e-07,1.4836730101905858e-06,0.9999999999999999,0.002035411258134367,-0.0025189352432194666,-0.000326434776395831,0.2877736325454109,0.0007798228571706966
P0_parent,73,4,1.0,active_driver,7.044735941403043e-10,1.8158979476982298,7.76988957106383e-05,7.769889571063828e-05,2.861982264736665e-08,1.812027551930947e-07,5.043760492072091e-07,0.9999999999999999,0.00015313824652230039,-0.1714507273415225,0.00013205069219752273,0.16798555466212262,0.007206617146970976
T3_loading_history,1,4,1.0,damage,0.0,0.999606488141861,0.008011629158909888,0.008011629158909886,0.0,0.0,0.3243570245188757,0.02433371051886251,0.01951930205981883,-0.24974356833788033,-0.00022465012948496524,0.14513166926173238,0.0068034097416585365
T3_loading_history,1,4,1.0,history,0.00048014589257641346,0.22233131318852015,0.0042451744607163635,0.004245174460716363,0.0035243188893466955,0.009228698105236516,0.016719817243294882,0.9999999999999999,0.5529503203759907,0.17067959362796264,-0.00013792243939898756,0.2196606393989948,0.2694806850992741
T3_loading_history,1,4,1.0,fatigue_degradation_deficit,0.0,0.0,0.0,0.0,0.0,0.0,0.0,0.0,0.0,nan,nan,nan,nan
T3_loading_history,1,4,1.0,ordinary_degradation_deficit,0.0,0.9999997247082978,0.01074233627182618,0.010742336271826178,0.0,0.0,0.5424416910365093,0.02433371051886251,0.020677438133959326,-0.24881045397644574,-0.00022091912459761722,0.1456402299378886,0.007595630983807591
T3_loading_history,1,4,1.0,raw_driver,5.239407724084294e-09,3444.3403958638346,1.535029383321209,1.5350293833212088,0.0034687998166327144,0.009167886184837354,0.016298001071038834,0.9999999999999999,0.001018770169315901,-0.30237655642865874,-0.0004908945991398344,0.12864835024524682,0.01384930378653302
T3_loading_history,1,4,1.0,raw_cyclemax_driver,0.00043244783058389536,3444.3403958638346,1.546043243256696,1.5460432432566957,0.0036646045813308915,0.00940712519270756,0.01889925083971855,0.9999999999999999,0.001024819491291801,-0.30224359400552914,-0.00048452220724811535,0.12872756034937885,0.014083103430004129
T3_loading_history,1,4,1.0,active_driver,5.239407724084294e-09,1.3093962890667195,0.003947800975108898,0.003947800975108897,0.0034456018543930437,0.009102767473165005,0.015251598807200653,0.9999999999999999,0.014600067262571449,0.2069825070778301,-0.00015008082496514906,0.17847785039070674,0.2725943922138208
T3_loading_history,2,4,1.0,damage,0.0,0.9996083261932656,0.008031079584496585,0.008031079584496583,0.0,0.0,0.3261574174332703,0.024524469391137137,0.019591092281707898,-0.24959292160206578,-0.00022295076975972409,0.14510435502777036,0.006823545718222233
T3_loading_history,2,4,1.0,history,0.0005584271929621007,0.45079692881752803,0.008144090288183237,0.008144090288183236,0.0070201936813953526,0.018366521926955835,0.03339431053337624,0.9999999999999999,0.5494675860107836,0.19069563401587772,-0.00014123163967605268,0.19951797350352926,0.2717798734564706
T3_loading_history,2,4,1.0,fatigue_degradation_deficit,0.0,0.1178245359538641,1.6480742761183695e-06,1.6480742761183693e-06,0.0,0.0,0.0,1.893173607519575e-05,1.893173607519575e-05,0.0007844335187592757,8.2452669710613e-05,0.0010233911688399683,0.0010362489597497424
T3_loading_history,2,4,1.0,ordinary_degradation_deficit,0.0,0.9999997272740073,0.010770817041509508,0.010770817041509506,0.0,0.0,0.5443546315582962,0.024524469391137137,0.020777116599318496,-0.24863951387792654,-0.00021904792192767474,0.1456157541329024,0.007618616429585909
T3_loading_history,2,4,1.0,raw_driver,5.304809869236806e-09,3445.2513034913136,1.5358248307295872,1.535824830729587,0.003464853092629637,0.009169366829151773,0.016303849511508428,0.9999999999999999,0.0010227113205049396,-0.3022904318880897,-0.0004905387903432948,0.12870024598104535,0.013843900489208694
T3_loading_history,2,4,1.0,raw_cyclemax_driver,5.304809869236806e-09,3445.2513034913136,1.5358248307295872,1.535824830729587,0.003464853092629637,0.009169366829151773,0.016303849511508428,0.9999999999999999,0.0010227113205049396,-0.3022904318880897,-0.0004905387903432948,0.12870024598104535,0.013843900489208694
T3_loading_history,2,4,1.0,active_driver,5.304809869236806e-09,1.2884214194260306,0.003946710409767496,0.003946710409767495,0.0034421784971952855,0.009102533836021824,0.015261194543660574,0.9999999999999999,0.015087455296299212,0.20709146435463818,-0.00014103724796602242,0.17837475383024154,0.2725956526713438
T3_loading_history,3,4,1.0,damage,0.0,0.9996084148390867,0.00803128330913235,0.008031283309132348,0.0,0.0,0.3261574221085606,0.024571173917266757,0.019591092281707898,-0.24958795287402719,-0.00022285964570796857,0.14510669068032384,0.006823634881103573
T3_loading_history,3,4,1.0,history,0.0005585378381601309,0.6766245870991082,0.012042867166818369,0.012042867166818367,0.010422355924191759,0.027551143111239094,0.049601888781109896,0.9999999999999999,0.5491670067877251,0.19775527614024566,-0.0001420773824765898,0.1914135155461656,0.27258345405299517
T3_loading_history,3,4,1.0,fatigue_degradation_deficit,0.0,0.3055991320992538,1.0196290770253854e-05,1.0196290770253853e-05,0.0,0.0,0.0,0.00010215879877368425,9.808348982076823e-05,-0.012011396240532678,0.00027519442442499226,0.056414455481184685,0.0013098329270621258
T3_loading_history,3,4,1.0,ordinary_degradation_deficit,0.0,0.9999997273974431,0.010771024598878935,0.010771024598878933,0.0,0.0,0.5444576542899526,0.024571173917266757,0.020777116599318496,-0.2486362338480204,-0.0002189606895953782,0.14561716263540433,0.007618745219645552
T3_loading_history,3,4,1.0,raw_driver,5.3149235762549405e-09,3445.499285994345,1.5361119736147328,1.5361119736147326,0.003463610651723577,0.009168953994592041,0.01630627875431652,0.9999999999999999,0.0010227113205049396,-0.30225413413307306,-0.0004904076474701237,0.12872526950366464,0.013842023433728671
T3_loading_history,3,4,1.0,raw_cyclemax_driver,5.3149235762549405e-09,3445.499285994345,1.5361119736147328,1.5361119736147326,0.003463610651723577,0.009168953994592041,0.01630627875431652,0.9999999999999999,0.0010227113205049396,-0.30225413413307306,-0.0004904076474701237,0.12872526950366464,0.013842023433728671
T3_loading_history,3,4,1.0,active_driver,5.3149235762549405e-09,1.288462455921416,0.0039465720439915,0.003946572043991499,0.0034410065705455673,0.009102197033608345,0.015264087448788537,0.9999999999999999,0.015091515963341219,0.20710442789579983,-0.00014005596064928195,0.17836412868278195,0.2725887268233252
T3_loading_history,4,4,1.0,damage,0.0,0.9996084148390867,0.00803513647193987,0.008035136471939867,0.0,0.0,0.3267374650486714,0.02467981978601036,0.0196323138080887,-0.24959645192408433,-0.00022085877399615403,0.145082705009046,0.006828184364086147
T3_loading_history,4,4,1.0,history,0.0005586483685293706,0.8987328993103161,0.015941384256535355,0.01594138425653535,0.01386001082322763,0.03673598354750999,0.06543583427984206,0.9999999999999999,0.5488312333833584,0.20136644769004944,-0.00014251025948077613,0.1870326742074974,0.2729932454460175
T3_loading_history,4,4,1.0,fatigue_degradation_deficit,0.0,0.4640588221839864,3.0603801356445955e-05,3.060380135644595e-05,0.0,0.0,0.0,0.00023349837403123898,0.00023349837403123898,-0.03719777224182523,-0.0009302664090289826,0.09753489468909617,0.024370928351565117
T3_loading_history,4,4,1.0,ordinary_degradation_deficit,0.0,0.9999997273974431,0.010776769687204557,0.010776769687204556,0.0,0.0,0.5452546780303371,0.02467981978601036,0.020803729934802607,-0.24864771919635612,-0.00021634020257357817,0.14558806864938728,0.007624020714661678
T3_loading_history,4,4,1.0,raw_driver,5.3242128241875455e-09,3445.5643126333807,1.5362828453568038,1.5362828453568036,0.0034627472622417,0.009166560857164163,0.01630361147578996,0.9999999999999999,0.0010227113205049396,-0.30223391578882214,-0.0004903380398417358,0.1287378508646113,0.013840840225270266
T3_loading_history,4,4,1.0,raw_cyclemax_driver,5.3242128241875455e-09,3445.5643126333807,1.5362828453568038,1.5362828453568036,0.0034627472622417,0.009166560857164163,0.01630361147578996,0.9999999999999999,0.0010227113205049396,-0.30223391578882214,-0.0004903380398417358,0.1287378508646113,0.013840840225270266
T3_loading_history,4,4,1.0,active_driver,5.3242128241875455e-09,1.2885507418669293,0.003946223039908194,0.0039462230399081935,0.0034401465512426937,0.009101684711562967,0.015264363866950712,0.9999999999999999,0.015088067950716794,0.207130202422305,-0.00014006791077344146,0.17834844844318481,0.27259250932539864
T3_loading_history,5,4,1.0,damage,0.0,0.9996084148390867,0.008037385652185983,0.008037385652185982,0.0,0.0,0.3267374650486714,0.024711002020524134,0.01963614040987762,-0.24954217494500272,-0.0002202382769404524,0.14510675644988535,0.006828848080281727
T3_loading_history,5,4,1.0,history,0.0005587584305199452,1.1270098315763197,0.019838520243973395,0.019838520243973392,0.017316694336753296,0.04588894328606265,0.07960134748627556,0.9999999999999999,0.5475816793740964,0.2035775930479712,-0.00014166552266357002,0.1842791114618318,0.2732398559694558
T3_loading_history,5,4,1.0,fatigue_degradation_deficit,0.0,0.6029146148225809,6.014725995462434e-05,6.014725995462433e-05,0.0,0.0,0.0,0.00032924636869318747,0.0003239622209191495,-0.048465843658637334,-0.0027940922908141004,0.11452106218226361,0.038674507576165446
T3_loading_history,5,4,1.0,ordinary_degradation_deficit,0.0,0.9999997273974431,0.01077926772920315,0.010779267729203148,0.0,0.0,0.5452546780303371,0.024711002020524134,0.020803729934802607,-0.24860824845955806,-0.00021575157143626384,0.14560207385719057,0.007624997401621961
T3_loading_history,5,4,1.0,raw_driver,5.376971211920427e-09,3446.557869463681,1.537223708027134,1.5372237080271338,0.0034566835135256668,0.009166229817667078,0.01627603730624727,0.9999999999999999,0.0010227113205049396,-0.3021375172692181,-0.0004900045823184899,0.12878824704461034,0.013833738005308153
T3_loading_history,5,4,1.0,raw_cyclemax_driver,5.376971211920427e-09,3446.557869463681,1.537223708027134,1.5372237080271338,0.0034566835135256668,0.009166229817667078,0.01627603730624727,0.9999999999999999,0.0010227113205049396,-0.3021375172692181,-0.0004900045823184899,0.12878824704461034,0.013833738005308153
T3_loading_history,5,4,1.0,active_driver,5.376971211920427e-09,1.2883745955845476,0.003944822347170631,0.0039448223471706305,0.003432729643115048,0.009098695615502021,0.015266746226515592,0.9999999999999999,0.01511368024037784,0.207227589791547,-0.0001344775338643584,0.17829901103517265,0.27258371274081805
T3_loading_history,6,4,1.0,damage,0.0,0.9996084148390867,0.008041910818324794,0.008041910818324793,0.0,0.0,0.32685208044276337,0.024765344738692508,0.01963614040987762,-0.24940144536661055,-0.00021893415077350918,0.14518768862236103,0.006828058296931785
T3_loading_history,6,4,1.0,history,0.0005588675930385751,1.3454802962160164,0.02373213748062974,0.023732137480629738,0.020759393303053267,0.05503154881500086,0.0950916037727009,0.9999999999999999,0.5476061147034934,0.20510178238690074,-0.00013941233946932697,0.18237408131220537,0.2734037023930474
T3_loading_history,6,4,1.0,fatigue_degradation_deficit,0.0,0.6939286625047174,9.212719222683911e-05,9.21271922268391e-05,0.0,0.0,0.0,0.00039674478894673025,0.0003850973603743181,-0.048430284949598015,-0.003408044866962775,0.11770810107555019,0.042317541649647426
T3_loading_history,6,4,1.0,ordinary_degradation_deficit,0.0,0.9999997273974431,0.010783667357119182,0.01078366735711918,0.0,0.0,0.5452546780303371,0.024765344738692508,0.020803729934802607,-0.2485065534255822,-0.00021460804048583338,0.1456600074264813,0.007624539665610758
T3_loading_history,6,4,1.0,raw_driver,5.474130131989923e-09,3449.1345212597416,1.5392503719344925,1.5392503719344923,0.0034426989662999733,0.009164162661153837,0.016302663152344354,0.9999999999999999,0.0010227113205049396,-0.3019215486939768,-0.0004892708267679274,0.12890781418032798,0.01381799727158785
T3_loading_history,6,4,1.0,raw_cyclemax_driver,5.474130131989923e-09,3449.1345212597416,1.5392503719344925,1.5392503719344923,0.0034426989662999733,0.009164162661153837,0.016302663152344354,0.9999999999999999,0.0010227113205049396,-0.3019215486939768,-0.0004892708267679274,0.12890781418032798,0.01381799727158785
T3_loading_history,6,4,1.0,active_driver,5.474130131989923e-09,1.2892292493063404,0.0039413668706824515,0.003941366870682451,0.003420837761383473,0.009093211668205092,0.015267920263454637,0.9999999999999999,0.015096662687171658,0.20745939238099184,-0.0001243026985350249,0.1781906127161654,0.27257077824881115
T3_loading_history,7,4,1.0,damage,0.0,0.9996084148390867,0.008047961005710754,0.008047961005710752,0.0,0.0,0.32685208044276337,0.02482336435356987,0.01964389591150348,-0.24921360742466034,-0.00021741199496459437,0.1452950738383872,0.0068293363806036945
T3_loading_history,7,4,1.0,history,0.0005589764511799709,1.5289164582310009,0.027622985443482358,0.027622985443482354,0.024202815421725095,0.06413188040904064,0.1098190380321179,0.9999999999999999,0.5510475033318454,0.20621952474528116,-0.00013759172438472796,0.18097890687930643,0.2735284071614989
T3_loading_history,7,4,1.0,fatigue_degradation_deficit,0.0,0.7485727191365756,0.00012484636104108415,0.00012484636104108412,0.0,0.0,0.0,0.0004769759699715737,0.0004585221813784593,-0.044816405432388615,-0.0035108327288279288,0.11624914794843397,0.042915304188513415
T3_loading_history,7,4,1.0,ordinary_degradation_deficit,0.0,0.9999997273974431,0.010791171562457003,0.010791171562457002,0.0,0.0,0.5456481513349549,0.02482336435356987,0.020807283024440407,-0.24833332250906798,-0.0002127994912805313,0.14575781804856983,0.007626268510515714
T3_loading_history,7,4,1.0,raw_driver,5.499192523388246e-09,3450.000450670662,1.5399258332745889,1.5399258332745887,0.0034388371813507132,0.009165610258876064,0.016305274205304116,0.9999999999999999,0.0010227113205049396,-0.30185190505910264,-0.0004890473651703192,0.12894462419463718,0.013812639351829104
T3_loading_history,7,4,1.0,raw_cyclemax_driver,5.499192523388246e-09,3450.000450670662,1.5399258332745889,1.5399258332745887,0.0034388371813507132,0.009165610258876064,0.016305274205304116,0.9999999999999999,0.0010227113205049396,-0.30185190505910264,-0.0004890473651703192,0.12894462419463718,0.013812639351829104
T3_loading_history,7,4,1.0,active_driver,5.499192523388246e-09,1.2895427077914472,0.0039385517226384744,0.003938551722638474,0.0034155020260789584,0.009094005021976381,0.015265350482707964,0.9999999999999999,0.015099776921046462,0.20762473247400862,-0.00012289199424380583,0.17813939513534657,0.2726216945553085
T3_loading_history,8,4,1.0,damage,0.0,0.9996084148390867,0.00806578235674926,0.008065782356749259,0.0,0.0,0.32913713765417685,0.02490340718816506,0.019677643393305636,-0.24865296554719613,-0.0002126342524298033,0.1456233929614244,0.006830356197437598
T3_loading_history,8,4,1.0,history,0.0005590736138910285,1.689365177684308,0.031504499663997064,0.03150449966399706,0.027599036757644406,0.073188713701137,0.12469111921074708,0.9999999999999999,0.5554560544057678,0.2071385594760653,-0.0001347921757044739,0.17988188062778968,0.27361953761188257
T3_loading_history,8,4,1.0,fatigue_degradation_deficit,0.0,0.7837919449483712,0.00015890068759574774,0.00015890068759574771,0.0,0.0,0.0,0.0005627088174582717,0.0005423826780586122,-0.03997093678246282,-0.0036613078045571487,0.11376571967107219,0.04373998741556986
T3_loading_history,8,4,1.0,ordinary_degradation_deficit,0.0,0.9999997273974431,0.010813932256087783,0.010813932256087781,0.0,0.0,0.5485033172147962,0.02490340718816506,0.020838213986085458,-0.24779823731530667,-0.00020757505448361035,0.14607030708717297,0.0076280424110797326
T3_loading_history,8,4,1.0,raw_driver,5.369579566715714e-09,3456.298857024289,1.5450274068167982,1.545027406816798,0.0033995960676345797,0.009155555967701151,0.016337417208604835,0.9999999999999999,0.0010268705352996614,-0.3013144000098615,-0.00048730694268525024,0.129237189713697,0.013772438955411576
T3_loading_history,8,4,1.0,raw_cyclemax_driver,5.369579566715714e-09,3456.298857024289,1.5450274068167982,1.545027406816798,0.0033995960676345797,0.009155555967701151,0.016337417208604835,0.9999999999999999,0.0010268705352996614,-0.3013144000098615,-0.00048730694268525024,0.129237189713697,0.013772438955411576
T3_loading_history,8,4,1.0,active_driver,5.369579566715714e-09,1.291840715396808,0.003929522859606798,0.003929522859606797,0.003377376128427277,0.009099621616709342,0.015231969457853657,0.9999999999999999,0.014875834066912218,0.20822307738686313,-0.00011142969487622379,0.17786598218358243,0.2725866662374066
T3_loading_history,9,4,1.0,damage,0.0,0.9996084148390867,0.008129170347391466,0.008129170347391464,0.0,0.0,0.33171974190484416,0.025066784837794842,0.019841567992774464,-0.24667544271451064,-0.00020785283436443016,0.14677592164224199,0.006832413491591306
T3_loading_history,9,4,1.0,history,0.0005591397920094096,1.7916817376265561,0.03535851493734816,0.03535851493734815,0.030862583390611674,0.0821119411300105,0.13980998806543177,0.9999999999999999,0.5579146629832958,0.208070912948908,-0.00013519736615899694,0.17890613180541834,0.27364741020352823
T3_loading_history,9,4,1.0,fatigue_degradation_deficit,0.0,0.8021469088639164,0.00019779497979987632,0.0001977949797998763,0.0,0.0,0.0,0.0006707271481406084,0.0006486492536504737,-0.034069558831258534,-0.004016278891129636,0.11116814629455177,0.045749613047677405
T3_loading_history,9,4,1.0,ordinary_degradation_deficit,0.0,0.9999997273974431,0.010897736118062065,0.010897736118062063,0.0,0.0,0.552313428386435,0.025066784837794842,0.020999622260169666,-0.24584555423271354,-0.0002031108987632787,0.14720554597902646,0.007631425758539781
T3_loading_history,9,4,1.0,raw_driver,5.048291417829392e-09,3479.0753007461835,1.5655703159562604,1.5655703159562602,0.003302262681473169,0.009173971599904795,0.016278061345878114,0.9999999999999999,0.0010428739706228858,-0.29906953946913656,-0.00048045196476286553,0.13051660348748695,0.013614560048610008
T3_loading_history,9,4,1.0,raw_cyclemax_driver,5.048291417829392e-09,3479.0753007461835,1.5656098871543869,1.5656098871543866,0.003302262681473169,0.009178625789420858,0.016325076999417626,0.9999999999999999,0.0010428739706228858,-0.2990620049663027,-0.0004804524505926893,0.1305235601905774,0.013614395141032591
T3_loading_history,9,4,1.0,active_driver,5.048291417829392e-09,1.301108176703617,0.00389930995104145,0.0038993099510414497,0.0032871853283140354,0.00911469538034941,0.015239006155457063,0.9999999999999999,0.014817550063556513,0.21029251781762387,-0.00013512647304720607,0.17684800255449076,0.27227980542513047
T3_loading_history,10,4,1.0,damage,0.0,0.9996084148390867,0.00816246323388394,0.008162463233883938,0.0,0.0,0.3341751450992235,0.02520665351077866,0.019933642397556628,-0.24562757253883552,-0.0002058425797952299,0.14739025294183788,0.006834057749832309
T3_loading_history,10,4,1.0,history,0.0005592014481612345,1.839250058183409,0.03919227479476376,0.039192274794763754,0.03406013934633193,0.09116518772134179,0.15507240329535676,0.9999999999999999,0.5641107177270044,0.2089490815852962,-0.00013790133446844473,0.17806212676027883,0.2736753871109165
T3_loading_history,10,4,1.0,fatigue_degradation_deficit,0.0,0.8081922759624012,0.00023826047020767294,0.00023826047020767291,0.0,0.0,0.0,0.0007916116029948951,0.0007670462102917177,-0.02812005678450708,-0.00527736489019578,0.111338870785487,0.05200387729585341
T3_loading_history,10,4,1.0,ordinary_degradation_deficit,0.0,0.9999997273974431,0.010942308296728627,0.010942308296728626,0.0,0.0,0.5555306496713052,0.02520665351077866,0.021084860188860823,-0.24479764550227456,-0.00020065196816222155,0.1478178911560578,0.007634041306074971
T3_loading_history,10,4,1.0,raw_driver,4.97685680616092e-09,3489.5238336310945,1.5752722554897174,1.5752722554897172,0.003255445996230462,0.009182037016283055,0.016308287561802692,0.9999999999999999,0.0010462637825808896,-0.29801856011877437,-0.0004775838179890845,0.13110613766947646,0.013540110689279433
T3_loading_history,10,4,1.0,raw_cyclemax_driver,4.97685680616092e-09,3489.5238336310945,1.5752815467605024,1.5752815467605021,0.003255445996230462,0.009182535995943542,0.016313491065896794,0.9999999999999999,0.0010462637825808896,-0.2980167696952255,-0.0004775755478009314,0.1311078237744606,0.013540072156848021
T3_loading_history,10,4,1.0,active_driver,4.97685680616092e-09,1.3055538977208894,0.0038836306871778137,0.0038836306871778132,0.0032432932228168305,0.009121610819277755,0.015285850355431091,0.9999999999999999,0.014624442785036905,0.21134512696147756,-0.0001590646262474398,0.1763546429189388,0.27216882500759293
T3_loading_history,11,4,1.0,damage,0.0,0.9996084148390867,0.008196081085541318,0.008196081085541316,0.0,0.0,0.3364026530633002,0.025327317428478158,0.02001486910575175,-0.24456855434505584,-0.00020815013359489672,0.14801173539268256,0.006836413135338494
T3_loading_history,11,4,1.0,history,0.0005592480453108541,1.8842325512741291,0.0430100829376,0.043010082937599996,0.03719564393413329,0.10048164298426632,0.16950448312229094,0.9999999999999999,0.5693812255639483,0.20976571355169737,-0.00014153614764820393,0.1773199467650231,0.2736932066268891
T3_loading_history,11,4,1.0,fatigue_degradation_deficit,0.0,0.813510201091168,0.0002817681523985365,0.00028176815239853645,0.0,0.0,0.0,0.000910587265223695,0.0008758155845671975,-0.022926161516971376,-0.0060916742959344315,0.11048706684015713,0.0556400520193362
T3_loading_history,11,4,1.0,ordinary_degradation_deficit,0.0,0.9999997273974431,0.01098770640099842,0.010987706400998418,0.0,0.0,0.5585420372142529,0.025327317428478158,0.02117491156321652,-0.24372932936584965,-0.00020408057592515578,0.14844279956166925,0.007637330730686642
T3_loading_history,11,4,1.0,raw_driver,4.956683583866214e-09,3499.3340796031034,1.5843882060237882,1.584388206023788,0.003202199991812459,0.009199961772249667,0.016365843059552923,0.9999999999999999,0.0010500062201915911,-0.2970338165884064,-0.00047493466850772074,0.1316563836170576,0.013470527627018605
T3_loading_history,11,4,1.0,raw_cyclemax_driver,4.956683583866214e-09,3499.3340796031034,1.5843945443055676,1.5843945443055674,0.003202199991812459,0.009199961772249667,0.016377446121233902,0.9999999999999999,0.0010500062201915911,-0.29703259853072345,-0.00047492977634791344,0.1316575287772868,0.01347050151286713
T3_loading_history,11,4,1.0,active_driver,4.956683583866214e-09,1.309626201862455,0.003868226117147182,0.0038682261171471815,0.0031863662481135136,0.00913379318793274,0.01527758533654909,0.9999999999999999,0.01447290178622776,0.2123662850828728,-0.00017465126228051204,0.17589039318844096,0.2720854500828332
T3_loading_history,12,4,1.0,damage,0.0,0.9996084148390867,0.008227597049728983,0.008227597049728981,0.0,0.0,0.3377405967845694,0.025531463897206123,0.020064203272578907,-0.24358284978752762,-0.0002060326334678086,0.1485837804458603,0.006839901622873307
T3_loading_history,12,4,1.0,history,0.000559293112092083,1.9278739218875285,0.04681322264993561,0.0468132226499356,0.04027451518911433,0.1097490634617149,0.1851084000125963,0.9999999999999999,0.5754156213512666,0.2105288944066531,-0.0001454273342045016,0.17665813349298254,0.2737039577518573
T3_loading_history,12,4,1.0,fatigue_degradation_deficit,0.0,0.8183508830659647,0.00032902219660394964,0.0003290221966039496,0.0,0.0,0.0,0.0010956168531667376,0.0010163740883363916,-0.018149956017604746,-0.00679463724437207,0.109530127648697,0.0585837380163805
T3_loading_history,12,4,1.0,ordinary_degradation_deficit,0.0,0.9999997273974431,0.011029406450618435,0.011029406450618433,0.0,0.0,0.5601794751685899,0.025531463897206123,0.021256660057698898,-0.2427552814076967,-0.00020168118834824395,0.1490058022726869,0.00764214099145788
T3_loading_history,12,4,1.0,raw_driver,4.977776131527079e-09,3508.2647788147997,1.5926282005357308,1.5926282005357306,0.0031606116472014945,0.009182952160108948,0.016371760862447696,0.9999999999999999,0.0010500062201915911,-0.29615403067242274,-0.00047256990097352034,0.13213883552930328,0.013407651031750982
T3_loading_history,12,4,1.0,raw_cyclemax_driver,4.977776131527079e-09,3508.2647788147997,1.5926304339925375,1.5926304339925372,0.0031608038310501365,0.009182952160108948,0.016371760862447696,0.9999999999999999,0.0010500062201915911,-0.2961536033898123,-0.0004725704711076227,0.13213923549494216,0.013407641991975356
T3_loading_history,12,4,1.0,active_driver,4.977776131527079e-09,1.3132790679010862,0.0038538572627254963,0.003853857262725496,0.003119047231826445,0.009115278003678826,0.015214804562567907,0.9999999999999999,0.01441546221579674,0.2133145187695078,-0.00018501781165910637,0.1754650319034789,0.2720178298916523
T3_loading_history,13,4,1.0,damage,0.0,0.9996084148390867,0.00827660305599822,0.008276603055998219,0.0,0.0,0.34092066729836307,0.02564124913986729,0.020209695122326652,-0.2420453259037737,-0.00019785887430845298,0.14948048487815005,0.006845601336155681
T3_loading_history,13,4,1.0,history,0.0005593358849285687,1.971822492248785,0.05059629459409356,0.05059629459409355,0.0432711950624584,0.11897638323222509,0.20104867706358498,0.9999999999999999,0.5774591813328538,0.2112792828907553,-0.00014541731992725942,0.17604433877126105,0.27370295538511813
T3_loading_history,13,4,1.0,fatigue_degradation_deficit,0.0,0.8227677359501839,0.0003805170499388019,0.0003805170499388018,0.0,0.0,0.0,0.0012684336100012422,0.0011977718640343565,-0.013273960677243263,-0.00782836015339965,0.10955234343552943,0.06273208316272882
T3_loading_history,13,4,1.0,ordinary_degradation_deficit,0.0,0.9999997273974431,0.011096022432998488,0.011096022432998487,0.0,0.0,0.564564715724718,0.02564124913986729,0.021408148406960793,-0.2411933081503778,-0.00019226721606016255,0.1499143215352795,0.0076494099550691065
T3_loading_history,13,4,1.0,raw_driver,5.101750382863082e-09,3522.061578982592,1.6047439292693302,1.60474392926933,0.003063771526725923,0.009165346964099225,0.01635170679794208,0.9999999999999999,0.001058652199982267,-0.2948605647168669,-0.0004686541063107281,0.1328460424542818,0.013315585220655774
T3_loading_history,13,4,1.0,raw_cyclemax_driver,5.101750382863082e-09,3522.061578982592,1.6047566791953243,1.604756679195324,0.003064058131713898,0.009167679420822833,0.016356019784709495,0.9999999999999999,0.001058652199982267,-0.2948581255930619,-0.00046865615295564616,0.1328483330854992,0.013315534319288728
T3_loading_history,13,4,1.0,active_driver,5.101750382863082e-09,1.3180952454576074,0.003833297358692015,0.0038332973586920147,0.0030084842433377905,0.009117441669566392,0.01528807182127137,0.9999999999999999,0.01433558854837248,0.21467917393151195,-0.00014143612439297912,0.1748453252479329,0.2718917258537781
T3_loading_history,14,4,1.0,damage,0.0,0.9996084148390867,0.00832303827038983,0.008323038270389828,0.0,0.0,0.34421915417124693,0.025781681569752836,0.02033339389319123,-0.24058696012510322,-0.0001972637317269716,0.1503314314601808,0.00685159204936939
T3_loading_history,14,4,1.0,history,0.0005593766271023526,2.0267476527260975,0.05435890192799573,0.05435890192799572,0.04642295282402683,0.12819297534034968,0.21642700600579037,0.9999999999999999,0.5789532504988856,0.21202005915584582,-0.00014504716705631557,0.17546982756167923,0.2736955453069948
T3_loading_history,14,4,1.0,fatigue_degradation_deficit,0.0,0.8269165986304418,0.00043598181102050417,0.0004359818110205041,0.0,0.0,0.0,0.0014314082922763506,0.001377587474014344,-0.008841543711316424,-0.008852291676171275,0.10993101263467012,0.06659176392012624
T3_loading_history,14,4,1.0,ordinary_degradation_deficit,0.0,0.9999997273974431,0.011159165133586316,0.011159165133586314,0.0,0.0,0.5687251488527174,0.025781681569752836,0.021525759472810258,-0.23971261780857778,-0.00019225421165110495,0.15077474049368025,0.007657063473151854
T3_loading_history,14,4,1.0,raw_driver,5.2802094757642935e-09,3534.6129041415443,1.6165535607170842,1.616553560717084,0.0029701407998758552,0.00917789790604288,0.01639403842373474,0.9999999999999999,0.00106277005260376,-0.293591002693078,-0.00046490267693484824,0.13354677190517675,0.01322682798911059
T3_loading_history,14,4,1.0,raw_cyclemax_driver,5.2802094757642935e-09,3534.6129041415443,1.6165649660913584,1.6165649660913581,0.0029701407998758552,0.00917789790604288,0.016421342738287246,0.9999999999999999,0.00106277005260376,-0.29358882838232114,-0.00046490175657244964,0.13354880960074908,0.013226783138720014
T3_loading_history,14,4,1.0,active_driver,5.2802094757642935e-09,1.322970156050917,0.0038134827710274628,0.0038134827710274623,0.0029170790577518983,0.0091208095739714,0.015280252573287634,0.9999999999999999,0.014233478553390477,0.21599334816850893,-0.00013628090639926726,0.17425162122248147,0.27176484825072844
T3_loading_history,15,4,1.0,damage,0.0,0.9996084148390867,0.008368600045133012,0.00836860004513301,0.0,0.0,0.3468779518716666,0.025880527416169963,0.020455040548987214,-0.23915255804976387,-0.00019632596383356072,0.1511720012789985,0.006859019293764533
T3_loading_history,15,4,1.0,history,0.00055941545991875,2.085534789989881,0.058101048061636976,0.05810104806163697,0.049539147000546416,0.13724218096663482,0.23151854068715952,0.9999999999999999,0.5817447492209074,0.21275277699715422,-0.0001453839152245713,0.1749273289872374,0.27368290511370086
T3_loading_history,15,4,1.0,fatigue_degradation_deficit,0.0,0.831490379212334,0.0004956213890150116,0.0004956213890150115,0.0,0.0,0.0,0.0016815829411810893,0.0015959127852916669,-0.004598460079250738,-0.009771520097555286,0.11005817886549814,0.06985762966684557
T3_loading_history,15,4,1.0,ordinary_degradation_deficit,0.0,0.9999997273974431,0.011221065470867191,0.01122106547086719,0.0,0.0,0.5722627312349832,0.025880527416169963,0.02167049604541246,-0.23825725459110272,-0.00019176833833532995,0.15162448135526838,0.007666781199821627
T3_loading_history,15,4,1.0,raw_driver,5.520245210678112e-09,3546.725106863362,1.6284120052012896,1.6284120052012894,0.0028790467073314665,0.009185702535760589,0.016299253137692163,0.9999999999999999,0.0010759950839594004,-0.29231518425493336,-0.0004613688799909539,0.1342515086608658,0.013138527430523636
T3_loading_history,15,4,1.0,raw_cyclemax_driver,5.520245210678112e-09,3546.725106863362,1.628423733538839,1.6284237335388387,0.0028790467073314665,0.009185702535760589,0.016347434562515792,0.9999999999999999,0.0010759950839594004,-0.2923129537512844,-0.0004613649211244774,0.13425359792435743,0.013138482264739886
T3_loading_history,15,4,1.0,active_driver,5.520245210678112e-09,1.3278873712272605,0.0037937148097622717,0.0037937148097622712,0.002818262243123674,0.009121139337743125,0.015287176650274334,0.9999999999999999,0.013925264843574465,0.21730311280158937,-0.00014633332889544206,0.17366278520872222,0.2716341256133757
T3_loading_history,16,4,1.0,damage,0.0,0.9996084148390867,0.008416896413247913,0.008416896413247912,0.0,0.0,0.347299116186074,0.026056849056744033,0.02057730134714037,-0.2376303232888997,-0.00019614125436204612,0.15206590776909595,0.006865203298512854
T3_loading_history,16,4,1.0,history,0.0005594523184181126,2.1482527441833428,0.061821374913604114,0.06182137491360411,0.052615885730258535,0.14651260061193105,0.24817657640288965,0.9999999999999999,0.584046019020722,0.21348472871396892,-0.00014672624732104937,0.17440804707237442,0.2736638071278248
T3_loading_history,16,4,1.0,fatigue_degradation_deficit,0.0,0.8376878568251324,0.00055951802783121,0.0005595180278312099,0.0,0.0,0.0,0.0019036353661041696,0.0018305990036058526,-0.0003427240646126839,-0.01087448874105413,0.11069564424549047,0.07354605920158659
T3_loading_history,16,4,1.0,ordinary_degradation_deficit,0.0,0.9999997273974431,0.01128588286117344,0.011285882861173439,0.0,0.0,0.5728333628050343,0.026056849056744033,0.021788708446619738,-0.23673071023105366,-0.0001918930053029107,0.15251864089353906,0.007675211372817257
T3_loading_history,16,4,1.0,raw_driver,5.8494359921846205e-09,3559.6769190504297,1.6414168504082676,1.6414168504082673,0.0027694828502897,0.009158273705057528,0.01635107153428214,0.9999999999999999,0.001079920224287557,-0.29091218845169525,-0.0004575807160193021,0.13502637944555318,0.013042297071165478
T3_loading_history,16,4,1.0,raw_cyclemax_driver,5.8494359921846205e-09,3559.6769190504297,1.6414298401837994,1.6414298401837992,0.002770722316369204,0.009158273705057528,0.01638501878577195,0.9999999999999999,0.001079920224287557,-0.2909097277618345,-0.000457575699883428,0.13502867845832045,0.013042248346895276
T3_loading_history,16,4,1.0,active_driver,5.8494359921846205e-09,1.3332186448515224,0.0037719553189343594,0.003771955318934359,0.0027632067028539667,0.009106935454875635,0.015314409819650973,0.9999999999999999,0.013913665398170984,0.21874400033791697,-0.00016344558958489498,0.17301906626242947,0.2714882253439333
T3_loading_history,17,4,1.0,damage,0.0,0.9996084148390867,0.008447216362890728,0.008447216362890727,0.0,0.0,0.3479888089700423,0.026201318987836165,0.02066012306148623,-0.2368361467817586,-0.00020252743791223594,0.15249146873548955,0.006883067810010113
T3_loading_history,17,4,1.0,history,0.0005594885209545936,2.2120983982173446,0.06552997948347607,0.06552997948347605,0.05567892470209469,0.15577062713442327,0.26358372509953926,0.9999999999999999,0.5842279794618057,0.21417413998478088,-0.00014839051525240512,0.17393039481238134,0.27365296270465045
T3_loading_history,17,4,1.0,fatigue_degradation_deficit,0.0,0.8435482343289853,0.0006288446126993427,0.0006288446126993426,0.0,0.0,0.0,0.002190155528237759,0.002108337844988707,0.0036105379497602666,-0.01189757034947346,0.1112829184563782,0.07678367892091728
T3_loading_history,17,4,1.0,ordinary_degradation_deficit,0.0,0.9999997273974431,0.0113282208271846,0.011328220827184599,0.0,0.0,0.5737313390086701,0.026201318987836165,0.021886982703714565,-0.23592448142493963,-0.0002002536635905983,0.15294375991088377,0.007697160809514277
T3_loading_history,17,4,1.0,raw_driver,5.978811693912187e-09,3564.0676732723437,1.6458481211680347,1.6458481211680345,0.0027483154615338505,0.009155238621584613,0.016346681489163933,0.9999999999999999,0.00108384497510371,-0.29043820519726055,-0.0004563107851449152,0.13528493582917314,0.013009452594749477
T3_loading_history,17,4,1.0,raw_cyclemax_driver,5.978811693912187e-09,3564.0676732723437,1.645848504186989,1.6458485041869888,0.0027483154615338505,0.009155238621584613,0.016346681489163933,0.9999999999999999,0.00108384497510371,-0.2904381325014449,-0.0004563105787756851,0.13528500401612586,0.01300945112245804
T3_loading_history,17,4,1.0,active_driver,5.978811693912187e-09,1.3350495837239658,0.0037624369568058855,0.003762436956805885,0.002728086731589481,0.009101776342174475,0.015287107043702647,0.9999999999999999,0.013776197800757516,0.21934259541613155,-0.00017170215892641714,0.17278729595025283,0.271508846043644
T3_loading_history,18,4,1.0,damage,0.0,0.9996084148390867,0.008508996198302908,0.008508996198302907,0.0,0.0,0.3485559439204209,0.026386763914110017,0.020809553509041345,-0.23490300445853343,-0.00020371485230695057,0.15361368315387094,0.006897815123289565
T3_loading_history,18,4,1.0,history,0.0005595224686044114,2.279776975395648,0.0692150072093059,0.06921500720930589,0.058345002918198004,0.16521228745183472,0.2790333056476466,0.9999999999999999,0.5846757560573108,0.2148760736104381,-0.0001512289158521465,0.17346017638453015,0.273627698648647
T3_loading_history,18,4,1.0,fatigue_degradation_deficit,0.0,0.8493186466542613,0.0007030726394921992,0.0007030726394921991,0.0,0.0,0.0,0.0024820848008172197,0.0023646363086331987,0.007564799205508088,-0.012985200526706188,0.11206041338205035,0.08006378300727907
T3_loading_history,18,4,1.0,ordinary_degradation_deficit,0.0,0.9999997273974431,0.011411653350192012,0.01141165335019201,0.0,0.0,0.5744972601250059,0.026386763914110017,0.022059149943398002,-0.23397544456626898,-0.00020206987242729206,0.1540708608769733,0.007716220469715717
T3_loading_history,18,4,1.0,raw_driver,6.507055242072415e-09,3579.5484999360447,1.6619536731470008,1.6619536731470006,0.002644560236514602,0.009136775192723719,0.016263316657085455,0.9999999999999999,0.001091738320568671,-0.2886949626323141,-0.0004518376590852233,0.13624871105152597,0.012891795955015545
T3_loading_history,18,4,1.0,raw_cyclemax_driver,6.507055242072415e-09,3579.5484999360447,1.661972887076076,1.6619728870760757,0.002644560236514602,0.009136775192723719,0.01633427126869011,0.9999999999999999,0.001091738320568671,-0.28869134135212027,-0.00045182906978664543,0.13625208616398973,0.012891725905213583
T3_loading_history,18,4,1.0,active_driver,6.507055242072415e-09,1.3414647508311337,0.003736142309831063,0.0037361423098310627,0.0025950226626550183,0.009078589542600296,0.015313811422931325,0.9999999999999999,0.013384813535393784,0.22108913259766733,-0.00019698110985058478,0.17200529758901723,0.27130306946273497
T3_loading_history,19,4,1.0,damage,0.0,0.9996084148390867,0.008568514876048013,0.008568514876048011,0.0,0.0,0.348960724196891,0.026602656185643475,0.020963498372069577,-0.2330340181340186,-0.00020582747141533296,0.15470411279562093,0.006913582895923967
T3_loading_history,19,4,1.0,history,0.0005595543676414276,2.405036595633846,0.07287360515403007,0.07287360515403006,0.060881948616355035,0.17427114144390995,0.29616203713328937,0.9999999999999999,0.5840317356675624,0.21559501561498062,-0.00015471597413581898,0.17299708258181548,0.27359688502520746
T3_loading_history,19,4,1.0,fatigue_degradation_deficit,0.0,0.8549457658644037,0.0007811277934784397,0.0007811277934784396,0.0,0.0,0.0,0.002812806257041169,0.0026569017006889076,0.011372180454238783,-0.014056661610727642,0.11292735026018838,0.08315223736645715
T3_loading_history,19,4,1.0,ordinary_degradation_deficit,0.0,0.9999997273974431,0.011491521434348648,0.011491521434348647,0.0,0.0,0.5750155412388873,0.026602656185643475,0.02221655073959064,-0.2321029849124146,-0.0002048237024935416,0.1551596290355902,0.007736991753049425
T3_loading_history,19,4,1.0,raw_driver,7.11153938067941e-09,3594.268730233606,1.677565993077923,1.6775659930779228,0.002540156790347193,0.009140469155790927,0.016301626270366937,0.9999999999999999,0.0010996873096899649,-0.28700378113868175,-0.00044766516481206604,0.13718148347139492,0.012778466053344754
T3_loading_history,19,4,1.0,raw_cyclemax_driver,7.11153938067941e-09,3594.268730233606,1.67758476748477,1.6775847674847697,0.002540156790347193,0.009140469155790927,0.016328560725341293,0.9999999999999999,0.0010996873096899649,-0.28700025367932097,-0.00044765886784006964,0.13718476833490614,0.012778399053246877
T3_loading_history,19,4,1.0,active_driver,7.11153938067941e-09,1.347498906786285,0.0037105632241605517,0.0037105632241605513,0.002540156790347193,0.009084305154115263,0.01534505669499766,0.9999999999999999,0.013400845017508933,0.22278731244307362,-0.00021546671055264918,0.17125085495330353,0.2710949764617395
T3_loading_history,20,4,1.0,damage,0.0,0.9996084148390867,0.00861756840603396,0.008617568406033959,0.0,0.0,0.34990944720107847,0.026733860958228536,0.021088879760779035,-0.23150517699276588,-0.00020512863767568648,0.15558621965375005,0.00694028042146614
T3_loading_history,20,4,1.0,history,0.0005595848702834062,2.5355267478171237,0.07651051543625442,0.07651051543625441,0.06355586495311016,0.18315902187555577,0.3122718487159313,0.9999999999999999,0.5831325041341697,0.21631115195840153,-0.00015834575410631112,0.17254980543797388,0.27356843342077264
T3_loading_history,20,4,1.0,fatigue_degradation_deficit,0.0,0.8603232993561882,0.0008635382080316794,0.0008635382080316793,0.0,0.0,0.0,0.0031604039679811466,0.0029742719098049203,0.01512509887799626,-0.015203863822457964,0.11404060286261683,0.0863028444994571
T3_loading_history,20,4,1.0,ordinary_degradation_deficit,0.0,0.9999997273974431,0.011557995693230605,0.011557995693230603,0.0,0.0,0.5761631632038273,0.026733860958228536,0.02233784389086934,-0.23055625066470029,-0.000204096409818474,0.15604877743463683,0.007771488596893214
T3_loading_history,20,4,1.0,raw_driver,6.799955085991238e-09,3604.627082527003,1.6887262230937867,1.6887262230937865,0.0025056333174789842,0.009150227051618116,0.016329762906172482,0.9999999999999999,0.0011036738412779398,-0.28579824092182554,-0.0004447628946437541,0.1378436307432208,0.012698085246656247
T3_loading_history,20,4,1.0,raw_cyclemax_driver,6.799955085991238e-09,3604.627082527003,1.6887377550515807,1.6887377550515805,0.0025056333174789842,0.009150227051618116,0.016355707343546688,0.9999999999999999,0.0011036738412779398,-0.285796074836222,-0.0004447595756290482,0.1378456523806351,0.012698043810691548
T3_loading_history,20,4,1.0,active_driver,6.799955085991238e-09,1.3517066614310778,0.003691035669330481,0.0036910356693304804,0.0024995027029681757,0.009088225964792744,0.015291753079858098,0.9999999999999999,0.013261713245739395,0.22406254890846564,-0.00022573897265436806,0.17070980169713018,0.27098891709033013
T3_loading_history,21,4,1.0,damage,0.0,0.9996084148390867,0.008675378161189934,0.008675378161189932,0.0,0.0,0.35604228250829323,0.026956537655399723,0.02124982144590292,-0.2296930747101787,-0.0002062374735821587,0.1566396583405267,0.006968446363590391
T3_loading_history,21,4,1.0,history,0.0005596137490714431,2.666495296750462,0.08012415337598564,0.08012415337598562,0.06622354967570893,0.19226427295136844,0.3285815327491528,0.9999999999999999,0.582429156278673,0.2170311358649365,-0.00016205207335181801,0.17211182623551555,0.2735360591239353
T3_loading_history,21,4,1.0,fatigue_degradation_deficit,0.0,0.8655093950563654,0.0009516749983845828,0.0009516749983845827,0.0,0.0,0.0,0.005004581145300608,0.003319540096924589,0.019421667992165114,-0.015698143170582213,0.1163038219712181,0.09105799764243519
T3_loading_history,21,4,1.0,ordinary_degradation_deficit,0.0,0.9999997273974431,0.011636843263929827,0.011636843263929825,0.0,0.0,0.5840907299905045,0.026956537655399723,0.02250592652430631,-0.22871212028780022,-0.00020557586247948317,0.15711622034535294,0.0078078504729425895
T3_loading_history,21,4,1.0,raw_driver,6.506847404276776e-09,3617.1065747255784,1.7024344032292986,1.7024344032292984,0.0024481125429326104,0.009157731734960005,0.016267685246452154,0.9999999999999999,0.0011116390544905319,-0.284310816560864,-0.0004412748383765155,0.13866297594763474,0.012600032567624665
T3_loading_history,21,4,1.0,raw_cyclemax_driver,6.506847404276776e-09,3617.1065747255784,1.7024499336803063,1.702449933680306,0.002449002378819046,0.009157731734960005,0.016287818788930847,0.9999999999999999,0.0011116390544905319,-0.2843079113937112,-0.00044127145118624144,0.13866567963963242,0.012599978594915573
T3_loading_history,21,4,1.0,active_driver,6.506847404276776e-09,1.3567276756246924,0.0036673916851433694,0.003667391685143369,0.0023949301809638914,0.009095171281744606,0.015237584569472634,0.9999999999999999,0.01312852620820179,0.22561012047499776,-0.00023502041520379025,0.17005345498779323,0.2708429371735053
T3_loading_history,22,4,1.0,damage,0.0,0.9996084148390867,0.008729414782138721,0.00872941478213872,0.0,0.0,0.36265849721147836,0.02715223422489338,0.021384617445885462,-0.2279990188521998,-0.00020391455556353796,0.15762477475457612,0.006993102192864145
T3_loading_history,22,4,1.0,history,0.0005596411163079442,2.7979186588211666,0.08371422175862243,0.08371422175862242,0.068830841515692,0.2015757533937929,0.3451004068294514,0.9999999999999999,0.5808995247203026,0.2177545592325297,-0.0001654407098927175,0.17168269328612168,0.2735014934925002
T3_loading_history,22,4,1.0,fatigue_degradation_deficit,0.0,0.8704775745599418,0.0010603904252452488,0.0010603904252452485,0.0,0.0,0.0,0.0054054761629633696,0.0052093999428780196,0.030422905827225018,-0.008941318103910767,0.12989057141307944,0.11214979103305128
T3_loading_history,22,4,1.0,ordinary_degradation_deficit,0.0,0.9999997273974431,0.011709317725371466,0.011709317725371465,0.0,0.0,0.5925872981387436,0.02715223422489338,0.02262105832006349,-0.22701596226454596,-0.00020282196553720203,0.158099334333786,0.007840061277447831
T3_loading_history,22,4,1.0,raw_driver,6.330260464297214e-09,3629.17596556313,1.7158827647129105,1.7158827647129102,0.002351120819582582,0.009156366299496312,0.016370803537889167,0.9999999999999999,0.0011156121022836924,-0.2828489913987419,-0.00043790699244132715,0.1394683114719381,0.01250454867391033
T3_loading_history,22,4,1.0,raw_cyclemax_driver,6.330260464297214e-09,3629.17596556313,1.7158984085854707,1.7158984085854705,0.0023511813589019593,0.009159610448446653,0.01642502438081639,0.9999999999999999,0.0011156121022836924,-0.282846071591405,-0.0004379046442379455,0.13947102809719494,0.012504495122107369
T3_loading_history,22,4,1.0,active_driver,6.330260464297214e-09,1.3614777417204187,0.0036443655690047267,0.0036443655690047263,0.002293197060525813,0.009099323039479242,0.015282467463633686,0.9999999999999999,0.012982750050695106,0.22711863926215117,-0.0002354994597678141,0.16941564182717345,0.27068984497391735
T3_loading_history,23,4,1.0,damage,0.0,0.9996084148390867,0.00878050736189354,0.008780507361893538,0.0,0.0,0.3658364188252382,0.02739172327141322,0.021536368569985774,-0.22641407520073856,-0.00020697491559710897,0.1585302153678234,0.007024430437992385
T3_loading_history,23,4,1.0,history,0.00055966735112907,2.929694013022404,0.08728383095821741,0.0872838309582174,0.07133054448230838,0.2106789136713893,0.36076694902838125,0.9999999999999999,0.5790572424060876,0.21847137101191383,-0.000168519782644914,0.17126647395834013,0.2734688170208004
T3_loading_history,23,4,1.0,fatigue_degradation_deficit,0.0,0.8751900765010058,0.0011732230858009618,0.0011732230858009615,0.0,0.0,0.0,0.005814138468751465,0.005604009265462178,0.03944494956227534,-0.004177876726120357,0.13878510275886816,0.12587939277555135
T3_loading_history,23,4,1.0,ordinary_degradation_deficit,0.0,0.9999997273974431,0.01177920175125958,0.011779201751259578,0.0,0.0,0.596564191515981,0.02739172327141322,0.02276403657952525,-0.22539928805632728,-0.00020677630442198094,0.1590178915026689,0.007879844674734682
T3_loading_history,23,4,1.0,raw_driver,6.264522164554887e-09,3638.5245700124497,1.726491495865674,1.7264914958656739,0.002268010043352582,0.009141759823407838,0.01636409388569949,0.9999999999999999,0.001119581484114676,-0.2816957356204688,-0.0004352909274134323,0.14010255449544065,0.012429663414228768
T3_loading_history,23,4,1.0,raw_cyclemax_driver,6.264522164554887e-09,3638.5245700124497,1.7265004400289237,1.7265004400289234,0.002268010043352582,0.009142996233286002,0.01636568751254494,0.9999999999999999,0.001119581484114676,-0.28169406810518977,-0.0004352900093180804,0.1401041071515285,0.012429632755364458
T3_loading_history,23,4,1.0,active_driver,6.264522164554887e-09,1.3651537387598205,0.003625195067627237,0.0036251950676272366,0.00220929411119211,0.009099465411451735,0.015216925879262704,0.9999999999999999,0.012878407191386663,0.22835780443149065,-0.0002351116086246849,0.16891284515217456,0.27060288834053126
T3_loading_history,24,4,1.0,damage,0.0,0.9996084148390867,0.008838036448070323,0.008838036448070321,0.0,0.0,0.3711450724444454,0.027534120176703876,0.02167210615704447,-0.22461687692276472,-0.0002084046031412401,0.159568127562306,0.00705115831900962
T3_loading_history,24,4,1.0,history,0.0005596921881102785,3.0619243798067464,0.09083020307964089,0.09083020307964088,0.0735134373387718,0.21929893360195138,0.37664398622416717,0.9999999999999999,0.5780005901619141,0.2191909445296927,-0.0001715934136590592,0.17085663912991741,0.273431958971739
T3_loading_history,24,4,1.0,fatigue_degradation_deficit,0.0,0.8796766432328244,0.001290596291420551,0.0012905962914205509,0.0,0.0,0.0,0.006232426960407367,0.005991031537910431,0.046996382116953485,-0.0009042218900584073,0.14482371240169986,0.1355560943532497
T3_loading_history,24,4,1.0,ordinary_degradation_deficit,0.0,0.9999997273974431,0.011856563695390367,0.011856563695390366,0.0,0.0,0.6035279196743173,0.027534120176703876,0.02290479648590718,-0.22359591825608416,-0.0002085613482051529,0.1600552372252398,0.00791432630901821
T3_loading_history,24,4,1.0,raw_driver,6.26869225546999e-09,3650.469148879847,1.7404550776925864,1.7404550776925862,0.0021492251456737867,0.00916193941872326,0.01636324083244009,0.9999999999999999,0.0011275015976853916,-0.28017336773635143,-0.0004319325007475268,0.14094146296442975,0.01233182320955636
T3_loading_history,24,4,1.0,raw_cyclemax_driver,6.26869225546999e-09,3650.469148879847,1.7404718275152886,1.7404718275152884,0.0021514887231087274,0.00916193941872326,0.0163742417678369,0.9999999999999999,0.0011275015976853916,-0.28017025512425003,-0.00043193071538922797,0.14094435620353485,0.012331767491831583
T3_loading_history,24,4,1.0,active_driver,6.26869225546999e-09,1.369922670896654,0.0036012544353215513,0.003601254435321551,0.0021030392871624424,0.009081439748888625,0.015244329346517968,0.9999999999999999,0.012765826821517461,0.22992236748581754,-0.00024145216278093374,0.16826255645277644,0.2704389623771845
T3_loading_history,25,4,1.0,damage,0.0,0.9996084148390867,0.008895057932006234,0.008895057932006232,0.0,0.0,0.37806171413496575,0.02773330732181346,0.021797504776442402,-0.2228429717507232,-0.00020848021064031995,0.1605844826721617,0.007081646926316618
T3_loading_history,25,4,1.0,history,0.0005597158396089545,3.1945554677759134,0.09435349828722685,0.09435349828722683,0.07560531196907459,0.22859575600648782,0.3923866259298016,0.9999999999999999,0.5768013682902249,0.2199111191104299,-0.00017463738299924913,0.17045480806488156,0.2733949813916205
T3_loading_history,25,4,1.0,fatigue_degradation_deficit,0.0,0.883924836043674,0.0014125718057147244,0.0014125718057147242,0.0,0.0,0.0,0.006689251137848712,0.006437263322855883,0.05345695581808395,0.00119711988003603,0.14907887395485248,0.14278348363785476
T3_loading_history,25,4,1.0,ordinary_degradation_deficit,0.0,0.9999997273974431,0.011933673232658044,0.011933673232658043,0.0,0.0,0.6118491943846882,0.02773330732181346,0.02306839310448343,-0.2218063851276491,-0.00020876461565630408,0.16107601500312663,0.00795314999157947
T3_loading_history,25,4,1.0,raw_driver,6.355132204354251e-09,3660.981113597373,1.753039778612308,1.7530397786123078,0.0020639265359238745,0.00913527414882151,0.01636680701195803,0.9999999999999999,0.001135383461148927,-0.2787986461923059,-0.0004289818259170893,0.1416985956848029,0.012244184906376679
T3_loading_history,25,4,1.0,raw_cyclemax_driver,6.355132204354251e-09,3660.981113597373,1.7530540253393607,1.7530540253393605,0.0020656210254701027,0.00913527414882151,0.016420599472863742,0.9999999999999999,0.001135383461148927,-0.27879600295495205,-0.0004289804381780529,0.14170105352910417,0.012244138140786858
T3_loading_history,25,4,1.0,active_driver,6.355132204354251e-09,1.3741236665611027,0.003578894260816265,0.0035788942608162644,0.0020206499256849295,0.009049027463263151,0.015270383811463811,0.9999999999999999,0.012778386466580853,0.23137224820621316,-0.0002471676003160975,0.16767759967089868,0.27031580550773654
T3_loading_history,26,4,1.0,damage,0.0,0.9996084148390867,0.008952322548032679,0.008952322548032677,0.0,0.0,0.38377917737972517,0.027930998763341243,0.021945895907107583,-0.22106042176428845,-0.0002128344449171184,0.16160738579215875,0.0071152267246074145
T3_loading_history,26,4,1.0,history,0.0005597383043535784,3.3276044307948744,0.0978535335232152,0.09785353352321519,0.07752005109048718,0.23769971644487542,0.40999574092038304,0.9999999999999999,0.5754397013690854,0.22063259690806641,-0.00017767193165083264,0.17005935908407988,0.27335585085430236
T3_loading_history,26,4,1.0,fatigue_degradation_deficit,0.0,0.8879572605128128,0.0015468384764255759,0.0015468384764255757,0.0,0.0,0.0,0.007205013923148391,0.0068934177919807525,0.06096654863738242,0.004630969293018462,0.1543169415474704,0.15138138472311166
T3_loading_history,26,4,1.0,ordinary_degradation_deficit,0.0,0.9999997273974431,0.012010980425306529,0.012010980425306527,0.0,0.0,0.6191102838356141,0.027930998763341243,0.023221095677980436,-0.22001121669250984,-0.00021422817132924206,0.16210179199573022,0.00799622976527128
T3_loading_history,26,4,1.0,raw_driver,6.529577107783136e-09,3671.91704164585,1.7664401429125023,1.766440142912502,0.0019765396380057028,0.009133937202906717,0.01635629640691172,0.9999999999999999,0.0011393168942163525,-0.27733407863170567,-0.00042597506037182314,0.1425051492166008,0.012151548450691893
T3_loading_history,26,4,1.0,raw_cyclemax_driver,6.529577107783136e-09,3671.91704164585,1.7664550014422953,1.766455001442295,0.0019778318498210284,0.009133937202906717,0.016417363801847842,0.9999999999999999,0.0011393168942163525,-0.27733132959094364,-0.0004259739215936647,0.14250770221109973,0.01215150046546116
T3_loading_history,26,4,1.0,active_driver,6.529577107783136e-09,1.3785080348520633,0.0035559450362793437,0.0035559450362793433,0.0019325906826535054,0.009082041509383763,0.015238149971737142,0.9999999999999999,0.012642665819756593,0.2328688432357375,-0.0002532551214066852,0.16706615661309054,0.27015006817841797
T3_loading_history,27,4,1.0,damage,0.0,0.9996084148390867,0.009009076875281697,0.009009076875281696,0.0,0.0,0.38897414518469287,0.028141984846695785,0.02207802785751212,-0.21929264218189773,-0.00021273067300900584,0.16262314281513998,0.007154880448529506
T3_loading_history,27,4,1.0,history,0.0005597596876421181,3.461063477686926,0.10132994793792598,0.10132994793792596,0.0792356816278596,0.24652377851295107,0.4254405373220536,0.9999999999999999,0.574085911572378,0.22135560670427387,-0.0001814220604666947,0.16967002854405078,0.27331535886302705
T3_loading_history,27,4,1.0,fatigue_degradation_deficit,0.0,0.8917763339391803,0.0016931570369327642,0.001693157036932764,0.0,0.0,0.0,0.00774013371195173,0.007401506237628109,0.06908137097748711,0.008821934005360096,0.15987307330304804,0.16044990256439742
T3_loading_history,27,4,1.0,ordinary_degradation_deficit,0.0,0.9999997273974431,0.012087032113521667,0.012087032113521665,0.0,0.0,0.6253823617464308,0.028141984846695785,0.023361312624567407,-0.2182431863748952,-0.00021374178337115116,0.1631144872707014,0.008047575513839292
T3_loading_history,27,4,1.0,raw_driver,6.768264072992802e-09,3682.271364983255,1.7797184895049325,1.7797184895049323,0.0018877892824056032,0.00914638207634462,0.016402591335020533,0.9999999999999999,0.001147211810222179,-0.2758757926065268,-0.000423183749701893,0.14330936139082256,0.012060161054785669
T3_loading_history,27,4,1.0,raw_cyclemax_driver,6.768264072992802e-09,3682.271364983255,1.7797348185526127,1.7797348185526125,0.0018889700386454382,0.009149741905563724,0.016450143394106213,0.9999999999999999,0.001147211810222179,-0.27587277626427303,-0.0004231809347363817,0.14331216378881395,0.012060108911195924
T3_loading_history,27,4,1.0,active_driver,6.768264072992802e-09,1.3828600237995474,0.003532508551985111,0.0035325085519851106,0.0018431314818587881,0.00909397088556027,0.015243570876590451,0.9999999999999999,0.012530229371299351,0.23438953169629934,-0.00028045236773763157,0.166459865045486,0.27000388714883067
T3_loading_history,28,4,1.0,damage,0.0,0.9996084148390867,0.009077266489549369,0.009077266489549367,0.0,0.0,0.39707596460216904,0.02836702249929834,0.022262012222177108,-0.2171794649519969,-0.00021609058660557613,0.16382567714985052,0.007202439759674633
T3_loading_history,28,4,1.0,history,0.0005597798855633257,3.594983567079188,0.10478016726030648,0.10478016726030646,0.08112829117471602,0.25573339095013153,0.4409421803402889,0.9999999999999999,0.5732839878790382,0.22208552813117682,-0.00018553429165177362,0.169284074436741,0.27327153892206923
T3_loading_history,28,4,1.0,fatigue_degradation_deficit,0.0,0.895396047022462,0.0018440901370767894,0.0018440901370767892,0.0,0.0,0.0,0.008309993090968875,0.007934787847222489,0.07591692061695834,0.011665325443969723,0.16372823820951157,0.16724117225330556
T3_loading_history,28,4,1.0,ordinary_degradation_deficit,0.0,0.9999997273974431,0.012179457529053387,0.012179457529053386,0.0,0.0,0.6352655944395703,0.02836702249929834,0.023562406693469266,-0.2161067533457126,-0.000217369947558701,0.16432478845970952,0.008108168993781148
T3_loading_history,28,4,1.0,raw_driver,7.147407157391452e-09,3694.1122079045126,1.795128667081465,1.7951286670814648,0.0017969892181989738,0.009136646320050568,0.016348503016821822,0.9999999999999999,0.0011551688990724856,-0.2741846370731197,-0.0004201209555768523,0.1442418578548792,0.011955132017615229
T3_loading_history,28,4,1.0,raw_cyclemax_driver,7.147407157391452e-09,3694.1122079045126,1.7951490330128672,1.795149033012867,0.001798072734760263,0.009142145329248487,0.016433410642184502,0.9999999999999999,0.0011551688990724856,-0.274180887580311,-0.00042011776753728846,0.14424533523256505,0.011955068532171166
T3_loading_history,28,4,1.0,active_driver,7.147407157391452e-09,1.3877201460173874,0.003506012117806445,0.0035060121178064445,0.001765939506003021,0.009055367860320879,0.015244056207101724,0.9999999999999999,0.012524701160600126,0.2361137184061084,-0.00029935253422783224,0.1657705032426364,0.26980907354129197
T3_loading_history,29,4,1.0,damage,0.0,0.9996084148390867,0.009134185799394224,0.009134185799394222,0.0,0.0,0.4033832538040087,0.02851572073766822,0.022399504487125355,-0.21541577892563196,-0.00022355242438855193,0.1648296894380759,0.007255970306032983
T3_loading_history,29,4,1.0,history,0.0005597991962021489,3.7292612539142644,0.10820692576859277,0.10820692576859275,0.08290229419697093,0.2651562452712619,0.45667639424014894,0.9999999999999999,0.5718081014815523,0.22281463917728958,-0.00018975523650863546,0.16890525215801547,0.2732290565231264
T3_loading_history,29,4,1.0,fatigue_degradation_deficit,0.0,0.8988193006862726,0.00200054894483025,0.0020005489448302496,0.0,0.0,0.0,0.008907207784701783,0.008513110266132289,0.0817304144179212,0.013478837080225086,0.16638550419234155,0.1724233561705499
T3_loading_history,29,4,1.0,ordinary_degradation_deficit,0.0,0.9999997273974431,0.012256677509472255,0.012256677509472253,0.0,0.0,0.6426210019463449,0.02851572073766822,0.02372004161725029,-0.2143218340487456,-0.00022671458425980008,0.16533684025918366,0.008176736913898981
T3_loading_history,29,4,1.0,raw_driver,7.519008358468425e-09,3703.313500636527,1.8074019121461469,1.8074019121461466,0.0017308585897503866,0.009127311801546481,0.016382361624125513,0.9999999999999999,0.0011591616871677141,-0.27283653721256634,-0.00041780851472972616,0.1449839699436998,0.011872000086181413
T3_loading_history,29,4,1.0,raw_cyclemax_driver,7.519008358468425e-09,3703.313500636527,1.8074153714348642,1.807415371434864,0.0017308585897503866,0.00912878814183787,0.016382361624125513,0.9999999999999999,0.0011591616871677141,-0.2728340629041722,-0.000417807708685224,0.14498626540455328,0.011871958454936623
T3_loading_history,29,4,1.0,active_driver,7.519008358468425e-09,1.3914772402962559,0.0034840197140793426,0.003484019714079342,0.0017183832141829739,0.009039726707358378,0.015260493062331675,0.9999999999999999,0.012312947561900028,0.23753044501202994,-0.000311582051425702,0.16522516616333485,0.2696834442021446
T3_loading_history,30,4,1.0,damage,0.0,0.9996084148390867,0.009206076430426483,0.009206076430426481,0.0,0.0,0.40878938725651937,0.028730098879382306,0.022573016664452467,-0.21319272215755608,-0.00022775446014619297,0.166090907536559,0.007317733153441859
T3_loading_history,30,4,1.0,history,0.0005598173983443631,3.8640037800880256,0.11160631332344963,0.11160631332344961,0.08469844675547855,0.27479299813421676,0.4721300616361076,0.9999999999999999,0.5712439288583286,0.223551891883892,-0.00019411415272872854,0.16852852780327823,0.2731820164312617
T3_loading_history,30,4,1.0,fatigue_degradation_deficit,0.0,0.902053047791895,0.0021624036316728887,0.0021624036316728883,0.0,0.0,0.0,0.009576298344416284,0.00913525437181319,0.08678732636805751,0.01445237248070946,0.16822428712485263,0.17648969447650067
T3_loading_history,30,4,1.0,ordinary_degradation_deficit,0.0,0.9999997273974431,0.01235324053053149,0.012353240530531488,0.0,0.0,0.6490581734655743,0.028730098879382306,0.023905610396213375,-0.21209318407400338,-0.00023148529378915373,0.1665974279093205,0.008256014141378736
T3_loading_history,30,4,1.0,raw_driver,8.10086380944187e-09,3715.421170792706,1.8239081141567055,1.8239081141567053,0.0016644889807077594,0.009113566304380297,0.01638651854492001,0.9999999999999999,0.0011671596701003596,-0.2710134575905157,-0.0004148550842863482,0.145991798433874,0.011760845058021923
T3_loading_history,30,4,1.0,raw_cyclemax_driver,8.10086380944187e-09,3715.421170792706,1.8239311567621015,1.8239311567621013,0.0016650406245529333,0.00911891166298355,0.01638651854492001,0.9999999999999999,0.0011671596701003596,-0.2710092381416763,-0.0004148552507491379,0.14599570275049226,0.011760776894671473
T3_loading_history,30,4,1.0,active_driver,8.10086380944187e-09,1.396367985244581,0.003455344763993488,0.0034553447639934878,0.001633943728170951,0.009037139219300163,0.015197248856577285,0.9999999999999999,0.0122086120327962,0.23939262142470089,-0.0003251333227515122,0.16449897815153675,0.26947202633641876
T3_loading_history,31,4,1.0,damage,0.0,0.9996808299951295,0.009398724705222256,0.009398724705222255,0.0,0.0,0.4219215503823958,0.029348057433457933,0.0230453930436227,-0.20767556970986795,-0.000255640403672367,0.1691802639004643,0.007939210038573449
T3_loading_history,31,4,1.0,history,0.0005598314350412145,4.023071697022777,0.11614649887243345,0.11614649887243343,0.08688898220867072,0.28785770912599845,0.4931193178190386,0.9999999999999999,0.5708106600486259,0.22465653739014874,-0.00020109622766059128,0.16797006061477746,0.2731025738527804
T3_loading_history,31,4,1.0,fatigue_degradation_deficit,0.0,0.9052083235403929,0.0023731968567254056,0.002373196856725405,0.0,0.0,0.008922052035931882,0.010455878472603632,0.009992205655861574,0.0932117188038849,0.014857773320620946,0.17011303484301413,0.18132494077186612
T3_loading_history,31,4,1.0,ordinary_degradation_deficit,0.0,0.9999998217462412,0.012611967145948207,0.012611967145948205,0.0,0.0,0.6644285997619739,0.029348057433457933,0.02442318654160211,-0.20647401586122519,-0.00026760115059909864,0.16976008316713453,0.009050269161326204
T3_loading_history,31,4,1.0,raw_driver,3.5554318719014734e-09,5113.460488025253,2.540962290738836,2.5409622907388356,0.002026177428642897,0.01242858271137462,0.022086141355855616,0.9999999999999999,0.0011831641315255762,-0.26686231029432544,-0.0004092038139852758,0.14824345049192786,0.011494314124687077
T3_loading_history,31,4,1.0,raw_cyclemax_driver,6.952359360079821e-09,5113.460488025253,2.541028029705039,2.5410280297050387,0.0020275312600779418,0.012437195587014702,0.022086141355855616,0.9999999999999999,0.0011831641315255762,-0.26685372511477334,-0.00040920558030249003,0.14825121016597478,0.011494208181147448
T3_loading_history,31,4,1.0,active_driver,3.4606481762612365e-09,1.644007740969569,0.00458845109587044,0.0045884510958704395,0.002005914276678538,0.012295015327954628,0.020773534207472993,0.9999999999999999,0.017687398281026813,0.24583715312889418,-0.0003646601832701408,0.1602638131884616,0.2697125842172757
T3_loading_history,32,4,1.0,damage,0.0,0.9996821987693529,0.009520365991110242,0.00952036599111024,0.0,0.0,0.4266293199861348,0.029743841760094494,0.02336072137627557,-0.2039698681064589,-0.00026973113569941866,0.1712471560351911,0.008108172272571601
T3_loading_history,32,4,1.0,history,0.0005598437306655192,4.1821507799778,0.1206160264084963,0.12061602640849628,0.0883039519321217,0.3011356158588596,0.5129218769784195,0.9999999999999999,0.5693844489633387,0.22579108514078897,-0.00020850530456215495,0.1674203859746552,0.27303390943778627
T3_loading_history,32,4,1.0,fatigue_degradation_deficit,0.0,0.9081603586191032,0.0025846805418288836,0.002584680541828883,0.0,0.0,0.039815692312948014,0.011570363687906048,0.01089711916126381,0.09900765379317647,0.014406286551403793,0.17145315419468096,0.18535868334693728
T3_loading_history,32,4,1.0,ordinary_degradation_deficit,0.0,0.9999998232021569,0.01277681776910467,0.012776817769104668,0.0,0.0,0.6698394783836408,0.029743841760094494,0.024750205470761427,-0.20272990295875307,-0.0002842787111055388,0.17183857919597456,0.00926119051121718
T3_loading_history,32,4,1.0,raw_driver,3.5479369611417112e-09,5135.272015423735,2.5737644696858326,2.573764469685832,0.0018809549434855369,0.01236082033896859,0.021937470697782405,0.9999999999999999,0.0011952449425007667,-0.264202582020369,-0.0004061208596841377,0.14971023337585207,0.01133688143567797
T3_loading_history,32,4,1.0,raw_cyclemax_driver,3.5479369611417112e-09,5135.272015423735,2.573814621254405,2.5738146212544044,0.0018809549434855369,0.01236082033896859,0.021937470697782405,0.9999999999999999,0.0011952449425007667,-0.26419594958300385,-0.0004061207032484837,0.14971631455025403,0.011336781880072566
T3_loading_history,32,4,1.0,active_driver,3.471663716022378e-09,1.644131020148432,0.004528323363561519,0.0045283233635615185,0.001838018114642093,0.012278542721083759,0.020711561357926275,0.9999999999999999,0.01768533487237327,0.2487205238707996,-0.0003932785639375799,0.15911415669458664,0.269477569128534
T3_loading_history,33,4,1.0,damage,0.0,0.9996838380005056,0.009664755282570662,0.00966475528257066,0.0,0.0,0.4289097954023374,0.030246738158878884,0.02371517000405765,-0.19956520494050636,-0.0002844966694991534,0.17370242141763997,0.00829271005950025
T3_loading_history,33,4,1.0,history,0.0005598541153449724,4.341214229414419,0.1250153171596691,0.12501531715966907,0.0903262184132886,0.313195384016187,0.5309325910553291,0.9999999999999999,0.5678300089803195,0.2269553217210982,-0.00021623736516272299,0.1668734268913463,0.2729540491297987
T3_loading_history,33,4,1.0,fatigue_degradation_deficit,0.0,0.9108376806451635,0.002800832397872406,0.0028008323978724057,0.0,0.0,0.07184591701430276,0.012719120878181212,0.011962618948785902,0.10431450261295933,0.013274477055075756,0.17233534544044354,0.1887059740857131
T3_loading_history,33,4,1.0,ordinary_degradation_deficit,0.0,0.9999998249421306,0.012970461549541257,0.012970461549541255,0.0,0.0,0.6724786752674596,0.030246738158878884,0.025108185244514546,-0.19832103800151812,-0.00030088803240864426,0.17428774924795745,0.009491515016124873
T3_loading_history,33,4,1.0,raw_driver,3.557488515400285e-09,5161.579593826142,2.6155680858202857,2.615568085820285,0.0016959180478657368,0.01227638284243121,0.021742034625625628,0.9999999999999999,0.0012114574390701617,-0.2607857016540222,-0.0004029374685717925,0.15160686365654502,0.011138422869440693
T3_loading_history,33,4,1.0,raw_cyclemax_driver,3.557488515400285e-09,5161.579593826142,2.615642739120833,2.6156427391208323,0.0016959180478657368,0.012290604268290699,0.021742034625625628,0.9999999999999999,0.0012114574390701617,-0.26077590425913383,-0.00040294061639111004,0.15161579193823876,0.011138287742149216
T3_loading_history,33,4,1.0,active_driver,3.4521621873433774e-09,1.6440620990984702,0.004453896480197111,0.00445389648019711,0.0016346938318621794,0.01226027091135385,0.0206351420627989,0.9999999999999999,0.017625212725374147,0.25231670079008883,-0.0004194763515211788,0.15767648202738827,0.26909107222045303
T3_loading_history,34,4,1.0,damage,0.0,0.9996856489769228,0.00988872482274176,0.009888724822741758,0.0,0.0,0.44039394406223353,0.030959240639339844,0.024271313320183476,-0.19275891012762442,-0.00029200126413497844,0.17747220886447432,0.008472468819906376
T3_loading_history,34,4,1.0,history,0.000559861961727024,4.501523949645873,0.129310590674289,0.12931059067428896,0.0918473270944666,0.3258683515627747,0.5447143614554653,0.9999999999999999,0.5666872895737597,0.22819635968299457,-0.00022007805548597052,0.1663173471275464,0.27284323601299953
T3_loading_history,34,4,1.0,fatigue_degradation_deficit,0.0,0.9122656039977087,0.003004177051008563,0.0030041770510085626,0.0,0.0,0.09372973639095927,0.013756447602181423,0.01305059123797844,0.10939225937210977,0.011696769154544245,0.17335500140233304,0.19203927862204506
T3_loading_history,34,4,1.0,ordinary_degradation_deficit,0.0,0.9999998268400427,0.01327142606276168,0.013271426062761679,0.0,0.0,0.6854172300984056,0.030959240639339844,0.02565477195213409,-0.19149441511732104,-0.00030934181799763087,0.17805614221577878,0.009714325021519192
T3_loading_history,34,4,1.0,raw_driver,3.497282012590442e-09,5203.08049498677,2.6826790307860793,2.682679030786079,0.0013907150151166998,0.012255443962136986,0.021426972510537306,0.9999999999999999,0.0012394858946279072,-0.25527398189206846,-0.00039713048420673795,0.15467478507781635,0.01082302280354141
T3_loading_history,34,4,1.0,raw_cyclemax_driver,3.497282012590442e-09,5203.08049498677,2.6831933169783735,2.683193316978373,0.0014151458550028181,0.012290400458147773,0.021426972510537306,0.9999999999999999,0.0012394858946279072,-0.2552209170799235,-0.0003971687203773915,0.15470820204403712,0.010822103436827931
T3_loading_history,34,4,1.0,active_driver,3.4305264135228386e-09,1.6565927929427082,0.004334605881692087,0.004334605881692086,0.001333966089830144,0.012122195119614498,0.020567973266946704,0.9999999999999999,0.01721243043112748,0.25808331694355946,-0.0003242708112830945,0.15544882837716778,0.2683706771368264
T3_loading_history,35,4,1.0,damage,0.0,0.9996876237256312,0.010093741820623418,0.010093741820623416,0.0,0.0,0.45027904837948385,0.03158951790062585,0.024789462249023987,-0.186572681235242,-0.00028479828900994803,0.18085686030540626,0.008647571059503308
T3_loading_history,35,4,1.0,history,0.0005598681283772404,4.662589067896424,0.13349469767743843,0.1334946976774384,0.09373880027892229,0.33933957372320755,0.5562620418565238,0.9999999999999999,0.5648590373700888,0.22950356657883966,-0.00021646709687000274,0.16576704641903495,0.2727284032188144
T3_loading_history,35,4,1.0,fatigue_degradation_deficit,0.0,0.9153675017013985,0.0031905774224013,0.0031905774224012997,0.0,0.0,0.11139103074779122,0.014837354687458195,0.014014060996045003,0.11473713948924233,0.01018880252810828,0.17496158578671206,0.1960389278052488
T3_loading_history,35,4,1.0,ordinary_degradation_deficit,0.0,0.9999998290017762,0.013547462235218535,0.013547462235218534,0.0,0.0,0.6964280118131123,0.03158951790062585,0.02619754367243263,-0.1852799655409375,-0.0003043455420797113,0.18144251431078065,0.009929895191634357
T3_loading_history,35,4,1.0,raw_driver,3.521407099833728e-09,5237.7399077985865,2.7428463559458676,2.742846355945867,0.0011796742959072973,0.012217987232440136,0.02115008276103311,0.9999999999999999,0.0012634969541161969,-0.25027502706898264,-0.00039069157498790004,0.15746642348138692,0.010548873310915783
T3_loading_history,35,4,1.0,raw_cyclemax_driver,3.521407099833728e-09,5237.7399077985865,2.7429706179771087,2.7429706179771083,0.0011937423730194728,0.012249216157731377,0.02115008276103311,0.9999999999999999,0.0012634969541161969,-0.2502600075585095,-0.00039070565239102085,0.1574789151247153,0.010548720284561655
T3_loading_history,35,4,1.0,active_driver,3.46190736645061e-09,1.663955044903461,0.004227029880486825,0.004227029880486824,0.0011081918926203948,0.012117379508397277,0.02071345402649266,0.9999999999999999,0.01696678456275991,0.2632366221165473,-0.00010310033104943773,0.15357095788752612,0.26778463652511614
T3_loading_history,36,4,1.0,damage,0.0,0.9996882534529317,0.010138455539509929,0.010138455539509927,0.0,0.0,0.4531915612647972,0.031791589676284246,0.02489372510792301,-0.18528987430490593,-0.00029076204313637416,0.18153059652012296,0.00883469275465085
T3_loading_history,36,4,1.0,history,0.0005598741280340494,4.822937502094028,0.13763559486532223,0.1376355948653222,0.09549127281656167,0.35311394871834245,0.565882282945632,0.9999999999999999,0.5622532072555677,0.23077461935937932,-0.00021294834702580276,0.16524486461784896,0.27264797032193944
T3_loading_history,36,4,1.0,fatigue_degradation_deficit,0.0,0.9200570976031899,0.0034068797434590394,0.003406879743459039,0.0,0.0,0.12676908803788778,0.016428168362382575,0.015250964230689185,0.12095635440419197,0.009582706778572331,0.17672811539675284,0.2006161985232376
T3_loading_history,36,4,1.0,ordinary_degradation_deficit,0.0,0.9999998296636262,0.01360728880877386,0.013607288808773859,0.0,0.0,0.6995378142447212,0.031791589676284246,0.026298087905232033,-0.18399746256588181,-0.0003131917704705952,0.18211639482283823,0.010161546619787493
T3_loading_history,36,4,1.0,raw_driver,3.5322895834631585e-09,5241.617678252826,2.7502984563122292,2.750298456312229,0.0011513592432493818,0.012212488244049274,0.02111059270614552,0.9999999999999999,0.0012634969541161969,-0.24966086772006932,-0.00038993240929971744,0.15780422030474925,0.010514972245099626
T3_loading_history,36,4,1.0,raw_cyclemax_driver,3.5322895834631585e-09,5241.617678252826,2.7502986694938105,2.75029866949381,0.0011513592432493818,0.012212488244049274,0.02111059270614552,0.9999999999999999,0.0012634969541161969,-0.24966083983732107,-0.000389932413944345,0.15780424596879125,0.010514971845902367
T3_loading_history,36,4,1.0,active_driver,3.457354738081344e-09,1.6565476720623054,0.004207628084648592,0.004207628084648591,0.0010672998662662671,0.012092646612688732,0.02073204019530897,0.9999999999999999,0.017084172664017683,0.2641041732689955,-9.64307527821487e-05,0.15330718491208103,0.26789348915383404
T3_loading_history,37,4,1.0,damage,0.0,0.9996894652627164,0.010442537707660505,0.010442537707660503,0.0,0.0,0.4683446588762205,0.03423189073067423,0.02565617823440474,-0.17612350123380124,-0.000278583774036637,0.18654842059699459,0.008982277219252176
T3_loading_history,37,4,1.0,history,0.0005598786046894144,4.98479569345673,0.14165365149136652,0.1416536514913665,0.09624883697727274,0.36520148679601216,0.5743520044252116,0.9999999999999999,0.5574345348504872,0.2321263999348036,-0.0002106057703840013,0.16471620257892997,0.27250049394555453
T3_loading_history,37,4,1.0,fatigue_degradation_deficit,0.0,0.9242483845877679,0.003618586976320087,0.0036185869763200864,0.0,0.0,0.1396457950454314,0.017511759698650205,0.016401953757767054,0.12677965253850265,0.00840628089289667,0.17818804932520962,0.20470187804529236
T3_loading_history,37,4,1.0,ordinary_degradation_deficit,0.0,0.999999830854845,0.014018664601378199,0.014018664601378197,0.0,0.0,0.7158263703687682,0.03423189073067423,0.02709193525955135,-0.17475287957802252,-0.00030343949189245333,0.1871509603573949,0.010340262006414828
T3_loading_history,37,4,1.0,raw_driver,3.5044613771592414e-09,5284.989209780613,2.8472778878982354,2.847277887898235,0.0008816548342304824,0.012173646161832781,0.020606558053447174,0.9999999999999999,0.0013022464412962343,-0.24150584368640693,-0.0003780703261542547,0.16238754549558698,0.010083200616540727
T3_loading_history,37,4,1.0,raw_cyclemax_driver,3.5044613771592414e-09,5284.989209780613,2.847423315863192,2.8474233158631916,0.0008998261827609291,0.012188736049357524,0.02128211045673606,0.9999999999999999,0.0013022464412962343,-0.24148757633299425,-0.0003780550011237638,0.1624035265807326,0.010083380466880737
T3_loading_history,37,4,1.0,active_driver,3.424334213316844e-09,1.6722836577298212,0.004039332042899395,0.004039332042899394,0.0008000582138489587,0.012023808012103045,0.020560629493590242,0.9999999999999999,0.016319201971924845,0.27214102051956895,-0.00013038228332082975,0.15060994551451853,0.2666848028914031
T3_loading_history,38,4,1.0,damage,0.0,0.999691085065693,0.010549622273816514,0.010549622273816513,0.0,0.0,0.4727872685437021,0.03461355683389972,0.025908011595108346,-0.17295893799140322,-0.0002831632308127457,0.18825090978596082,0.009173424985789002
T3_loading_history,38,4,1.0,history,0.0005598827979621277,5.146101563080972,0.14557799910495364,0.14557799910495361,0.09712141022775973,0.3777784131002928,0.5806294753686063,0.9999999999999999,0.5565231307625098,0.23349051805408555,-0.00020922352629309333,0.16421639289283127,0.27239443833244936
T3_loading_history,38,4,1.0,fatigue_degradation_deficit,0.0,0.9280893008872899,0.0038091865108932396,0.003809186510893239,0.0,0.0,0.14845314190027936,0.01884020547228092,0.01760880851172734,0.13252444625808432,0.006771214980667925,0.1799385820287451,0.20904384052017994
T3_loading_history,38,4,1.0,ordinary_degradation_deficit,0.0,0.9999998326043423,0.01416260446568172,0.014162604465681718,0.0,0.0,0.7204134161622284,0.03461355683389972,0.027387365228740114,-0.17158203598825295,-0.0003112208255477529,0.18884994377712436,0.010575225122779346
T3_loading_history,38,4,1.0,raw_driver,3.536404423997981e-09,5296.568821365638,2.875724634478559,2.8757246344785585,0.0008119148460900842,0.012114454248550677,0.020436946026611724,0.9999999999999999,0.00131376303519846,-0.23911099706719638,-0.00037490327185327654,0.16373328286654218,0.009959203310715503
T3_loading_history,38,4,1.0,raw_cyclemax_driver,3.536404423997981e-09,5296.568821365638,2.875766777336914,2.8757667773369135,0.0008128351080419543,0.012125813349167111,0.020532852959444015,0.9999999999999999,0.00131376303519846,-0.23910554721925092,-0.0003748921195339276,0.16373827236514038,0.009959141128611529
T3_loading_history,38,4,1.0,active_driver,3.392524474864284e-09,1.666486286454626,0.003983525270123598,0.003983525270123597,0.0007346839275924003,0.012000585414762566,0.020387349264922784,0.9999999999999999,0.016270445528552658,0.2747407799000409,-0.0001557435734944858,0.14981192338477134,0.2665374407400966
T3_loading_history,39,4,1.0,damage,0.0,0.9996916477526914,0.010778428860617396,0.010778428860617395,0.0,0.0,0.47591993850159553,0.0354098807071233,0.026483226786421434,-0.16609688224190566,-0.00028400740254992636,0.19199506816112452,0.009345748226450215
T3_loading_history,39,4,1.0,history,0.0005598865463075799,5.308279629039395,0.14939907291373095,0.14939907291373092,0.09827261252838829,0.3899248669710951,0.586774126639636,0.9999999999999999,0.5542551448397153,0.23488877405647052,-0.0002096434972977519,0.16372862608976477,0.2722552903053483
T3_loading_history,39,4,1.0,fatigue_degradation_deficit,0.0,0.9315607784886849,0.004010857872088629,0.004010857872088628,0.0,0.0,0.1585767118759457,0.02025863098482018,0.018814534953192907,0.13807261545248864,0.004677966567503344,0.18122382575920076,0.21272923153661324
T3_loading_history,39,4,1.0,ordinary_degradation_deficit,0.0,0.9999998506152327,0.014472367819917382,0.01447236781991738,0.0,0.0,0.7238668759550564,0.0354098807071233,0.02797387706858219,-0.16466060899535176,-0.0003142088882834915,0.19260549151064488,0.010785010834941778
T3_loading_history,39,4,1.0,raw_driver,3.4719564095895236e-09,5322.274881196914,2.947008423235485,2.9470084232354847,0.0006569120284764566,0.012071087505409722,0.02062462382149105,0.9999999999999999,0.0013369240920188884,-0.23305238067945375,-0.0003671000845510627,0.16714716160183213,0.00965086850410065
T3_loading_history,39,4,1.0,raw_cyclemax_driver,3.4719564095895236e-09,5322.274881196914,2.947104990774847,2.9471049907748466,0.0006619885623210837,0.012127973627548395,0.021017623304958107,0.9999999999999999,0.0013369240920188884,-0.23304015940005804,-0.00036708514345358865,0.1671580606002901,0.009650856671631316
T3_loading_history,39,4,1.0,active_driver,3.420747067712879e-09,1.6757323333383747,0.0038577127707517347,0.0038577127707517343,0.0006003175186054054,0.011906070798487354,0.019929399294051995,0.9999999999999999,0.01607929577904219,0.2806534706304497,-0.00022135667248833206,0.14811608427419426,0.26562738596296814
T3_loading_history,40,4,1.0,damage,0.0,0.9997125314097762,0.010933771867012458,0.010933771867012457,0.0,0.0,0.4814125581324481,0.03582733158713122,0.02687430920782892,-0.16148646116237295,-0.0003001228673075657,0.1944794431069179,0.009547115238294606
T3_loading_history,40,4,1.0,history,0.000559890175358961,5.469470892780979,0.15312370052452384,0.15312370052452381,0.09972499758425919,0.4029205115743655,0.5927887877459762,0.9999999999999999,0.5513047298112586,0.23629704166457569,-0.00021271466252848042,0.1632664778875424,0.27212942566322795
T3_loading_history,40,4,1.0,fatigue_degradation_deficit,0.0,0.9347407802451505,0.004206732055170015,0.004206732055170014,0.0,0.0,0.1679966080051991,0.021897203460112313,0.02009121559160282,0.1435176196179714,0.002211955586489275,0.18255027463575113,0.2163593654089512
T3_loading_history,40,4,1.0,ordinary_degradation_deficit,0.0,0.9999998626613658,0.01468212929215789,0.014682129292157889,0.0,0.0,0.7295147473205905,0.03582733158713122,0.028408185797133507,-0.16002165731140197,-0.0003347241866041536,0.19509169274908345,0.011030555829304354
T3_loading_history,40,4,1.0,raw_driver,3.485426290056604e-09,5335.944490863807,2.9906301213717863,2.990630121371786,0.0005760301044846143,0.011987750496786992,0.020410389434777514,0.9999999999999999,0.001352909553590671,-0.22933345988794568,-0.0003631906528658842,0.16924337494511718,0.009464948703305762
T3_loading_history,40,4,1.0,raw_cyclemax_driver,3.485426290056604e-09,5335.944490863807,2.9906975822872317,2.9906975822872313,0.0005773250611011155,0.011996887748052057,0.02060396494030905,0.9999999999999999,0.001352909553590671,-0.22932485318132861,-0.0003631808559109411,0.16925116816742553,0.009464877490281572
T3_loading_history,40,4,1.0,active_driver,3.354281326299347e-09,1.6656244738389707,0.003776439795131131,0.0037764397951311306,0.0005429532631742302,0.011913776749440927,0.019624167062463033,0.9999999999999999,0.01625227310457387,0.2844459444312126,-0.00032832283185205114,0.14707334016988452,0.2651947216231711
T3_loading_history,41,4,1.0,damage,0.0,0.9997277033192709,0.011075119312595237,0.011075119312595236,0.0,0.0,0.48906667076659205,0.036280211308959816,0.027271913576015994,-0.1572801519919909,-0.000311107830536642,0.19675504796729834,0.009754605472043378
T3_loading_history,41,4,1.0,history,0.0005598937753454133,5.6306436304371825,0.1567727356907053,0.15677273569070527,0.10108617656779612,0.41588590956129656,0.5991826635917142,0.9999999999999999,0.5506909274520126,0.23769796428779558,-0.00021705009738245398,0.16282492949769736,0.27200492059069187
T3_loading_history,41,4,1.0,fatigue_degradation_deficit,0.0,0.9376635794164826,0.0044286149878074756,0.004428614987807475,0.0,0.0,0.1756919216949029,0.025079393932010977,0.02172708201146349,0.14940148068214326,0.00013722357533382657,0.18367300668109104,0.21994653751041393
T3_loading_history,41,4,1.0,ordinary_degradation_deficit,0.0,0.999999870896857,0.014872099060454697,0.014872099060454695,0.0,0.0,0.7375862781769191,0.036280211308959816,0.028740323794504963,-0.15580967879684804,-0.0003477551089487793,0.19735862111835717,0.011283290608295776
T3_loading_history,41,4,1.0,raw_driver,3.4692152550255684e-09,5347.679613135885,3.0297663717391097,3.0297663717391092,0.0005199691808766681,0.011997213685234131,0.02046006781010121,0.9999999999999999,0.0013609054841347403,-0.2259963120415652,-0.0003604621303756994,0.17111125278364595,0.009298659074262344
T3_loading_history,41,4,1.0,raw_cyclemax_driver,3.4692152550255684e-09,5347.679613135885,3.0298315250174954,3.029831525017495,0.0005199691808766681,0.011997213685234131,0.020599761226774566,0.9999999999999999,0.0013609054841347403,-0.22598801272994884,-0.00036045190415853203,0.1711187726172938,0.009298582385373722
T3_loading_history,41,4,1.0,active_driver,3.347460863153394e-09,1.6654797304609905,0.0037034654255742056,0.003703465425574205,0.0004834972397667032,0.011866743148431627,0.01934263095795991,0.9999999999999999,0.01623599520239513,0.2878041543782179,-0.00039035783310758355,0.14627502576861867,0.2647619136649711
T3_loading_history,42,4,1.0,damage,0.0,0.999740366267478,0.011316247287793672,0.01131624728779367,0.0,0.0,0.4991295081752534,0.037110242035683486,0.027857102870487194,-0.15009845075239747,-0.0003173987188103258,0.20065016670023061,0.009932334000800359
T3_loading_history,42,4,1.0,history,0.0005598975029072133,5.79248358083791,0.16031102799139038,0.16031102799139035,0.10228537058324477,0.4266369426433052,0.6051544388591446,0.9999999999999999,0.5503771576278595,0.23912200157628413,-0.00021826057291323553,0.16240573231080688,0.2718523275166239
T3_loading_history,42,4,1.0,fatigue_degradation_deficit,0.0,0.9403086061756494,0.004664545993397527,0.0046645459933975265,0.0,0.0,0.18561870284133863,0.02691910946298197,0.024794414468650283,0.15526995860744863,-0.002022732216037122,0.18452236634702865,0.22318268524096924
T3_loading_history,42,4,1.0,ordinary_degradation_deficit,0.0,0.9999998801605776,0.015197112295043209,0.015197112295043207,0.0,0.0,0.7479306048911271,0.037110242035683486,0.02935958061965566,-0.14859880165677491,-0.00035718920270854363,0.20124847453261277,0.011497695424757561
T3_loading_history,42,4,1.0,raw_driver,3.47437763221794e-09,5369.2238788211425,3.103070762012082,3.1030707620120817,0.000426709541497477,0.011846721122050125,0.02045298620419432,0.9999999999999999,0.0013967115071384685,-0.21966930665239734,-0.00035439641581266245,0.17469335868255212,0.008991810042974765
T3_loading_history,42,4,1.0,raw_cyclemax_driver,3.47437763221794e-09,5369.2238788211425,3.1031939433528715,3.103193943352871,0.000426709541497477,0.01190140258716187,0.020963068946730078,0.9999999999999999,0.0013967115071384685,-0.21965389834988985,-0.00035441661501764226,0.1747070116892734,0.008991792036876571
T3_loading_history,42,4,1.0,active_driver,3.3086401299088528e-09,1.6721890076395194,0.003573732940216788,0.0035737329402167877,0.00039686962572847706,0.011711046487006882,0.019190011198052026,0.9999999999999999,0.01612517719220271,0.2937865531897014,-0.00026568643927212134,0.14501072091036743,0.2636834737123558
T3_loading_history,43,4,1.0,damage,0.0,0.9997486066826826,0.011556597897937849,0.011556597897937847,0.0,0.0,0.5137600537098824,0.03787907911804127,0.028476963852953185,-0.14297957266528222,-0.00032852383574171276,0.20448603316360958,0.010106845709115422
T3_loading_history,43,4,1.0,history,0.0005599015084871568,5.954860134896766,0.16372020547390836,0.16372020547390834,0.10334038464086776,0.4370994719705241,0.6118993016800844,0.9999999999999999,0.548247268863491,0.24056820301008133,-0.00022051601342267554,0.16202092268495424,0.2716931968532295
T3_loading_history,43,4,1.0,fatigue_degradation_deficit,0.0,0.9427100916330224,0.004918953630335389,0.004918953630335388,0.0,0.0,0.19483077996181364,0.03182877778996982,0.02633290662565546,0.1626523331732852,-0.001933107741456629,0.18634404500375393,0.22838260861384968
T3_loading_history,43,4,1.0,ordinary_degradation_deficit,0.0,0.9999998876469334,0.015523019586421414,0.015523019586421412,0.0,0.0,0.7620497543355638,0.03787907911804127,0.03001163652977229,-0.14141251074993896,-0.00037189374557958124,0.20509596725151807,0.011706609254982027
T3_loading_history,43,4,1.0,raw_driver,3.4466225974133664e-09,5385.528589896564,3.173425179350168,3.1734251793501675,0.0003503085308720205,0.011772649970149655,0.020364923703824644,0.9999999999999999,0.0014243968274368713,-0.21356050569672402,-0.00034901157947931873,0.17815210056255937,0.008700902880272502
T3_loading_history,43,4,1.0,raw_cyclemax_driver,3.4466225974133664e-09,5385.528589896564,3.1735217997431664,3.173521799743166,0.0003503085308720205,0.01179752589165587,0.020882147729298542,0.9999999999999999,0.0014243968274368713,-0.21354844618716168,-0.00034901157440404514,0.17816279665329246,0.008700930184611712
T3_loading_history,43,4,1.0,active_driver,3.3202952783157472e-09,1.6779026029139823,0.0034457549941255545,0.003445754994125554,0.000333682162269394,0.011637841177495556,0.019041576842097903,0.9999999999999999,0.015780346433349725,0.2995923615792332,-0.0003189868064991949,0.14403914355796887,0.2626941365524941
T3_loading_history,44,4,1.0,damage,0.0,0.9997558816577437,0.011790273239042541,0.01179027323904254,0.0,0.0,0.5248040043430869,0.03864490067586636,0.029055075827062446,-0.1360678527267224,-0.00033940296717802125,0.2082153576527962,0.010272163596127974
T3_loading_history,44,4,1.0,history,0.0005599059204322959,6.117614093697785,0.1670024394179659,0.16700243941796586,0.10411881062570456,0.4472595374631689,0.6178996780776999,0.9999999999999999,0.5461628757168483,0.24202725008701415,-0.00022323414935118368,0.16167262497185023,0.27152702098698844
T3_loading_history,44,4,1.0,fatigue_degradation_deficit,0.0,0.9448912453705108,0.0052053346702605205,0.00520533467026052,0.0,0.0,0.20353629750314628,0.0337462456486177,0.02943585435431431,0.17179621130503706,0.0007947485337965076,0.1890026810243233,0.2354019483295771
T3_loading_history,44,4,1.0,ordinary_degradation_deficit,0.0,0.9999998940555288,0.015838575030851527,0.015838575030851523,0.0,0.0,0.7726454081448788,0.03864490067586636,0.030590955832430225,-0.13446402397397772,-0.00038542117762546706,0.2088223220963131,0.01190449853004205
T3_loading_history,44,4,1.0,raw_driver,3.405553812266444e-09,5399.587815394496,3.243194066723137,3.2431940667231367,0.0002866762750358767,0.011553431666569955,0.02037467806590597,0.9999999999999999,0.0014522390586482281,-0.20746057581969207,-0.0003448106794346742,0.18161407209231142,0.008415962641971095
T3_loading_history,44,4,1.0,raw_cyclemax_driver,3.405553812266444e-09,5399.587815394496,3.2432908128356353,3.243290812835635,0.0002866762750358767,0.011623605383825038,0.02067456116576733,0.9999999999999999,0.0014522390586482281,-0.20744853700619062,-0.0003448069811318819,0.18162474131296524,0.008415989799110807
T3_loading_history,44,4,1.0,active_driver,3.2894933757810978e-09,1.681909909389304,0.003318673139386088,0.0033186731393860876,0.00027439416922873505,0.011519098397073938,0.018902942746576758,0.9999999999999999,0.01554440651786336,0.3052884646350403,-0.00035014857027608,0.14333853489322534,0.2616541515974421
T3_loading_history,45,4,1.0,damage,0.0,0.9997607753734572,0.011940738175648394,0.011940738175648393,0.0,0.0,0.5379025180474241,0.03915468615307596,0.02943743498793483,-0.13167789038507016,-0.00034558544848121547,0.21054721964140405,0.01044743951883788
T3_loading_history,45,4,1.0,history,0.0005599106297682642,6.278531622094057,0.17019034064354457,0.17019034064354455,0.10456904508626137,0.4572384774896288,0.623490000577847,0.9999999999999999,0.5450222646591021,0.2434720101182922,-0.0002253909157447524,0.16135504519377378,0.2713760925159008
T3_loading_history,45,4,1.0,fatigue_degradation_deficit,0.0,0.9469065424612403,0.005493123855458062,0.005493123855458061,0.0,0.0,0.21029538625495714,0.03571969082685805,0.03252129855560847,0.18023990516414615,0.0024575497720705675,0.1909956183191994,0.24145325295883463
T3_loading_history,45,4,1.0,ordinary_degradation_deficit,0.0,0.9999998982605832,0.016042048441060157,0.016042048441060153,0.0,0.0,0.7847204965703798,0.03915468615307596,0.03099729852307013,-0.13003921487706047,-0.0003936079257834106,0.21116021213772732,0.01211401888079771
T3_loading_history,45,4,1.0,raw_driver,3.3876695108657874e-09,5407.12093099731,3.283763908482256,3.2837639084822556,0.000263297815482537,0.01141783960595695,0.020304238183609352,0.9999999999999999,0.00146817421470046,-0.20390515915408383,-0.00034247735384017856,0.1836351716127425,0.008252221696711503
T3_loading_history,45,4,1.0,raw_cyclemax_driver,3.3876695108657874e-09,5407.12093099731,3.2838261443451544,3.283826144345154,0.000263297815482537,0.011440109892465467,0.02050163078004794,0.9999999999999999,0.00146817421470046,-0.20389734150503191,-0.0003424805267242942,0.18364221181052176,0.008252172973545914
T3_loading_history,45,4,1.0,active_driver,3.241305108781783e-09,1.6625923518029904,0.003241756768861096,0.0032417567688610956,0.0002504859241016424,0.011349960716251214,0.01885895918830799,0.9999999999999999,0.0156767507785193,0.30872274886457823,-0.00033002796072681016,0.14293233507255595,0.2611533672975178
T3_loading_history,46,4,1.0,damage,0.0,0.9997650887334198,0.012103722562918506,0.012103722562918504,0.0,0.0,0.5488855378320386,0.03965844547403488,0.029850627941974538,-0.12689335727088344,-0.00036056884911467286,0.2131129976452222,0.010614667447290706
T3_loading_history,46,4,1.0,history,0.0005599156887228982,6.439544678897326,0.17329582575056882,0.1732958257505688,0.1050075068593872,0.4669949248123637,0.6295869584854986,0.9999999999999999,0.5444143479259296,0.24490030328386134,-0.0002289268680346233,0.16106187590148596,0.27122059604549426
T3_loading_history,46,4,1.0,fatigue_degradation_deficit,0.0,0.9487648910371121,0.005812225533897168,0.005812225533897167,0.0,0.0,0.21901981415578875,0.03827359317658899,0.034584548420667174,0.1882093651909203,0.0031732690301689934,0.19198434048346255,0.24611804062503706
T3_loading_history,46,4,1.0,ordinary_degradation_deficit,0.0,0.9999999018963499,0.01626230645222038,0.016262306452220376,0.0,0.0,0.794222718013455,0.03965844547403488,0.031430919524422354,-0.12522623269052746,-0.0004118478731290499,0.21372558445408413,0.012313258624720975
T3_loading_history,46,4,1.0,raw_driver,3.2971808755228715e-09,5413.799606740956,3.330113601415013,3.3301136014150123,0.00023587516961840328,0.011379605267341362,0.02024984133065469,0.9999999999999999,0.001484621170513796,-0.199817758570009,-0.0003403133828132216,0.1859570687499951,0.008065694267380012
T3_loading_history,46,4,1.0,raw_cyclemax_driver,3.2971808755228715e-09,5413.799606740956,3.3301829688910622,3.330182968891062,0.00023587516961840328,0.011379605267341362,0.020350691936372074,0.9999999999999999,0.001484621170513796,-0.19980908196913294,-0.0003403139940871483,0.18596484998373042,0.008065650684555434
T3_loading_history,46,4,1.0,active_driver,3.2259995189030607e-09,1.6637422389121455,0.0031568424935242874,0.003156842493524287,0.0002182445874212434,0.011269405168677232,0.01886214199012963,0.9999999999999999,0.015645278846349545,0.31244306427870006,-0.00041207595050107685,0.14274358798434017,0.2604148209871155
T3_loading_history,47,4,1.0,damage,0.0,0.999770519257727,0.012339900037325395,0.012339900037325394,0.0,0.0,0.5585825662249808,0.04039303188954178,0.030452291537518043,-0.1199630552854678,-0.00038983352574326085,0.21683256601388254,0.010767547789691237
T3_loading_history,47,4,1.0,history,0.0005599212857987821,6.600388703828667,0.17629117621200519,0.17629117621200516,0.10514858932652914,0.4752211246518198,0.6352187347329966,0.9999999999999999,0.5435702721080161,0.24632388131990118,-0.00023645765227123562,0.160801636486981,0.27104654500502345
T3_loading_history,47,4,1.0,fatigue_degradation_deficit,0.0,0.9504556602203249,0.006153361252073026,0.006153361252073025,0.0,0.0,0.22738036823648344,0.04120845187543787,0.03682089547310385,0.1956584454605689,0.003084093037057538,0.19225433618506943,0.2497073469235221
T3_loading_history,47,4,1.0,ordinary_degradation_deficit,0.0,0.9999999063797137,0.016581112671179826,0.016581112671179822,0.0,0.0,0.8032637394720272,0.04039303188954178,0.032021284146177054,-0.11826335373301997,-0.0004447045940993169,0.21743944528808307,0.0124938800718427
T3_loading_history,47,4,1.0,raw_driver,3.2495876697114867e-09,5421.3483989894885,3.398951933735885,3.3989519337358844,0.00020013664295991465,0.011229762512794443,0.020178926637804684,0.9999999999999999,0.0015090768316184172,-0.19371489189982063,-0.00033941551497150985,0.18942622608308365,0.007790674162705639
T3_loading_history,47,4,1.0,raw_cyclemax_driver,3.2495876697114867e-09,5421.3483989894885,3.3990598133232344,3.399059813323234,0.00020013664295991465,0.011241691578026257,0.020515647498112244,0.9999999999999999,0.0015090768316184172,-0.19370156726486165,-0.0003394152699510493,0.18943798714235238,0.007790697861465908
T3_loading_history,47,4,1.0,active_driver,3.176939832153849e-09,1.662237659499113,0.003033069817406962,0.0030330698174069618,0.0001880981392531228,0.011081388523927801,0.01868403489668284,0.9999999999999999,0.013811198509018359,0.317840758039587,-0.0006522951662086668,0.14267793820434344,0.25915003300769496
T3_loading_history,48,4,1.0,damage,0.0,0.9997750458079755,0.012568394186543388,0.012568394186543387,0.0,0.0,0.5662725179297292,0.04113907120204417,0.031038575033188916,-0.11329838554767631,-0.00040688706482429907,0.220387468130059,0.010914105887551028
T3_loading_history,48,4,1.0,history,0.000559927484129185,6.761359305715306,0.1791666331137104,0.17916663311371037,0.10521047439538594,0.4835568202111077,0.64155559936023,0.9999999999999999,0.5395770548972303,0.24773762652509965,-0.00024188717248516052,0.16058040787462377,0.27086822290676116
T3_loading_history,48,4,1.0,fatigue_degradation_deficit,0.0,0.9519924485226623,0.006502731726225429,0.006502731726225428,0.0,0.0,0.23523522623743953,0.044145532573635834,0.03917182550341708,0.20273092342491042,0.0025328262651353162,0.1922231978943734,0.2528598944654289
T3_loading_history,48,4,1.0,ordinary_degradation_deficit,0.0,0.9999999100366427,0.01689030460085525,0.016890304600855246,0.0,0.0,0.8100099536578191,0.04113907120204417,0.032600709543600156,-0.11155565114342691,-0.0004634604055392708,0.22099200166586208,0.012666380398894193
T3_loading_history,48,4,1.0,raw_driver,3.206517858877914e-09,5429.368708531565,3.463774011362741,3.4637740113627404,0.00017781932831866843,0.011084531323416302,0.02020651988378107,0.9999999999999999,0.001537802411618371,-0.1879331893155541,-0.00033943917279809303,0.19271253464230764,0.007533331002898331
T3_loading_history,48,4,1.0,raw_cyclemax_driver,3.206517858877914e-09,5429.368708531565,3.463866557032306,3.4638665570323055,0.00017781932831866843,0.011145614692869274,0.020439912638365115,0.9999999999999999,0.001537802411618371,-0.1879217765415096,-0.0003394629863565189,0.1927226100250418,0.007533361969297421
T3_loading_history,48,4,1.0,active_driver,3.1455771752504713e-09,1.6634572867210093,0.0029147617851784696,0.002914761785178469,0.0001656616597284694,0.010918812456436215,0.018541422581350935,0.9999999999999999,0.013318230702089796,0.3228754538841795,-0.0005564002867619308,0.1429585473391533,0.25794292942236974
T3_loading_history,49,4,1.0,damage,0.0,0.9997785374869343,0.012806106101282539,0.012806106101282537,0.0,0.0,0.5686703580398794,0.04193849404974029,0.0316352701098761,-0.10634071253615661,-0.00040818104947853816,0.22412673323889123,0.011053541277513367
T3_loading_history,49,4,1.0,history,0.0005599343856039416,6.922443213581155,0.1819193520655247,0.18191935206552468,0.10537460822725546,0.48945334050253325,0.6481734894824054,0.9999999999999999,0.5356330061977187,0.24913775044464953,-0.00024145723183287686,0.16039960720782276,0.27068192253600437
T3_loading_history,49,4,1.0,fatigue_degradation_deficit,0.0,0.9533806519478936,0.006864662056710329,0.006864662056710328,0.0,0.0,0.24393733878046187,0.04718664305186708,0.041741182770520704,0.2095341872666004,0.001749652265746786,0.19191904636680504,0.25563486881876796
T3_loading_history,49,4,1.0,ordinary_degradation_deficit,0.0,0.9999999128077428,0.017210719836678667,0.017210719836678663,0.0,0.0,0.812105274147247,0.04193849404974029,0.03320889468746746,-0.1045799171649439,-0.00046669861490882897,0.22471660949839675,0.012830913830473524
T3_loading_history,49,4,1.0,raw_driver,3.1286806813514813e-09,5437.970837929935,3.532554247434121,3.5325542474341205,0.00015285318861417958,0.01084165139922727,0.01998567335827016,0.9999999999999999,0.0015621322839893094,-0.18176280158485641,-0.0003383187696648624,0.19621934851128411,0.007261817898712606
T3_loading_history,49,4,1.0,raw_cyclemax_driver,3.1286806813514813e-09,5437.970837929935,3.532657490738201,3.5326574907382007,0.00015285318861417958,0.010916088194756028,0.020513847372491928,0.9999999999999999,0.0015621322839893094,-0.1817501366094419,-0.00033834373723396367,0.19623046795218466,0.007261885044694095
T3_loading_history,49,4,1.0,active_driver,3.0728347207602716e-09,1.6642209446020015,0.002790177778416628,0.0027901777784166276,0.00014648165420232204,0.010700830612197822,0.018568866252950525,0.9999999999999999,0.013332819095318773,0.328050871017681,-0.00020558160189723408,0.143644651478991,0.25652461244831204
T3_loading_history,50,4,1.0,damage,0.0,0.9997822932168846,0.013043318886880139,0.013043318886880137,0.0,0.0,0.580483361356565,0.042680583426210686,0.03223010307283812,-0.09942434133590018,-0.0004075370174630611,0.2278311786190306,0.01119658798191003
T3_loading_history,50,4,1.0,history,0.000559941872277933,7.083667267404861,0.18454871885202775,0.18454871885202773,0.10542700240622302,0.4951097282942074,0.6534970095490804,0.9999999999999999,0.534095487079469,0.2505186625716414,-0.00024117896334551795,0.16025975166854214,0.27049061870756075
T3_loading_history,50,4,1.0,fatigue_degradation_deficit,0.0,0.9546381184408856,0.007247532551942594,0.007247532551942593,0.0,0.002109303607630064,0.2505449820643656,0.052074685819097535,0.04444129335830983,0.21639351512914115,0.0011999251918481107,0.1914535606463931,0.2582476144600534
T3_loading_history,50,4,1.0,ordinary_degradation_deficit,0.0,0.9999999157400117,0.01753212707383379,0.017532127073833788,0.0,0.0,0.8221291624067878,0.042680583426210686,0.033831754790838046,-0.09761245378716364,-0.0004672821148504073,0.22842183988868334,0.012999275807621648
T3_loading_history,50,4,1.0,raw_driver,3.08553579877384e-09,5442.304263603984,3.6000130492402804,3.60001304924028,0.00014078352479343376,0.0107068103431722,0.019973137815706588,0.9999999999999999,0.0015905124591920582,-0.17567178893110927,-0.00033686653488409975,0.19968125512837817,0.0069970927022531375
T3_loading_history,50,4,1.0,raw_cyclemax_driver,3.08553579877384e-09,5442.304263603984,3.6001083630335637,3.6001083630335633,0.00014078352479343376,0.010733964853485205,0.020442085113511338,0.9999999999999999,0.0015905124591920582,-0.1756601244929217,-0.0003368634115283712,0.19969148122091118,0.006997162912656192
T3_loading_history,50,4,1.0,active_driver,3.030414352695525e-09,1.6657445347004929,0.0026675924056557476,0.002667592405655747,0.00013417395483041088,0.010582978503883211,0.018471895807806844,0.9999999999999999,0.013222812316896707,0.3330280953737557,-0.00021587831894668327,0.14465662586297157,0.25505881496550176
T3_loading_history,51,4,1.0,damage,0.0,0.9997864647351016,0.013282136364656161,0.01328213636465616,0.0,0.0,0.5901025396629402,0.043479242586124664,0.03281246420757898,-0.09254510155561492,-0.00042934334956729064,0.23146868581739583,0.011328226750414333
T3_loading_history,51,4,1.0,history,0.0005599498196388292,7.244682826536384,0.187056453241672,0.18705645324167197,0.1055457333453949,0.5023101626565638,0.6592379837741371,0.9999999999999999,0.5317274713216774,0.25187553718988875,-0.0002457666552097561,0.160159678970374,0.27029404686597464
T3_loading_history,51,4,1.0,fatigue_degradation_deficit,0.0,0.9557786063998656,0.007654301183240513,0.007654301183240512,0.0,0.007623365263190518,0.2573989087128854,0.05759816359728369,0.04907940826420622,0.22332365806234566,0.0008435186077266291,0.19083855286394713,0.260669053577935
T3_loading_history,51,4,1.0,ordinary_degradation_deficit,0.0,0.9999999189381167,0.01785511955374706,0.017855119553747058,0.0,0.0,0.8302428130476469,0.043479242586124664,0.03445774975843173,-0.0906944680366353,-0.0004930818918228267,0.232053423688929,0.013153362034974837
T3_loading_history,51,4,1.0,raw_driver,3.034732114565449e-09,5443.1389037811905,3.6670218506511287,3.6670218506511283,0.00012949114090009934,0.010521278338778361,0.019980016360069658,0.9999999999999999,0.0016144597839428784,-0.1695889610126592,-0.000336575514719942,0.20313177876551267,0.006735017344784167
T3_loading_history,51,4,1.0,raw_cyclemax_driver,3.034732114565449e-09,5443.1389037811905,3.667114908329097,3.6671149083290966,0.00012949114090009934,0.010573770199903468,0.020352812604062118,0.9999999999999999,0.0016144597839428784,-0.16957759759544333,-0.00033657039492495847,0.2031417274516611,0.006735084218096859
T3_loading_history,51,4,1.0,active_driver,3.0040016769376202e-09,1.664016698724708,0.0025457022300876386,0.002545702230087638,0.00012515468117486412,0.010375380862510386,0.018281974988855663,0.9999999999999999,0.012631404447160531,0.33789075434677085,-0.0005653140942914741,0.14593244273639236,0.2534983285859823
T3_loading_history,52,4,1.0,damage,0.0,0.9997886655959055,0.01351549811631007,0.013515498116310068,0.0,0.0,0.5992717102812956,0.04428558341490602,0.03341470443340901,-0.08576347063872729,-0.00044330363633070995,0.23510892051958443,0.011442658419732729
T3_loading_history,52,4,1.0,history,0.0005599582841031845,7.405771542271731,0.1894421599089101,0.18944215990891008,0.1057447688339993,0.507076393913076,0.6648146230030058,0.9999999999999999,0.5301872147381826,0.25320353832790266,-0.00024940376991647995,0.16009908262777958,0.27009214992886
T3_loading_history,52,4,1.0,fatigue_degradation_deficit,0.0,0.9568061550370068,0.008082507569345077,0.008082507569345075,0.0,0.015380073297903918,0.26446945923196763,0.06125749280449307,0.0540988938870467,0.23014546329774785,0.0003847985340979664,0.19004165790876362,0.2626684019676526
T3_loading_history,52,4,1.0,ordinary_degradation_deficit,0.0,0.9999999206004794,0.018170274040559882,0.01817027404055988,0.0,0.0,0.8376022986138021,0.04428558341490602,0.03502778681065337,-0.08388803037017582,-0.0005083844939864424,0.23568114363810722,0.013287089315647033
T3_loading_history,52,4,1.0,raw_driver,2.981585579966235e-09,5445.456854690273,3.7345699032537203,3.73456990325372,0.00012270019507144782,0.010392246114455564,0.019864516121618575,0.9999999999999999,0.0016421267212376515,-0.16342205566046752,-0.00033754442361803015,0.20662573998689673,0.006471531876591766
T3_loading_history,52,4,1.0,raw_cyclemax_driver,2.981585579966235e-09,5445.456854690273,3.7346668511824244,3.734666851182424,0.00012270019507144782,0.010392246114455564,0.020363641031949584,0.9999999999999999,0.0016421267212376515,-0.16341026045938198,-0.0003375533453591166,0.20663602813621842,0.006471617237130249
T3_loading_history,52,4,1.0,active_driver,2.9791473579079306e-09,1.6646887982496696,0.002423723575493509,0.0024237235754935088,0.00011984903666748289,0.010351198590234449,0.018225069185254437,0.9999999999999999,0.012666630477898705,0.3425367193681677,-0.0005144385434716469,0.1477349242933951,0.2517607344157158
T3_loading_history,53,4,1.0,damage,0.0,0.9997908947570064,0.013658150894867323,0.013658150894867322,0.0,0.0,0.6029683398472023,0.04468476169628095,0.03376518269560849,-0.08168881902025163,-0.00045120263913020584,0.23724541413307176,0.011578084194563893
T3_loading_history,53,4,1.0,history,0.0005599670132912424,7.566841909699312,0.19174164077288536,0.19174164077288533,0.1059221133900001,0.5112227267835517,0.6692126368231924,0.9999999999999999,0.5292620531087776,0.2544945462189054,-0.0002515024076937865,0.16006269185256874,0.26990488715964395
T3_loading_history,53,4,1.0,fatigue_degradation_deficit,0.0,0.9577616468617128,0.00856099854707888,0.008560998547078879,0.0,0.02414595047719259,0.26968756445270947,0.06581399965060854,0.05823891211888272,0.23705638198899082,-0.00024021776239261598,0.1887970296666399,0.2640175943738254
T3_loading_history,53,4,1.0,ordinary_degradation_deficit,0.0,0.999999922266662,0.018363513364268027,0.018363513364268023,0.0,0.0,0.8404812713303578,0.04468476169628095,0.035419969564936836,-0.07978541496589833,-0.0005187430168709685,0.2378165382432987,0.013446097990106605
T3_loading_history,53,4,1.0,raw_driver,2.9556424658270814e-09,5446.670953922449,3.770314489816944,3.7703144898169434,0.00012036109011301333,0.010394666778813318,0.019908027926110537,0.9999999999999999,0.001654105469286611,-0.16014706985733107,-0.00033778555796651105,0.20847259220582356,0.006331853103376301
T3_loading_history,53,4,1.0,raw_cyclemax_driver,2.9556424658270814e-09,5446.670953922449,3.7703690801272765,3.770369080127276,0.00012036109011301333,0.010394666778813318,0.020063544040923087,0.9999999999999999,0.001654105469286611,-0.1601403670862031,-0.0003377970362977993,0.20847852515123563,0.006331832692656453
T3_loading_history,53,4,1.0,active_driver,2.955614835117416e-09,1.664404526295382,0.0023561638977526267,0.0023561638977526262,0.0001183753411363918,0.010335544684064835,0.018014896400571453,0.9999999999999999,0.012706634681738013,0.3450103412457034,-0.0004097803666224445,0.14886406082407597,0.250931492920676
T3_loading_history,54,4,1.0,damage,0.0,0.9997932166977231,0.0139235144646259,0.013923514464625898,0.0,0.0,0.6110219879295171,0.045551795591722594,0.034426378579814704,-0.07400137741981835,-0.00045471738762217003,0.24136867421671965,0.01166323014407467
T3_loading_history,54,4,1.0,history,0.0005599762317018769,7.72789904929832,0.19392836513661713,0.1939283651366171,0.10605948716562061,0.5175586326799504,0.6743559337211581,0.9999999999999999,0.5276394449998498,0.2557560612664938,-0.0002518119256020192,0.16006034246655929,0.2696925646445068
T3_loading_history,54,4,1.0,fatigue_degradation_deficit,0.0,0.9586077465980977,0.009090257365542493,0.009090257365542491,0.0,0.03429331398925495,0.2756379085351277,0.07220648058948259,0.062477036199028356,0.2441962251706466,-0.00010709267408323149,0.1872984765019322,0.26518957753581424
T3_loading_history,54,4,1.0,ordinary_degradation_deficit,0.0,0.9999999239834061,0.018721390558325356,0.018721390558325352,0.0,0.0,0.8469877826056529,0.045551795591722594,0.03610498367487713,-0.07208038046449382,-0.0005227791724905066,0.24192157949237147,0.01354420944962166
T3_loading_history,54,4,1.0,raw_driver,2.9083773377906047e-09,5447.6530163952175,3.8474432619182135,3.847443261918213,0.00011561652498559213,0.010313256215766297,0.019749364658595545,0.9999999999999999,0.001689518038866447,-0.15304105967008722,-0.00033852399252720596,0.21247514309794183,0.006030251099252213
T3_loading_history,54,4,1.0,raw_cyclemax_driver,2.9083773377906047e-09,5447.6530163952175,3.8475511105490945,3.847551110549094,0.00011561652498559213,0.010313256215766297,0.020266773205885907,0.9999999999999999,0.001689518038866447,-0.1530280489264544,-0.00033852912281456555,0.2124863780275977,0.0060304272563013635
T3_loading_history,54,4,1.0,active_driver,2.9083500125621026e-09,1.6641540546930047,0.002219940461001383,0.0022199404610013826,0.00011334486598857114,0.010274009610819819,0.01813920246284355,0.9999999999999999,0.012135885095310765,0.3499345841071166,-0.0002676257262265426,0.1515882235236085,0.24848833932949788
T3_loading_history,55,4,1.0,damage,0.0,0.9997955217546377,0.014196711508408124,0.014196711508408122,0.0,0.0,0.6178856313793478,0.04635762702372874,0.035101129912994376,-0.06611495856063199,-0.0004565008265844579,0.2455893051380544,0.011730759131079042
T3_loading_history,55,4,1.0,history,0.0005599858133094354,7.888916684496998,0.19597656178269543,0.1959765617826954,0.10616429233450836,0.5212450534880528,0.6797061401492794,0.9999999999999999,0.5256813401225158,0.25697688893937615,-0.0002519155931791808,0.1600999339062699,0.2694713595156529
T3_loading_history,55,4,1.0,fatigue_degradation_deficit,0.0,0.9593512906296583,0.0096189882531332,0.009618988253133199,0.0,0.04280143311032458,0.28221773657865856,0.07862800488115013,0.06669342011786984,0.25095509544595296,0.00010556630770740963,0.18588788787889884,0.26637642383288596
T3_loading_history,55,4,1.0,ordinary_degradation_deficit,0.0,0.9999999256687061,0.01909058032169186,0.019090580321691857,0.0,0.0,0.8522979203975695,0.04635762702372874,0.03679945547195791,-0.06416227331254745,-0.0005254052330221005,0.24612941677040764,0.013620817290178246
T3_loading_history,55,4,1.0,raw_driver,2.87877134947539e-09,5446.43646284078,3.926815223796631,3.9268152237966305,0.00011022552004544324,0.010327117299664144,0.01967642192515809,0.9999999999999999,0.001719628873380638,-0.14567288238825316,-0.00033889526048148325,0.21661153888794238,0.005719468813533922
T3_loading_history,55,4,1.0,raw_cyclemax_driver,2.87877134947539e-09,5446.43646284078,3.926918033606104,3.9269180336061034,0.00011022552004544324,0.010344424105768753,0.020336114806732364,0.9999999999999999,0.001719628873380638,-0.14566052150779668,-0.0003388949840228924,0.21662217601536654,0.005719687000523482
T3_loading_history,55,4,1.0,active_driver,2.8787439800311014e-09,1.6637704737560364,0.002079598439173099,0.0020795984391730987,0.0001081265548781523,0.010102568000317003,0.01791202753983122,0.9999999999999999,0.01151665795756951,0.3547198596358105,-0.0002510294743247823,0.15495436375310667,0.2457474444433808
T3_loading_history,56,4,1.0,damage,0.0,0.9997977953543465,0.01439459492300185,0.014394594923001849,0.0,0.0,0.6201656719168667,0.04703656248207781,0.03559566245853341,-0.06050024295837881,-0.00046062229449991637,0.24853559501506522,0.011807710788097352
T3_loading_history,56,4,1.0,history,0.0005599955595472806,8.049892239461988,0.19791176435900182,0.1979117643590018,0.1062511972103535,0.5249993816099127,0.684159879973115,0.9999999999999999,0.5250038041706862,0.25815166920294025,-0.0002524156795737409,0.16016894763845588,0.2692591906212499
T3_loading_history,56,4,1.0,fatigue_degradation_deficit,0.0,0.9600246345304072,0.01016913627023878,0.010169136270238778,0.0,0.04978173624558102,0.2875028928316795,0.08458127445189256,0.07237859870732824,0.25754616036689204,0.00023347752608417232,0.18440370380907373,0.2672790549116827
T3_loading_history,56,4,1.0,ordinary_degradation_deficit,0.0,0.9999999273125001,0.019358349869751077,0.019358349869751074,0.0,0.0,0.8540186202990439,0.04703656248207781,0.03730178179134495,-0.05851978239576429,-0.0005308022385104176,0.24906728490245045,0.01370891939855788
T3_loading_history,56,4,1.0,raw_driver,2.880765642084014e-09,5444.563660123041,3.980579982933671,3.9805799829336705,0.00010735570399644356,0.010124849816334158,0.01962873722406505,0.9999999999999999,0.0017395078259941359,-0.14065131701019398,-0.00033912182121614913,0.2194189762035057,0.005508514965655322
T3_loading_history,56,4,1.0,raw_cyclemax_driver,2.880765642084014e-09,5444.563660123041,3.980657673568972,3.9806576735689716,0.00010735570399644356,0.010177512957578558,0.019928035996076593,0.9999999999999999,0.0017395078259941359,-0.1406419117293179,-0.00033911987730744715,0.21942716341871504,0.0055085435833514135
T3_loading_history,56,4,1.0,active_driver,2.880765642084014e-09,1.6633992636075667,0.0019822283093251115,0.001982228309325111,0.00010513729987136791,0.009900487216590937,0.017678587951550393,0.9999999999999999,0.011707711659483836,0.35782544288638457,-0.00029020329526734334,0.15758027198072075,0.24388446438228592
T3_loading_history,57,4,1.0,damage,0.0,0.9997990959117633,0.014648296471198106,0.014648296471198105,0.0,0.0,0.6222824830449406,0.04788084839340688,0.03626332668277195,-0.05319350789540775,-0.0004629583378338608,0.2524561625103933,0.011855662259765528
T3_loading_history,57,4,1.0,history,0.0005600054466579413,8.210776444484834,0.19972812526764835,0.19972812526764833,0.10631778131746382,0.5284595390495358,0.6878188111819494,0.9999999999999999,0.5238350754945638,0.2592821750000851,-0.00025328136688289484,0.16026826634610683,0.26903245575486123
T3_loading_history,57,4,1.0,fatigue_degradation_deficit,0.0,0.960613087146901,0.01073556299065311,0.010735562990653109,0.0,0.05630865136091445,0.29123034239111834,0.09330843271250441,0.07832518486130927,0.26397411344824706,0.0005375319925378518,0.18293697503692496,0.26793439763850424
T3_loading_history,57,4,1.0,ordinary_degradation_deficit,0.0,0.9999999282445285,0.019701514757282598,0.019701514757282594,0.0,0.0,0.8553960921464907,0.04788084839340688,0.037955767052358244,-0.0511785155178919,-0.0005335621081875857,0.25297963984683164,0.013762384023145086
T3_loading_history,57,4,1.0,raw_driver,2.8578553806486804e-09,5441.037461984212,4.055402323641652,4.055402323641651,0.0001018001942171705,0.009687569911946331,0.01941668024384581,0.9999999999999999,0.0017670022263836125,-0.1336220005589542,-0.00033944334515278725,0.22332608233491813,0.005213046171265303
T3_loading_history,57,4,1.0,raw_cyclemax_driver,2.8578553806486804e-09,5441.037461984212,4.055498820024579,4.055498820024578,0.0001018001942171705,0.009819999536827426,0.019905070237068175,0.9999999999999999,0.0017670022263836125,-0.13361043930396163,-0.00033944286324386747,0.22333600323776753,0.005213225258641519
T3_loading_history,57,4,1.0,active_driver,2.8578553806486804e-09,1.662524096529078,0.0018513814014124177,0.0018513814014124174,9.922931782098084e-05,0.009570309296006997,0.017604683808729434,0.9999999999999999,0.011314988139860158,0.361732547069866,-0.00033155949853821623,0.16168806177011671,0.24074566183324297
T3_loading_history,58,4,1.0,damage,0.0,0.9998006788543962,0.014885087186356368,0.014885087186356366,0.0,0.0,0.6236845898308345,0.04859847919533562,0.03690214764075622,-0.04643420361305346,-0.00046273479133026024,0.2560491687946825,0.011899182649019667
T3_loading_history,58,4,1.0,history,0.0005600153919388627,8.371081882695895,0.20142172533861288,0.20142172533861286,0.10636982059296513,0.5317244686969577,0.6913398834934864,0.9999999999999999,0.5226751687194551,0.2603600953333472,-0.00025305096616162385,0.1603953527743781,0.2688045225299591
T3_loading_history,58,4,1.0,fatigue_degradation_deficit,0.0,0.9611287388714375,0.011298094102714365,0.011298094102714363,0.0,0.062201407654763896,0.2956067746209948,0.09795726374939671,0.08605277422467408,0.2699876872880879,0.0007475707333460871,0.18153545875299396,0.2684268409783687
T3_loading_history,58,4,1.0,ordinary_degradation_deficit,0.0,0.9999999293708105,0.020022478877009583,0.02002247887700958,0.0,0.0,0.8565055219265856,0.04859847919533562,0.03855468821093936,-0.04437620333633976,-0.0005335169065634989,0.2565682995971461,0.013810358766312406
T3_loading_history,58,4,1.0,raw_driver,2.8388640843201706e-09,5437.615537179676,4.122860867143102,4.1228608671431015,9.572821762118235e-05,0.009314540325314724,0.019277670149443094,0.9999999999999999,0.0017946039415756717,-0.12723814935417557,-0.0003396625096055917,0.22685117959325246,0.004944765760538282
T3_loading_history,58,4,1.0,raw_cyclemax_driver,2.8388640843201706e-09,5437.615537179676,4.122950473527947,4.122950473527946,9.572821762118235e-05,0.009342478941754898,0.019816800238959764,0.9999999999999999,0.0017946039415756717,-0.12722742245983862,-0.00033966122672173866,0.2268603843006834,0.004944889307084307
T3_loading_history,58,4,1.0,active_driver,2.8388640843201706e-09,1.6563620743051397,0.0017330151162389422,0.001733015116238942,9.373294293217974e-05,0.009188693424943328,0.017421792114185847,0.9999999999999999,0.010726975634229198,0.3649497541943194,-0.00021351135540510907,0.1658400841711295,0.2376583105569096
T3_loading_history,59,4,1.0,damage,0.0,0.9998022196461824,0.015139128376587267,0.015139128376587265,0.0,0.0,0.6269881339639045,0.049376304145092684,0.03754762123188048,-0.03915694031481246,-0.00044463241847748127,0.2599462263826802,0.0119267172265388
T3_loading_history,59,4,1.0,history,0.0005600253502521048,8.531163140978258,0.20299001589792787,0.20299001589792784,0.10640912610940245,0.5348271510765112,0.6953688436225176,0.9999999999999999,0.5218355812445934,0.26138264021134766,-0.00024893636839078256,0.16054780622259518,0.2685688624196203
T3_loading_history,59,4,1.0,fatigue_degradation_deficit,0.0,0.9615695461996091,0.011834819392835942,0.01183481939283594,0.0,0.06783130922161207,0.3006012239890268,0.10175338762130903,0.09140441173674084,0.2754055189161131,0.0006424473062289226,0.18027725564949795,0.26871326881334295
T3_loading_history,59,4,1.0,ordinary_degradation_deficit,0.0,0.9999999304585452,0.0203661185344712,0.020366118534471195,0.0,0.0,0.8593665886966592,0.049376304145092684,0.0392157926425816,-0.03706565334233943,-0.0005146497353178084,0.26045680695043594,0.01383946370501397
T3_loading_history,59,4,1.0,raw_driver,2.8415599721988817e-09,5434.1760355056595,4.197708046798855,4.197708046798854,9.07140815865145e-05,0.008680555427920247,0.018873256358990155,0.9999999999999999,0.0018226603457747942,-0.12009504974483885,-0.00033804241832227833,0.23076715273597306,0.004644558962852017
T3_loading_history,59,4,1.0,raw_cyclemax_driver,2.8415599721988817e-09,5434.1760355056595,4.197810643660792,4.197810643660791,9.07140815865145e-05,0.008680555427920247,0.019723761104135845,0.9999999999999999,0.0018226603457747942,-0.12008284682785599,-0.00033804257575552376,0.2307775346665321,0.0046447708186578346
T3_loading_history,59,4,1.0,active_driver,2.8415599721988817e-09,1.653690657866679,0.0016034659994532494,0.0016034659994532492,8.845704972380907e-05,0.0082299989979685,0.01707099421186156,0.9999999999999999,0.01047845020367292,0.3680512679391877,0.00027021492274307326,0.17099597623269858,0.23373908072308178
T3_loading_history,60,4,1.0,damage,0.0,0.9998039138603232,0.015334041866623325,0.015334041866623323,0.0,3.457665160174576e-07,0.6304805994760168,0.050080956402903797,0.038008592736939927,-0.03368820780110226,-0.00042968450265840513,0.2628044549087822,0.0119623443470882
T3_loading_history,60,4,1.0,history,0.000560035191895492,8.691084681870139,0.20444991341482607,0.20444991341482605,0.10644126148170509,0.5377195214910814,0.6985038105603713,0.9999999999999999,0.520018873388626,0.26234841168043366,-0.00024401062656048092,0.1607165447361933,0.26833960231188797
T3_loading_history,60,4,1.0,fatigue_degradation_deficit,0.0,0.961958463021797,0.012370747000704379,0.012370747000704377,0.0,0.07281735682531154,0.3040093527452482,0.10946071208171226,0.09574139987057756,0.28059677743537004,0.0005587149075362854,0.17910722302906323,0.2688854735019014
T3_loading_history,60,4,1.0,ordinary_degradation_deficit,0.0,0.9999999316448459,0.02062908201509823,0.020629082015098228,0.0,6.91532819452334e-07,0.86174208430932,0.050080956402903797,0.03968560115390076,-0.03159324409096209,-0.0004996175867575305,0.26329291484553236,0.013878717048845744
T3_loading_history,60,4,1.0,raw_driver,2.859514400778613e-09,5429.765005697667,4.253168512562936,4.253168512562935,8.534010056193047e-05,0.007926741706287398,0.018908169726848084,0.9999999999999999,0.001842665124679366,-0.1147603342132421,-0.00033575177016372047,0.23366983853688683,0.00442041520178581
T3_loading_history,60,4,1.0,raw_cyclemax_driver,2.859514400778613e-09,5429.765005697667,4.253245638582195,4.253245638582194,8.534010056193047e-05,0.008020299898840929,0.01921543705949494,0.9999999999999999,0.001842665124679366,-0.11475113122441429,-0.00033573484487161106,0.2336777141654063,0.004420473013355272
T3_loading_history,60,4,1.0,active_driver,2.859514400778613e-09,1.6519656385501829,0.001507031743216646,0.0015070317432166458,8.337974381020896e-05,0.007371487023488169,0.016603731168285618,0.9999999999999999,0.010054303368127758,0.3700443443604944,0.0004211146794451975,0.17517476793723,0.23059236705662964
T3_loading_history,61,4,1.0,damage,0.0,0.9998039138603232,0.015437438328897397,0.015437438328897395,0.0,1.1925905526485783e-06,0.6324868565511836,0.05038155775127036,0.03825203641754784,-0.030770682239224113,-0.0004234048183976432,0.2643390355043872,0.012007584742054366
T3_loading_history,61,4,1.0,history,0.0005600440326187535,8.836056512968257,0.20571546789047854,0.2057154678904785,0.10646747215063844,0.5404953757024498,0.702070437926353,0.9999999999999999,0.5162918573707963,0.2631866676193451,-0.0002394285756173445,0.16087378242706415,0.2681400418939013
T3_loading_history,61,4,1.0,fatigue_degradation_deficit,0.0,0.962285569221466,0.01290109496882681,0.012901094968826809,0.0,0.07805241838144372,0.30816983458853453,0.11703370671099106,0.10115095636687985,0.28552525374666915,0.0006468640669228475,0.177949760439054,0.2687427537705562
T3_loading_history,61,4,1.0,ordinary_degradation_deficit,0.0,0.9999999316448459,0.02076810044167187,0.020768100441671867,0.0,2.3851785768691514e-06,0.8634069994700879,0.05038155775127036,0.039943830856043826,-0.028682850959336145,-0.0004942629860398696,0.2648115605543866,0.013930771377276253
T3_loading_history,61,4,1.0,raw_driver,2.6137748483060115e-09,4922.475822470074,3.8846908881351943,3.884690888135194,7.483063538137134e-05,0.006816537555567156,0.016948570898579624,0.9999999999999999,0.0018546622369732472,-0.11188882601113065,-0.0003341028474283696,0.23522384334052263,0.00429966784294169
T3_loading_history,61,4,1.0,raw_cyclemax_driver,2.6137748483060115e-09,4922.475822470074,3.884731096696393,3.8847310966963926,7.483063538137134e-05,0.006838935111734376,0.01695140969243225,0.9999999999999999,0.0018546622369732472,-0.11188350944022032,-0.0003340916995167955,0.23522843087802592,0.004299663348806703
T3_loading_history,61,4,1.0,active_driver,2.6137748483060115e-09,1.497517990312909,0.0013208568633881418,0.0013208568633881416,7.314900098807627e-05,0.0064696277720537425,0.01505539602047773,0.9999999999999999,0.010099416843153696,0.370940762013516,0.00048115017259906163,0.1775624347029727,0.22873070873097415
T3_loading_history,62,4,1.0,damage,0.0,0.9998039138603232,0.015543092014305196,0.015543092014305194,0.0,1.1925905526485783e-06,0.6348963965674567,0.050753301924081395,0.03851229579107891,-0.02779337207515499,-0.000415981256029656,0.26590827618433116,0.01205020090976776
T3_loading_history,62,4,1.0,history,0.0005600527626417682,8.980944933017355,0.20693391469263855,0.20693391469263853,0.10650973857855235,0.5434614359449171,0.7056277484193709,0.9999999999999999,0.5142096781342005,0.2639950990936135,-0.00023493229326078982,0.1610334573846095,0.2679413834048861
T3_loading_history,62,4,1.0,fatigue_degradation_deficit,0.0,0.9625887604078486,0.013468906574864862,0.01346890657486486,0.0,0.08320376395599449,0.31219534679101135,0.12134311426318757,0.10545002720913067,0.29055161497836246,0.0007351971864069269,0.17671456100735355,0.26831092165766507
T3_loading_history,62,4,1.0,ordinary_degradation_deficit,0.0,0.9999999316448459,0.02091057980357368,0.020910579803573675,0.0,2.3851785768691514e-06,0.8650391350811331,0.050753301924081395,0.04018804704828559,-0.025700297133358443,-0.0004872222530173103,0.2663736999826032,0.01397964161605539
T3_loading_history,62,4,1.0,raw_driver,2.615028939321074e-09,4919.633942353661,3.9114914683476805,3.91149146834768,7.147841237095925e-05,0.006444449292937259,0.016618182228595485,0.9999999999999999,0.0018626459896309757,-0.10901594561982024,-0.0003322095577411831,0.2367727239142745,0.004178583805208717
T3_loading_history,62,4,1.0,raw_cyclemax_driver,2.615028939321074e-09,4919.633942353661,3.9115277606228744,3.911527760622874,7.147841237095925e-05,0.006462055133908726,0.01668447190962325,0.9999999999999999,0.0018626459896309757,-0.10901115750406308,-0.0003321982845118342,0.23677684342294822,0.004178582198400751
T3_loading_history,62,4,1.0,active_driver,2.615028939321074e-09,1.4966640624144796,0.0012744025890594293,0.001274402589059429,7.016358238546823e-05,0.00618139417586018,0.015107672872707808,0.9999999999999999,0.010633255776067009,0.37171347359914847,0.0005022332054969155,0.1800762178136349,0.22682542781585835
T3_loading_history,63,4,1.0,damage,0.0,0.9998039138603232,0.01568793889403875,0.015687938894038748,0.0,1.1925905526485783e-06,0.6382674663291191,0.051216812489333165,0.03887433275677475,-0.023710400213485805,-0.0004022989719164438,0.26805876590263583,0.012078579084719347
T3_loading_history,63,4,1.0,history,0.0005600613056227358,9.125700269271656,0.20809257404934928,0.20809257404934925,0.10660533463609029,0.5462679239367205,0.7096351194291773,0.9999999999999999,0.5125176758395166,0.2647705542971534,-0.0002303772457618547,0.16119805784213817,0.26773759821127646
T3_loading_history,63,4,1.0,fatigue_degradation_deficit,0.0,0.9628605456649352,0.014046835886543221,0.01404683588654322,0.0,0.08836763605956266,0.31623263770147547,0.1258400536911609,0.11118815130674653,0.29544431737063026,0.0007238513339509185,0.17551741015148425,0.26768984321939693
T3_loading_history,63,4,1.0,ordinary_degradation_deficit,0.0,0.9999999316448459,0.021105750829603847,0.021105750829603843,0.0,2.3851785768691514e-06,0.8677092854468933,0.051216812489333165,0.040559385090525396,-0.021617673000563577,-0.0004735702557274445,0.268508379064516,0.014011170713930092
T3_loading_history,63,4,1.0,raw_driver,2.640202649280103e-09,4915.19111734186,3.9507867296144967,3.9507867296144963,6.823703910465845e-05,0.005889695975534478,0.016726797762783213,0.9999999999999999,0.0018785269096428495,-0.10478505031869592,-0.0003289029306613261,0.239041596101833,0.004000327296894564
T3_loading_history,63,4,1.0,raw_cyclemax_driver,2.640202649280103e-09,4915.19111734186,3.950843779936801,3.9508437799368004,6.823703910465845e-05,0.005927313971496831,0.01688882647498216,0.9999999999999999,0.0018785269096428495,-0.10477756991208187,-0.0003288847236468152,0.2390479756615088,0.004000345711294136
T3_loading_history,63,4,1.0,active_driver,2.640202649280103e-09,1.495292889670294,0.001208928981345084,0.0012089289813450837,6.691707283594159e-05,0.005577498340454588,0.01568091376759112,0.9999999999999999,0.01198262024488501,0.37273013829608026,0.0005541100733039839,0.18380613347236235,0.22364400091884454
T3_loading_history,64,4,1.0,damage,0.0,0.9998039138603232,0.01583144650585554,0.015831446505855537,0.0,1.1925905526485783e-06,0.6415406582769968,0.05169044476798331,0.03922998255119459,-0.019672815170113492,-0.0003908679561346245,0.27018226916330357,0.01210279245575796
T3_loading_history,64,4,1.0,history,0.0005600696394668295,9.270318392348589,0.20918691643564405,0.20918691643564402,0.10669791693883242,0.549111293917866,0.713495946182556,0.9999999999999999,0.5109506289965005,0.26550833580303546,-0.00022582874234206094,0.16136632314424404,0.26753433538983296
T3_loading_history,64,4,1.0,fatigue_degradation_deficit,0.0,0.9631041819571236,0.014618161384842529,0.014618161384842527,0.0,0.09322431999883773,0.32022069589506286,0.13210791133326344,0.11610914616136178,0.30004075654080836,0.0004556952481475441,0.17438153279143698,0.2669590149858084
T3_loading_history,64,4,1.0,ordinary_degradation_deficit,0.0,0.9999999316448459,0.021300048670294745,0.021300048670294742,0.0,2.3851785768691514e-06,0.8701272569679819,0.05169044476798331,0.040919444579816805,-0.017560903971897288,-0.00046263797910102195,0.2706266862241267,0.014037444161963019
T3_loading_history,64,4,1.0,raw_driver,2.669872054830106e-09,4910.561679973532,3.98815774420221,3.9881577442022094,6.374836349652483e-05,0.0055022047947085075,0.017397748122803258,0.9999999999999999,0.0018949539644878654,-0.10074224898833627,-0.00032529363872012507,0.2411874507878504,0.003829007726499867
T3_loading_history,64,4,1.0,raw_cyclemax_driver,2.669872054830106e-09,4910.561679973532,3.988210237043438,3.9882102370434374,6.374836349652483e-05,0.00550720421385386,0.017560686955284108,0.9999999999999999,0.0018949539644878654,-0.1007353863827119,-0.00032527501128968103,0.24119328123716685,0.0038290260183905266
T3_loading_history,64,4,1.0,active_driver,2.669872054830106e-09,1.493882274423712,0.0011455263191938062,0.001145526319193806,6.189579606659157e-05,0.00518665245542672,0.01630796614236449,0.9999999999999999,0.01189887787713656,0.3734157115384825,0.000607007146702971,0.18766940147226263,0.22048065012813403
T3_loading_history,65,4,1.0,damage,0.0,0.9998039138603232,0.01597356564329548,0.015973565643295478,0.0,3.845790435224164e-06,0.645216457678241,0.052086588514699786,0.03962352973664855,-0.01568715385691927,-0.00037876883114528647,0.27227392423867247,0.012123077661130938
T3_loading_history,65,4,1.0,history,0.0005600777241651394,9.414792402167812,0.21021809357273616,0.21021809357273613,0.10678655188304827,0.5520025085565401,0.7164533076074623,0.9999999999999999,0.5097952907459723,0.2662089154009195,-0.00022161045360492986,0.16153704306963992,0.2673309627135592
T3_loading_history,65,4,1.0,fatigue_degradation_deficit,0.0,0.9633213513117989,0.015208431656323922,0.01520843165632392,0.0,0.09806428853056393,0.3240085073881004,0.14034781969291732,0.12125697980282898,0.30464019070524806,0.00047681863220743755,0.17328147507300112,0.26616437691694
T3_loading_history,65,4,1.0,ordinary_degradation_deficit,0.0,0.9999999316448459,0.02149279821921281,0.021492798219212808,0.0,7.691560291123167e-06,0.8727106483950908,0.052086588514699786,0.04126839295416722,-0.013551150641770406,-0.0004506132707793609,0.27271543131339876,0.014058974498559172
T3_loading_history,65,4,1.0,raw_driver,2.7137909677159115e-09,4905.257980653802,4.026224226093207,4.026224226093206,5.931835512510535e-05,0.004948533899247695,0.018239835144862437,0.9999999999999999,0.001908097421983107,-0.09659275639545138,-0.00032124029119935216,0.243384197146833,0.0036539605520169733
T3_loading_history,65,4,1.0,raw_cyclemax_driver,2.7137909677159115e-09,4905.257980653802,4.026300041433116,4.026300041433115,5.931835512510535e-05,0.004976255176885672,0.01829848879085122,0.9999999999999999,0.001908097421983107,-0.09658288827410326,-0.0003212008579796436,0.24339252964342795,0.0036539744538545897
T3_loading_history,65,4,1.0,active_driver,2.7137909677159115e-09,1.4924400464598073,0.0010834079151775496,0.0010834079151775494,5.813411357645862e-05,0.00466145137067487,0.01673384218575459,0.9999999999999999,0.011639765015393308,0.3739410042203251,0.0005998664698541518,0.19167928840027473,0.21683449690988257
T3_loading_history,66,4,1.0,damage,0.0,0.9998039138603232,0.016152172483385525,0.016152172483385522,0.0,9.999950371670812e-06,0.6496447352745965,0.052596168967530374,0.04004839965239208,-0.010669652001202123,-0.000361782389375478,0.2749139423888989,0.012129270043246263
T3_loading_history,66,4,1.0,history,0.0005600854344041794,9.559064402389392,0.21117342632748218,0.21117342632748215,0.1068687887992587,0.5546022636241472,0.7198707917971263,0.9999999999999999,0.5087006334940005,0.2668674165152824,-0.0002180337133687906,0.1617107608457987,0.2671231546514315
T3_loading_history,66,4,1.0,fatigue_degradation_deficit,0.0,0.9635067976532296,0.015782608124693658,0.015782608124693655,0.0,0.1025283474828711,0.3277610956272834,0.1488670652875098,0.12832096642166663,0.3089285433711134,0.000517813420539871,0.1722685913322078,0.26532821209674234
T3_loading_history,66,4,1.0,ordinary_degradation_deficit,0.0,0.9999999316448459,0.02173360939804926,0.021733609398049258,0.0,1.9999792203906352e-05,0.8754675658140199,0.052596168967530374,0.04177921404501003,-0.008531258360352572,-0.00043290027496576696,0.2753387279402048,0.014063774371780047
T3_loading_history,66,4,1.0,raw_driver,2.5778673857909552e-09,4897.419154849938,4.07656116250656,4.076561162506559,5.391987503165779e-05,0.004279079287997472,0.018941261667357844,0.9999999999999999,0.0019291839930274165,-0.0910728856540098,-0.0003152670254304417,0.24627090757702527,0.003420016448399877
T3_loading_history,66,4,1.0,raw_cyclemax_driver,2.5778673857909552e-09,4897.419154849938,4.076632854890582,4.0766328548905815,5.391987503165779e-05,0.004279079287997472,0.018966739698531465,0.9999999999999999,0.0019291839930274165,-0.09106363952332107,-0.00031524032917955216,0.24627861190652633,0.0034200861844460215
T3_loading_history,66,4,1.0,active_driver,2.5778673857909552e-09,1.4904535952460585,0.001002048741173019,0.0010020487411730188,5.235469630047269e-05,0.004013081574834758,0.015973328710878615,0.9999999999999999,0.010604683465529164,0.37423036772667845,0.0005316244873031424,0.19735352005364465,0.2114864292404114
T3_loading_history,67,4,1.0,damage,0.0,0.9998039138603232,0.016354268482153805,0.0163542684821538,0.0,1.6561676237032618e-05,0.6542904567661162,0.05320848203534448,0.04054608880990325,-0.0049967876472912605,-0.00034421348567305484,0.27790261579509157,0.012122070478577489
T3_loading_history,67,4,1.0,history,0.0005600926541576006,9.703044735098842,0.2120358425873634,0.21203584258736338,0.10694206193869303,0.5569764084845807,0.7228309292559436,0.9999999999999999,0.5074869722937915,0.2674738777890619,-0.0002144485004411847,0.1618862698326554,0.266911591445731
T3_loading_history,67,4,1.0,fatigue_degradation_deficit,0.0,0.9636568694113062,0.016315725021492828,0.016315725021492825,0.0,0.10673940977081575,0.33094014022072704,0.15621331806430783,0.13156036761119871,0.3127625358361482,0.0005778751939663224,0.1713940303888761,0.2644705496587229
T3_loading_history,67,4,1.0,ordinary_degradation_deficit,0.0,0.9999999316448459,0.022005886703886014,0.02200588670388601,0.0,3.3122954559150486e-05,0.8786134531521856,0.05320848203534448,0.042285358463304806,-0.0028596453731725867,-0.00041552203453338563,0.27830788006627266,0.014052476858997633
T3_loading_history,67,4,1.0,raw_driver,2.4531987259470786e-09,4887.370448848112,4.1390025387279685,4.139002538727968,4.6387969607675916e-05,0.0035792586711812704,0.017831440797458697,0.9999999999999999,0.0019491328923873993,-0.08415905770506367,-0.0003067791027611138,0.24985129376581783,0.003128183477593198
T3_loading_history,67,4,1.0,raw_cyclemax_driver,2.4531987259470786e-09,4887.370448848112,4.139082796740769,4.139082796740768,4.649664667342719e-05,0.0035792586711812704,0.018721180506799828,0.9999999999999999,0.0019491328923873993,-0.08414881278058901,-0.00030675053466323974,0.24985970451644535,0.0031284253790642372
T3_loading_history,67,4,1.0,active_driver,2.4531987259470786e-09,1.4874662713173028,0.0009037348752350622,0.0009037348752350621,4.54650430360962e-05,0.003248488313885178,0.013884777511925087,0.9999999999999999,0.00935152585979003,0.3738741469746274,0.0006158107024602477,0.20497245913328055,0.20390582756148207
T3_loading_history,68,4,1.0,damage,0.0,0.9998039138603232,0.017056564904833964,0.01705656490483396,0.0,3.304584692181296e-05,0.6845842599329611,0.054743489896920086,0.04194469783791509,0.014815320398209318,-0.0002481926598781459,0.28846481258332984,0.012005393647705672
T3_loading_history,68,4,1.0,history,0.0005600966960401367,9.843371619265106,0.21251293181804357,0.21251293181804354,0.10698292557753036,0.5584484445054977,0.724205706643296,0.9999999999999999,0.5065642939530652,0.26778797456217246,-0.00021249651082293143,0.1620018461058425,0.26679597803018557
T3_loading_history,68,4,1.0,fatigue_degradation_deficit,0.0,0.9637396204896649,0.016646642416372846,0.016646642416372842,0.0,0.10906180918768638,0.3324862794029413,0.15914246195057377,0.13501150239844323,0.31505897503765645,0.0006841451955585956,0.17093860268785643,0.2638743820292758
T3_loading_history,68,4,1.0,ordinary_degradation_deficit,0.0,0.9999999316448459,0.022921550051672103,0.0229215500516721,0.0,6.609021914905089e-05,0.8984484351907772,0.054743489896920086,0.04377541492573121,0.01631086478768943,-0.00031835734132230415,0.28846636129298897,0.013914535648052773
T3_loading_history,68,4,1.0,raw_driver,8.481462445975741e-10,4756.265609659802,4.9013371069692635,4.901337106969263,2.892036575696298e-08,1.7480895585827515e-07,1.4805906830941723e-06,0.9999999999999999,0.002044782909997059,-0.002286615724117021,-0.00011699929388144519,0.2878307539546513,0.0009731017311322848
T3_loading_history,68,4,1.0,raw_cyclemax_driver,3.342223990674875e-09,4756.265609659802,4.901899184986835,4.901899184986834,2.5841479744291573e-05,0.001989260557929264,0.010214137866767127,0.9999999999999999,0.002044782909997059,-0.0022371964538040316,-0.00011691069692839148,0.2878532024103585,0.0022821142386621972
T3_loading_history,68,4,1.0,active_driver,2.956283750785151e-10,1.4504385558509316,7.725108493385274e-05,7.725108493385273e-05,2.7365559255804e-08,1.6660561812614808e-07,4.467201474078791e-07,0.9999999999999999,0.00017244207453925457,-0.17821229005716646,0.00014921730820729757,0.16943960876852762,0.006990201067526094
T3_loading_history,69,4,1.0,damage,0.0,0.9998039138603232,0.017056566071359386,0.017056566071359382,0.0,3.304584692181296e-05,0.6845842599329611,0.054743489896920086,0.04194469783791509,0.014815304952680821,-0.00024819290482511414,0.2884648185707886,0.012005393561110023
T3_loading_history,69,4,1.0,history,0.000560100413490289,9.98369902084845,0.2125294959216187,0.21252949592161868,0.10698296784211528,0.5584636903732089,0.7242057216803347,0.9999999999999999,0.5057277839124348,0.26775588611354983,-0.0002124773402509437,0.1620475638596874,0.26678561381650107
T3_loading_history,69,4,1.0,fatigue_degradation_deficit,0.0,0.9637396215513861,0.016650222515157895,0.01665022251515789,0.0,0.10908843503112742,0.3325615561555664,0.15914246195057377,0.13501150239844323,0.3149638850295083,0.000683936493703264,0.17109699420766902,0.2638460187100164
T3_loading_history,69,4,1.0,ordinary_degradation_deficit,0.0,0.9999999316448459,0.02292155067467829,0.022921550674678288,0.0,6.609021914905089e-05,0.8984484351907772,0.054743489896920086,0.04377541492573121,0.01631085629491319,-0.00031835756624930804,0.28846636550581467,0.013914535802574094
T3_loading_history,69,4,1.0,raw_driver,1.314991800228485e-09,4756.280325513703,4.901218381302809,4.901218381302808,2.905366964454306e-08,1.7474941293635068e-07,1.4889426212627392e-06,0.9999999999999999,0.002044782909997059,-0.00229829157076201,-0.0001170364614045946,0.28782595117324666,0.0009730762220907981
T3_loading_history,69,4,1.0,raw_cyclemax_driver,1.314991800228485e-09,4756.280325513703,4.901218381302809,4.901218381302808,2.905366964454306e-08,1.7474941293635068e-07,1.4889426212627392e-06,0.9999999999999999,0.002044782909997059,-0.00229829157076201,-0.0001170364614045946,0.28782595117324666,0.0009730762220907981
T3_loading_history,69,4,1.0,active_driver,3.043032643448825e-10,1.4504440818083522,7.724805188074927e-05,7.724805188074925e-05,2.7446457548038777e-08,1.665874963980115e-07,4.4698221386291945e-07,0.9999999999999999,0.00017244207453925457,-0.17821168068315038,0.0001492244267031069,0.1694373325517006,0.006991963082790009
T3_loading_history,70,4,1.0,damage,0.0,0.9998039138603232,0.01705656723199086,0.017056567231990855,0.0,3.304584692181296e-05,0.6845842599329611,0.054743489896920086,0.04194469783791509,0.01481529004090036,-0.0002481931445674191,0.28846482459114975,0.01200539348132535
T3_loading_history,70,4,1.0,history,0.0005601041273093359,10.124026544620236,0.21254605833625023,0.2125460583362502,0.10698301010112697,0.5584636939544797,0.7243530301921133,0.9999999999999999,0.5042394177264493,0.2677238062693771,-0.00021245817278523128,0.16209324941072725,0.2667752518690623
T3_loading_history,70,4,1.0,fatigue_degradation_deficit,0.0,0.96373962261301,0.01665376083259406,0.016653760832594056,0.0,0.1090884512689353,0.33256156279930515,0.15914246195057377,0.13501150239844323,0.314870564467316,0.000683732342937945,0.1712524612181866,0.26381799546195245
T3_loading_history,70,4,1.0,ordinary_degradation_deficit,0.0,0.9999999316448459,0.022921551298227677,0.022921551298227674,0.0,6.609021914905089e-05,0.8984484351907772,0.054743489896920086,0.04377541492573121,0.016310848064533742,-0.0003183577874210486,0.2884663697259606,0.013914535962643998
T3_loading_history,70,4,1.0,raw_driver,1.3146437503069108e-09,4756.283348500361,4.90121883960817,4.901218839608169,2.905090585991028e-08,1.7471102383854177e-07,1.4884491606032522e-06,0.9999999999999999,0.002044782909997059,-0.0022982761268394774,-0.00011703720419675908,0.2878259828349874,0.000973076130245065
T3_loading_history,70,4,1.0,raw_cyclemax_driver,1.3146437503069108e-09,4756.283348500361,4.90121883960817,4.901218839608169,2.905090585991028e-08,1.7471102383854177e-07,1.4884491606032522e-06,0.9999999999999999,0.002044782909997059,-0.0022982761268394774,-0.00011703720419675908,0.2878259828349874,0.000973076130245065
T3_loading_history,70,4,1.0,active_driver,3.0419365824394455e-10,1.4504453176454364,7.724459696812486e-05,7.724459696812484e-05,2.7442812351765864e-08,1.6655064660159491e-07,4.468875213116474e-07,0.9999999999999999,0.00017244207453925457,-0.17820989085591218,0.00014923111191913314,0.1694369947535118,0.006991432914463974
T3_loading_history,71,4,1.0,damage,0.0,0.9998039138603232,0.017056568377498055,0.01705656837749805,0.0,3.304584692181296e-05,0.6845842599329611,0.054743489896920086,0.04194469783791509,0.014815275418599061,-0.00024819338080295087,0.28846483052851246,0.01200539340557593
T3_loading_history,71,4,1.0,history,0.0005601078379181705,10.264354187467099,0.21256261909473004,0.21256261909473,0.10698305235469116,0.5584642323039944,0.7244541642716911,0.9999999999999999,0.5033989637428508,0.26769173494612974,-0.0002124390084328353,0.16213890291946062,0.26676489216683114
T3_loading_history,71,4,1.0,fatigue_degradation_deficit,0.0,0.9637396236745336,0.016657241717968885,0.016657241717968882,0.0,0.10908846750398582,0.332561569440452,0.15914246195057377,0.13501150239844323,0.3147788076976862,0.0006835312481018141,0.1714050962981119,0.26379043588603546
T3_loading_history,71,4,1.0,ordinary_degradation_deficit,0.0,0.9999999316448459,0.022921551915542626,0.022921551915542623,0.0,6.609021914905089e-05,0.8984484351907772,0.054743489896920086,0.04377541492573121,0.016310839972906024,-0.0003183580056140545,0.28846637388709734,0.013914536123449301
T3_loading_history,71,4,1.0,raw_driver,1.3142833281489798e-09,4756.286293565606,4.901219326992548,4.901219326992547,2.9047979685366624e-08,1.7467366244731718e-07,1.4871084340838635e-06,0.9999999999999999,0.002044782909997059,-0.0022982617454890986,-0.00011703792327746049,0.28782601390295726,0.0009730760415648408
T3_loading_history,71,4,1.0,raw_cyclemax_driver,1.3142833281489798e-09,4756.286293565606,4.901219326992548,4.901219326992547,2.9047979685366624e-08,1.7467366244731718e-07,1.4871084340838635e-06,0.9999999999999999,0.002044782909997059,-0.0022982617454890986,-0.00011703792327746049,0.28782601390295726,0.0009730760415648408
T3_loading_history,71,4,1.0,active_driver,3.0408600068493796e-10,1.4504465207231405,7.724123515007308e-05,7.724123515007307e-05,2.7439234401688484e-08,1.6651477895585796e-07,4.468746941037661e-07,0.9999999999999999,0.00017244207453925457,-0.17820818908801758,0.00014923761839072882,0.16943659041758752,0.006990913239167788
