iteration,delta_l2,adjacent_delta_cosine,adjacent_delta_angle_deg,lag2_state_l2,lag3_state_l2,update_support_jaccard,lower_bound_active_jaccard,lower_bound_active_count
1,0.13315488911917986,nan,nan,nan,nan,nan,nan,85869
2,0.17463426884324004,0.8133138990437149,35.57901640571761,0.29334619495757625,nan,0.5089058524173028,0.9964368471919794,85583
3,0.17645760091636659,0.9726213615833942,13.438148336823046,0.34868054968877854,0.4617305143310168,0.8617283950617284,0.9987500730097542,85520
4,0.16190895402573266,0.9610035442130536,16.053573761600624,0.33505770085737663,0.5065233851458025,0.8090452261306532,0.9987960538619787,85481
5,0.18406830067653254,0.9253920181385029,22.27245760448484,0.3394897361564982,0.5109644027709491,0.7351694915254238,0.998853640276998,85397
6,0.1643569101283267,0.8307901742318338,33.82000624009608,0.3334095868632832,0.4903378257012911,0.7104166666666667,0.999016704320648,85373
7,0.15668939024606657,0.8894935763512141,27.190321249883947,0.31205606332363334,0.4865806298660607,0.8056872037914692,0.9992270395615206,85333
8,0.16242859631837414,0.9447613272130162,19.13281893919725,0.3146816619307259,0.46761124502756213,0.8780487804878049,0.9990157480314961,85271
9,0.13260193371676518,0.9390636189949141,20.10510660299607,0.2905478892389487,0.44442392364053446,0.8135964912280702,0.999132290518515,85219
10,0.14359791154041313,0.9406596166974106,19.837372915370086,0.27207813441972334,0.43057712861065894,0.8855140186915887,0.9993194724738349,85179
11,0.12920248442496504,0.8087908748332836,36.02203571376788,0.2594705592295709,0.3884014674645812,0.8512931034482759,0.9994013311577786,85148
12,0.12894683052617517,0.6800632384284937,47.151415084974474,0.23660223032291222,0.37148828587026017,0.8717391304347826,0.9991428906892098,85119
13,0.1183314481133527,0.825898207695265,34.32033827445863,0.2362911230105721,0.3483061086350096,0.6055226824457594,0.9990838295923041,85077
14,0.12308030100663499,0.6181739476796173,51.817091262240716,0.2171580000423969,0.3266641211341388,0.6918604651162791,0.9990483128113544,85066
15,0.14341581817312843,0.3857961258967352,67.30682637449381,0.22211875896135724,0.31398221995071096,0.8169556840077071,0.999083334312677,85038
16,0.1578265186146262,0.4578929455881064,62.748773508812285,0.2573051788079068,0.35192327359692654,0.8076923076923077,0.9986133471215202,85038
17,0.1062127710877637,0.5458925998682146,56.914318091462164,0.23343557468707615,0.3413797541417373,0.8138297872340425,0.9988360472635354,84973
18,0.10050791393749914,0.8512908393706924,31.64765302695632,0.19889302250117272,0.3224159863559093,0.825925925925926,0.9987998164425147,84899
19,0.11933043445765568,0.8445548652457937,32.37572530564771,0.21118756923685691,0.3075805534271654,0.8716577540106952,0.9963614954371505,84642
20,0.11956345582021667,0.7264289220329981,43.412152546137534,0.22195474257318829,0.30895918087412033,0.7802768166089965,0.9988425515832241,84598
21,0.09717186990845557,0.5783614597821078,54.664621215948934,0.19281295543867916,0.29815213913669897,0.6732142857142858,0.9990782103098631,84560
22,0.10089942179345739,0.646165686444548,49.746869002461835,0.1797048665020805,0.2642843014835445,0.8051001821493625,0.9990187037431132,84521
23,0.0841566716052652,0.6876895274670619,46.552507920809674,0.17012312219410045,0.24813546005493084,0.7616387337057728,0.9991601410016797,84484
24,0.1420623448927747,0.18506415002443136,79.3351274942597,0.17801438684004106,0.2468480048733247,0.7941834451901566,0.9990180303819034,84481
25,0.1459181226683165,-0.30224544249915974,107.59251963727895,0.17012651847805266,0.2301043737997433,0.7635135135135135,0.9993017007728634,84442
26,0.10678758827934484,0.4100239309781604,65.79366188322662,0.21324604039274714,0.22827711896885958,0.8678414096916299,0.9989226434304928,84399
27,0.10087068900293815,0.18979733294825243,79.05904297876954,0.16021042116037984,0.2810027685465395,0.7440944881889764,0.999111690157527,84386
28,0.0849460577610034,0.36640260089094806,68.5060733225982,0.15384998983707598,0.2208011394238485,0.6792035398230089,0.9991113954645624,84343
29,0.09783041677410165,0.36935508210610013,68.32415096983726,0.15141179721401615,0.23120946293040864,0.6717724288840262,0.9991702720322408,84317
30,0.12245946757348507,0.3945111319031744,66.76451189899838,0.18444458274246767,0.2252575234313716,0.8151447661469933,0.9994663377726124,84284
31,0.07418392364685465,0.6910335530576679,46.28802066882291,0.1818103331334386,0.24842820819421196,0.7964601769911505,0.9992882731133307,84260
32,0.08681556777890577,0.660183030539537,48.686166765987174,0.14677798391667188,0.2452671159067658,0.6629001883239172,0.9995372238175475,84249
33,0.1458791441979156,-0.08767051668362116,95.02960770824996,0.1630860105840358,0.21227538266366927,0.8004073319755601,0.9992524384744998,84236
34,0.11647879123674798,-0.566365323039873,124.4971555897941,0.12490344688277635,0.18654611366203747,0.8884120171673819,0.9992879437000819,84230
35,0.1272961618733578,0.27332036898236345,74.13805590137109,0.19461970487245303,0.18958364097049352,0.7532228360957642,0.9983398356437287,84288
36,0.08931959734382837,0.3591463803718244,68.95221842179281,0.17985917296383658,0.23232046179058446,0.6704119850187266,0.9992884250474383,84292
37,0.06476461787304724,0.6116922090112511,52.28803847481051,0.13874227441246345,0.23385498379766786,0.6896551724137931,0.9996915703812664,84278
38,0.09469025360441821,0.6742420401745879,47.60468210149406,0.14639120118064414,0.20453412973764742,0.6980802792321117,0.9991695830120411,84242
39,0.06119688054125352,0.3879818189034523,67.17101956726427,0.13117856593659347,0.18572265213752984,0.6175438596491228,0.9995727307254083,84234
40,0.0714315659511247,0.4184002407520388,65.26637086758417,0.11182802524085399,0.18142641068163803,0.7292576419213974,0.9994183976261127,84217
41,0.07310305419530048,0.6123301777598466,52.24181863398162,0.12977494740654383,0.171021090409461,0.614065180102916,0.9988841273044552,84167
42,0.08747699637524013,0.33677668388907794,70.31938655553193,0.131542937807029,0.17987147654900326,0.7253521126760564,0.9993942777058565,84176
43,0.12211216760493476,-0.4487475274175246,116.6633549663362,0.11391470112212078,0.17185328683028692,0.8501945525291829,0.9991923798665051,84152
44,0.060262376973797625,0.5174264786403266,58.84021744771141,0.16173490628566947,0.16756473914015813,0.6377551020408163,0.9996791825095057,84141
45,0.10085415511020995,0.5407582414288216,57.26472944612042,0.14274543575904897,0.20114794801442143,0.7047970479704797,0.9994177756653992,84130
46,0.05620354621319482,0.47636341416972144,61.55184103615398,0.13686050915788586,0.18734617164352255,0.7542735042735043,0.999702865564496,84119
47,0.058707913963363736,0.8445682271382426,32.374295540207704,0.11035814656975473,0.18076888442557218,0.6081967213114754,0.9995483449218517,84113
48,0.05879440452710591,0.6961167551851256,45.88372490276161,0.10820799035838663,0.15723337645119717,0.6257575757575757,0.9991561281734335,84088
49,0.07138076299032019,0.33052915813037026,70.69910362624516,0.10642517512039268,0.15576844935439454,0.671280276816609,0.9994768257591972,84072
50,0.05579527901287629,0.5061112556253368,59.59485219385534,0.11063324448437532,0.15144942659043817,0.7693836978131213,0.9995837644344547,84067
51,0.07535689978517358,0.44415314380477133,63.630830125633196,0.11192279447424229,0.1712618638012857,0.7770114942528735,0.9993934636791779,84050
52,0.06169635934708755,0.36372568480849665,68.67081980538096,0.11343369755199653,0.1560285243231807,0.7110655737704918,0.9993695729749019,84037
53,0.0921232681364906,0.3463570339220659,69.735343811224,0.12739817750494345,0.1616694580763863,0.6032520325203252,0.9982397925809636,83977
54,0.10285725371877005,-0.23161182077476422,103.39198496203858,0.1211487271177761,0.1596115396609348,0.7017241379310345,0.998430066603235,84051
55,0.06592405966666957,0.12682217520114586,82.71400370113744,0.1290174395651145,0.15773498683911485,0.6715481171548117,0.999571714095365,84025
56,0.06382851834266957,0.2933375851931861,72.94212155634324,0.10434890388808063,0.17906166928229944,0.7525,0.9994169789993456,84016
57,0.09542086808533519,0.07167459117195535,85.88982412682687,0.11854239927693586,0.17623645064938512,0.7104072398190046,0.9995120790193979,84003
58,0.05481562778846869,0.5895370805177527,53.87583509059372,0.13519285156646274,0.16253820196911956,0.8276699029126213,0.9995714897871733,83985
59,0.07914780805026547,0.42339738039553154,64.9507350948666,0.11376721315559946,0.19246713998930284,0.594059405940594,0.9992857568001905,83965
60,0.052862633652648525,0.675087545681148,47.53905100215175,0.12127619002195018,0.1595833052964856,0.750814332247557,0.999654650899694,83952
61,0.08533409223136224,0.15481538368581765,81.09391072716788,0.10711258112901305,0.14830050651134952,0.6712598425196851,0.9995474412566842,83944
62,0.08353705243785778,-0.24378080723915607,104.1097946776248,0.10384957832136266,0.1442730587724032,0.6873786407766991,0.9991546512043243,83963
63,0.06253803599236825,0.6771719168559798,47.37696002287868,0.13403308035242517,0.1435159953309423,0.6679611650485436,0.999618929668707,83953
64,0.09648081960590253,0.4058016949634371,66.05862476884522,0.13459770759561035,0.18996896127649135,0.559322033898305,0.9991783268830009,83928
65,0.05314523941158432,0.6023845557399716,52.9591295546509,0.1353159788535701,0.17954245173032082,0.6097560975609756,0.9997140644546375,83918
66,0.1170282537893047,0.027245348245892535,88.43876334016895,0.1298419548828203,0.15409246825805656,0.7428571428571429,0.9994400762449369,83915
67,0.09057234833113116,-0.34298208669407393,110.0586634129582,0.12094655393270318,0.14729194450995542,0.5137931034482759,0.9991424283570357,83929
68,0.10224967815276607,0.11707433479650964,83.2767159880342,0.14431492044770294,0.1325287863919302,0.7846715328467153,0.9991066217198128,83898
69,0.05509505251139492,0.7113099756893431,44.65840125636645,0.14664488341564402,0.19252645142225477,0.6403508771929824,0.9997020439783088,83887
70,0.07222900321730738,0.7712115134772175,39.53719330173954,0.11996043336975416,0.2067922073694829,0.6655231560891939,0.9993802662471546,83875
71,0.05695191658210293,0.390492202602082,67.01487085158782,0.10804254563539042,0.1550899867894677,0.6847222222222222,0.9985934799451696,83797
72,0.0677689256209631,0.19332894948501192,78.85287801980897,0.09658406383145708,0.15844380468355287,0.602760736196319,0.9997016884434103,83788
73,0.057215090034346834,0.3203886846100685,71.31356749511644,0.10173862245331262,0.13833029530104857,0.8164251207729468,0.9997732642783838,83789
74,0.059603851353657984,0.24187869572138937,76.00255093050164,0.09206472883650899,0.14748747580254012,0.8288508557457213,0.9997613165777571,83777
75,0.05457373416793174,0.40479950796724185,66.12143610970475,0.09573076346228286,0.13683037001613516,0.727810650887574,0.9996419791393178,83781
76,0.055550223208579365,0.5944476781290465,53.52673166516488,0.09832779284780739,0.13938048793748797,0.52,0.9995703852212516,83775
77,0.05269512535981206,0.3603265312165248,68.87974922666528,0.08928671737196456,0.13720908586725192,0.598,0.9996896893312806,83773
78,0.06731322166540453,0.4488667556313781,63.329000612770294,0.10243133027775678,0.14196670082046842,0.6781609195402298,0.9995584040483607,83764
79,0.1291126437245543,0.14974201388210315,81.38802381319617,0.1542853093267717,0.17552509015567255,0.5100182149362478,0.9993912991585606,83755
80,0.11979729905322728,-0.7093670918938487,135.18344349286852,0.0952754697648919,0.135752739423832,0.7410714285714286,0.9995702723995512,83757
81,0.09811106907041409,-0.21252037396499288,102.27009362485917,0.137773304186272,0.169559612737604,0.6821705426356589,0.9993555239947964,83767
82,0.0903434771431346,0.07406333888879113,85.7525941082746,0.13820519327545908,0.1409736120592985,0.8803088803088803,0.9993554778415669,83745
83,0.0541058092883229,0.20860780923411534,77.95922121797234,0.11458087546859354,0.16235824426642656,0.6167664670658682,0.9996298905192278,83742
84,0.060513269431190085,0.3291171422240402,70.78480161337573,0.09351166786286803,0.14686158984094894,0.5980392156862745,0.9993792304845583,83740
85,0.07926905310823187,0.01165597562576825,89.33214666733156,0.10028590137694071,0.13900766147269192,0.5062836624775583,0.9995105471128248,83753
86,0.06687517543916784,-0.11575150809151959,96.64697277130551,0.09761477276546687,0.13542414435596561,0.6144278606965174,0.9997492836676217,83746
87,0.07958373518215313,0.7481457529503098,41.56998842727106,0.1370014128210026,0.1544131526269576,0.6635294117647059,0.9995224393796488,83732
88,0.059425905757329735,0.5493168295610037,56.67984276101104,0.12272251789123646,0.17951668094939238,0.7914893617021277,0.9996059419182269,83723
89,0.09720278934192131,0.3329346034092811,70.55300891122553,0.12971554768769927,0.1957357420792751,0.7738589211618258,0.9995939765222895,83721
90,0.046419465856357055,0.5556674201329365,56.2433026669733,0.12890928878012142,0.16806676243142116,0.7543859649122807,0.9998089004610277,83715
91,0.062230381803968594,0.6958733877370943,45.90314415591229,0.10023835417621575,0.16035349680320413,0.6389413988657845,0.9993790229164428,83711
92,0.06883475676671105,0.1961818709741383,78.68622652512342,0.10144741820687046,0.1442176578367201,0.7902621722846442,0.9994983876746686,83707
93,0.06834906933771898,0.5574829657614462,56.118093836778705,0.1210599080052086,0.1549485920385595,0.7607361963190185,0.9994028424698436,83703
94,0.09187805766600575,-0.10555659860350457,96.05923552512206,0.10856992393109427,0.14176763990588015,0.8200455580865603,0.9995102840352595,83700
95,0.06714887823225323,-0.08006073443521693,94.5920567603153,0.1093740305743075,0.14060663427177444,0.8189655172413793,0.9993789784195001,83714
96,0.07099271769506901,0.3919824051546725,66.92209319780676,0.11526561431960401,0.15745710973824073,0.845841784989858,0.9994864751895862,83713
97,0.08520684473515674,-0.19817104911767264,101.43002730259866,0.09951217540148742,0.14158157823751505,0.6666666666666666,0.9994625774784135,83708
98,0.06391749613278222,-0.0662031676644463,93.79593839274445,0.1030754104359045,0.13638833668934722,0.78125,0.9994506216335647,83708
99,0.0911228093663378,0.3701773133388846,68.27344693103085,0.12923192759142135,0.16621736884276814,0.5655430711610487,0.9991402266458091,83706
100,0.07905690903524863,0.06837298171549668,86.07945799198862,0.12465337464473761,0.16226395849683278,0.5904761904761905,0.9994983996560455,83716
101,0.04167846884822209,0.30209525132899895,72.41650767410806,0.09988933761126571,0.1520777057933381,0.6716417910447762,0.9998924949532353,83709
102,0.067519327821445,0.7763991266415801,39.06794501630406,0.10327481482756207,0.12990317363371592,0.837465564738292,0.999617778096296,83701
103,0.08969332616832575,0.7853044069939356,38.25115904323034,0.14871251239285396,0.18312294524612108,0.7894736842105263,0.9996296827217125,83692
104,0.06485955007691413,0.1999061859206491,78.46852690390175,0.12073752517934794,0.17952641859529506,0.82,0.9985905567300916,83632
105,0.08488160897126028,0.6882938399929198,46.504797193320584,0.13780526530086765,0.18318544627635966,0.7221135029354208,0.9993186708104231,83631
106,0.1010890049095358,-0.36761480097153,111.56859088776606,0.10542848407612264,0.14419198873059336,0.7231075697211156,0.9996174399560056,83631
107,0.06160880042888003,0.7106006531015991,44.71619284981145,0.1512145284451675,0.15651728337137255,0.707089552238806,0.9995098566629607,83626
108,0.09350449136142674,0.051641959262921505,87.03981694481489,0.11460245118565099,0.17383250692943203,0.6715927750410509,0.9993425378040762,83629
109,0.058432415751844505,0.21634781468131967,77.50538735703715,0.12050540789713983,0.15129559433434103,0.5227272727272727,0.9994500765110941,83621
110,0.08884747644567152,0.09290177368697532,84.66943383615158,0.11078282313679545,0.14773096521757229,0.767590618336887,0.9994739484947753,83619
111,0.07144334886596086,0.3001276781736099,72.53472807048767,0.1296463798620869,0.15953272866406928,0.524451939291737,0.9995217370510306,83613
112,0.06334575377203304,0.3919083245360846,66.92670684983995,0.11253489655798152,0.15809750329290018,0.46034816247582205,0.9994858611825193,83614
113,0.1013220520026242,-0.03663690250423917,92.09960977130139,0.11750977783148185,0.1643315790921258,0.7017994858611826,0.9993543450188914,83604
114,0.05265261253210939,0.4926048761844514,60.48806320379318,0.13525687603272565,0.15875647378928104,0.7896039603960396,0.9996770875690674,83597
115,0.06581600012092573,0.30467649642992284,72.26129777845242,0.09599836355454469,0.14563840842614578,0.6930022573363431,0.9994020712252757,83597
116,0.05701630489042374,0.3190452341770907,71.3948054735906,0.09988540282812679,0.1372756971783523,0.747016706443914,0.9994379267869743,83594
117,0.06996850747429971,0.5062561915666922,59.585223285488254,0.11038891719261536,0.14241604027157928,0.7309644670050761,0.9997846889952153,83588
118,0.047701456839748364,0.7001571583434733,45.560385803154475,0.10883340351797166,0.1515395993771435,0.5030959752321982,0.9991268882536569,83557
119,0.08088006052292479,0.3731550416864129,68.08967103473805,0.10814966323006646,0.1616925862344071,0.6725925925925926,0.9994017850733411,83557
120,0.10333505861841619,0.28987656006550583,73.14943400066919,0.14854342035879972,0.16985936728752163,0.6225402504472272,0.9985295172512733,83612
121,0.09702035652489138,-0.40640649916704047,113.9792956865792,0.10928011020613446,0.17028965346130193,0.8060046189376443,0.9995575591615148,83605
122,0.05847065170719274,0.2867042685438457,73.33925212614255,0.12682516930537158,0.15725959424945193,0.7764976958525346,0.999533604400861,83596
123,0.045644840488121806,0.7317043257673648,42.97053537544572,0.0969945146960836,0.16354320605310102,0.8023255813953488,0.9995335820895522,83597
124,0.05735594119894143,0.7403506096533516,42.23870929909148,0.09617502468400013,0.14593518024638977,0.7755102040816326,0.9997488128416444,83588
125,0.08162949149871743,0.3944642230522387,66.76743678264226,0.11681947874611562,0.15343327831823603,0.6603448275862069,0.9992346694728786,83596
126,0.09385627582023484,0.0639808181317831,86.33166349219768,0.12826825328415958,0.1666902424897431,0.680952380952381,0.9994857259038666,83587
127,0.09213783574219693,-0.05521760981454282,93.16534590398236,0.1278411869368682,0.18311651131212667,0.5380952380952381,0.9994857074512619,83590
128,0.1016714451244289,0.08946100582134818,84.86740008154386,0.14318717403322445,0.14382493671500002,0.5737439222042139,0.9993900834748499,83595
129,0.07243892255428146,-0.3059194560713197,107.81348913088411,0.10525352753641831,0.15022649566609395,0.8244406196213425,0.9993781020151886,83583
130,0.080507356137344,0.36928427138114084,68.32851677759311,0.1266335846721144,0.14901872015130815,0.6773109243697479,0.9995215024822058,83567
131,0.057370038307563785,0.11926409494642652,83.15036667688746,0.10428062259487444,0.14922529752744865,0.6291666666666667,0.9995573580255775,83574
132,0.06099498005555153,0.1961339689882986,78.6890254840267,0.09156618339080361,0.15145823440319897,0.7586206896551724,0.9998205355220023,83575
133,0.06336116981753932,0.11605731267817318,83.3353870280709,0.09290899800279705,0.1355496931995527,0.8029411764705883,0.9995693213221836,83567
134,0.08280912599452885,0.07859686455052213,85.49208197633617,0.1081515894863283,0.13804435727285713,0.6683046683046683,0.9994736086519597,83565
135,0.07788746960273214,-0.18735715410364143,100.79859074786324,0.10250355818556876,0.13986166670644926,0.7419354838709677,0.9996171378662615,83565
136,0.13275719763776844,0.08607559274956773,85.06212150420544,0.15959635252699494,0.17929930893314383,0.7637271214642263,0.9991028922753045,83564
137,0.04263536512555877,0.40848904480875226,65.89004575886958,0.15513370916891736,0.18898464361763084,0.5588235294117647,0.999772648406744,83559
138,0.050249422241804724,0.8359319789700841,33.28699271415021,0.08902013400932489,0.18935938021154688,0.9595687331536388,0.9997247783268915,83556
139,0.059598734112858626,0.7261976734900687,43.43142846058193,0.10211096889563859,0.13971653625840072,0.6038461538461538,0.9995453022543436,83550
140,0.0812937698925082,0.46367083709700446,62.37576522240265,0.12105231059248775,0.16215313150493868,0.671559633027523,0.9994854859166726,83555
141,0.05769181259938043,0.524906694104182,58.33803784070128,0.1219041887831939,0.16225713996595134,0.7006507592190889,0.9996529730635298,83550
142,0.05536308671237807,0.3701619304674658,68.27439570131328,0.09358423302852222,0.15187759862399974,0.5054945054945055,0.9995931116190567,83538
143,0.05219359671156218,0.2837309057105386,73.51699635240772,0.08619152960425838,0.13176603427526284,0.7279029462738301,0.9994614712605163,83539
144,0.07486295804769048,0.21148368822048538,77.79068565630429,0.09990657041182474,0.1375072208613506,0.5772646536412078,0.9996888128209118,83537
145,0.07018358183956895,0.08224025947160385,85.28265240160066,0.10674456920791053,0.14461415505675176,0.8743961352657005,0.9996528982992017,83532
146,0.06307318468434875,0.29718939161178465,72.71113057955807,0.10740158074213213,0.1478417694549032,0.5252707581227437,0.9995092817560531,83529
147,0.06592218691910164,0.49401160123261256,60.39540469768157,0.11149926022880308,0.1476551534832987,0.4857142857142857,0.9997246860822829,83530
148,0.05990650850054393,0.001709755381958797,89.90203818488591,0.0891517173787571,0.13996188426454206,0.7777777777777778,0.9997964997964998,83529
149,0.05741761026328714,0.3955860804263677,66.69746859209013,0.09801508841819512,0.13553291591240094,0.7063291139240506,0.99974860836775,83520
150,0.062356015290945956,0.18995759163699721,79.04969069358783,0.09244067083759033,0.13693463829896588,0.852112676056338,0.9969125091248519,83348
151,0.047610752318694355,0.590410530291977,53.81385391083642,0.09828884871284968,0.13417873192607263,0.4256,0.9997720565299806,83341
152,0.06965238866767347,0.4542915313157932,62.98064063111963,0.10065428217931016,0.14589611914533757,0.7194899817850637,0.999496143095361,83331
153,0.05420728369774842,0.1541702502096194,81.13132333232336,0.09462597868074529,0.13503846870035105,0.7855787476280834,0.9993881223755249,83318
154,0.09914627255065728,0.3499181295882132,69.51769236217629,0.12856767881663464,0.17207776052715135,0.551304347826087,0.9994840288943819,83315
155,0.06235525594296618,0.6529773196320376,49.23354303095029,0.1476209781136174,0.1823870113865178,0.8613445378151261,0.9995919689896432,83305
156,0.04670813164009721,0.832826382904408,33.609819902451605,0.10450376560854008,0.1854335845048033,0.7763975155279503,0.9997959404146011,83296
157,0.06451290045601826,0.6029074831485804,52.92158417758098,0.0998850261421101,0.15022041426827254,0.8285077951002228,0.9996999051700337,83293
158,0.06707024967324048,-0.04330622321566959,92.48204004452023,0.09102510444351875,0.13363083485003482,0.6606260296540363,0.9992918442057253,83278
159,0.05491426561134348,0.17985607384135885,79.63862337130605,0.09401518828343576,0.13430261013760753,0.5591216216216216,0.9995918171340761,83280
160,0.0489215170542156,0.6722199367488598,47.76136734159198,0.09497744244827866,0.13765081543083582,0.6693711967545639,0.9996398213513903,83274
161,0.06221449834303861,0.8177623128711515,35.13858402758798,0.10602776331964177,0.1396916245965355,0.6605691056910569,0.9997478507276307,83273
162,0.05145787433803314,0.316131189415094,71.57088382725665,0.09242671557121669,0.13888084788591343,0.7037037037037037,0.9996998114816105,83264
163,0.04851424188158415,0.5852453454582625,54.17967556619862,0.08901462800571194,0.13777028959503157,0.8285024154589372,0.9998558852846866,83258
164,0.07445743206432515,0.18968411329417226,79.06565000889044,0.0962699961789816,0.1363831289171544,0.872093023255814,0.9995196868358169,83260
165,0.09191050001431508,-0.32524919689243065,108.98067318623876,0.09767197964393363,0.14155162581702369,0.7792792792792793,0.9995556836467565,83251
166,0.08794553099944888,0.09160577534631208,84.74400709229027,0.13290175683213534,0.1505817092844857,0.5676625659050967,0.9995436257731339,83241
167,0.080270413520137,0.14291590179429173,81.78338775619481,0.12726179176746574,0.15907572456395797,0.3681506849315068,0.9996156340836476,83235
168,0.09486955363625219,-0.34008157033223463,109.88184385171368,0.10131130587196056,0.15094943745606007,0.6046511627906976,0.9995916063084814,83237
169,0.04549641844374207,0.6584281343916638,48.819896716275146,0.12943725942829035,0.14120667504315768,0.864406779661017,0.9998197981739548,83228
170,0.07837302057831114,0.6916217822217339,46.241375517998506,0.11464935497612619,0.192476468242131,0.7601918465227818,0.9996155786742269,83224
171,0.05582726675665322,0.77190956442012,39.474322889791026,0.12654550742664256,0.16537322313083344,0.7338877338877339,0.9997116528300073,83218
172,0.07145125527793142,0.09770559253011751,84.39293646812875,0.09487595479512437,0.1404140642205348,0.7864963503649635,0.9996395703678785,83220
173,0.06925060445089287,-0.2261813671990787,103.07235652340816,0.08753638106275947,0.13436873022789317,0.8071833648393195,0.9997356690576602,83216
174,0.05315572976756595,0.8135943584430153,35.55138858985454,0.1166660514582678,0.12995685537374424,0.611965811965812,0.9995914689095825,83200
175,0.05790765419331696,0.4802635783308211,61.29738185661358,0.0955795446093379,0.15349306162080098,0.4751286449399657,0.999675535366645,83201
176,0.051716308059420624,0.51880059125361,58.74816813156894,0.09557850131278202,0.13765440907542695,0.7272727272727273,0.9997476325529971,83202
177,0.042817226832707896,0.7871622890402186,38.07889181970641,0.08940914561632314,0.13451171949155166,0.7,0.9999158704404784,83201
178,0.049045682638537716,0.8959092745741916,26.374536863676504,0.08945173595309866,0.13248801620391007,0.46394984326018807,0.9994472349732029,83189
179,0.06872088575928333,0.6810189271071326,47.0766829981706,0.10825311534375405,0.1462828610076085,0.42296511627906974,0.9996874962439453,83183
180,0.10231066970191811,0.31904808304482773,71.39463324463713,0.14027263007242108,0.17421115435460605,0.5524956970740104,0.9994351504663013,83186
181,0.05877645789778641,0.18390527549161717,79.40268572943674,0.12701952102514866,0.17520980938675415,0.5266666666666666,0.9997836382431425,83184
182,0.05257998059798024,0.4665316085913922,62.190609759736695,0.09540925318335453,0.15964918349205873,0.7111111111111111,0.9997716016733182,83173
183,0.055784002770616375,0.6311997811108178,50.86130421655249,0.09787380129558847,0.1317749004547203,0.7199124726477024,0.9996754300551769,83174
184,0.04341263997986153,0.535367235588414,57.63118014699517,0.08711798295165926,0.13186947262619533,0.7446351931330472,0.9996032986319814,83165
185,0.04462767595217634,0.9160771040923124,23.640843847811457,0.08617373100105605,0.12805218503535495,0.751937984496124,0.9997715742143355,83172
186,0.07996230541315347,0.5882613776211859,53.96627288623246,0.11217869083453026,0.1494803451481562,0.6786516853932584,0.999615282887302,83152
187,0.04914411077350458,0.5332955893966194,57.77160384238335,0.11401961273854606,0.15210688502311695,0.7706237424547284,0.9998196356640414,83163
188,0.053248491668056265,0.6408715315157593,50.14316185117768,0.0927613849198736,0.16114211829835687,0.7223340040241448,0.9998917813984248,83158
189,0.04867618813989712,0.5018775141932738,59.875706727119855,0.08835405785583682,0.13462336505343447,0.8439024390243902,0.999795589543804,83157
190,0.047577466693572476,0.8223751066715087,34.67673731733549,0.09188061133803485,0.13118214495449895,0.7002398081534772,0.9997835627968497,83155
191,0.0528493263340898,0.5374278612146746,57.4912867220977,0.08808702343290863,0.13284938622698578,0.7475,0.9999037952763481,83149
192,0.043852166489484305,0.798382776575068,37.02405478168797,0.09174235507652344,0.1302896114678942,0.8355795148247979,0.9997835393717831,83145
193,0.06214941453099365,0.6969630165255156,45.816148606582026,0.09790071188473085,0.1416460594724159,0.6865342163355408,0.9997234247234247,83152
194,0.059857510788386366,0.5959708913521529,53.41812426942102,0.10899369237051097,0.14588826811493122,0.5541516245487365,0.9997354465541913,83144
195,0.052722314011349816,0.23683689391014126,76.30007384414377,0.08864195549990499,0.13940780304406483,0.8571428571428571,0.9997835315623008,83144
196,0.05729039934516979,0.283645867992479,73.52207740193238,0.08817781449847102,0.14001288934352873,0.859538784067086,0.9997474504521839,83139
197,0.043593965822742,0.7749169264624036,39.20249855173458,0.09514913615183734,0.13094456899178372,0.665948275862069,0.999951888959719,83139
198,0.04502434074981359,0.9505277706546289,18.097779598781898,0.08751569635258591,0.13630342379214982,0.7424593967517401,0.9999158046668271,83134
199,0.05727485653051455,0.5645787776584552,55.6269540091801,0.09066107096141753,0.1292291458538918,0.6373626373626373,0.999723368172907,83129
200,0.0520553336660055,0.6910333786904138,46.28803449034076,0.10055220609589889,0.1322698052999372,0.683377308707124,0.999639180217454,83129
201,0.09133815394357507,-0.11884325813224642,96.82534843107229,0.09961075628451414,0.12468503774451778,0.7034313725490197,0.9997474140004812,83130
202,0.04882910621757635,0.6501957439296594,49.443638247570085,0.12855595881561424,0.14445074525162738,0.7360178970917226,0.9998556547261048,83126
203,0.05561993798083275,0.6028805928624147,52.92351531174002,0.09355507462753505,0.164845665295939,0.765625,0.9997113129247609,83120
204,0.059681964271799046,0.16916405712928706,80.26078086077821,0.08819635454554474,0.13514341847659406,0.7596153846153846,0.9996992734446423,83119
205,0.047792805715766135,0.47170389023407455,61.85504330615443,0.0923960810589565,0.13121973527237357,0.6745689655172413,0.9997353478972187,83115
206,0.055378002737797694,0.5244153293922013,58.37110814895138,0.09014867850952561,0.14071092032370167,0.8024691358024691,0.9996992553562621,83114
207,0.05124741193863394,0.5196423623072872,58.69173507394382,0.09296498788400406,0.13067344832774444,0.8100208768267223,0.9998195358461964,83109
208,0.04585248861009215,0.8684922888859921,29.716096342990742,0.09386347226796748,0.13593111332825308,0.6588693957115009,0.9998315586837514,83107
209,0.04384149679837397,0.9660998842050449,14.961419642604609,0.08893096290624747,0.1364783415178708,0.7873831775700935,0.9999278047841363,83103
210,0.04894751920366659,0.7886683331846457,37.93876126403148,0.0877655655921033,0.12985492913053817,0.7686375321336761,0.9997954616550762,83108
211,0.055964833894096476,0.41540684969033337,65.4550596430775,0.08833913791141983,0.13076856806345147,0.7125890736342043,0.9997473380256271,83101
212,0.05133669998602861,0.6296172465832108,50.97811067440726,0.09687808274856417,0.1302198898447043,0.7150943396226415,0.9998315485501144,83105
213,0.04340027393604071,0.8878718248262866,27.392972315967697,0.0920621803987161,0.13849111807059677,0.6629001883239172,0.9998917058731515,83100
214,0.06422261900118909,0.6449941329921766,49.834764417303276,0.09799839848357464,0.14146755702982408,0.615686274509804,0.9996630971002286,83092
215,0.04672622019774741,0.5580136653772636,56.08145952560177,0.09826977564996046,0.13794733344828924,0.6245136186770428,0.9998555921923512,83092
216,0.04408175096922996,0.9215955208445837,22.83953786096586,0.08901177829085265,0.13838260876675232,0.8107476635514018,0.9998676245833182,83091
217,0.04868066742396444,0.8128988512697215,35.61986827167881,0.0883281081101239,0.13076639574209417,0.843400447427293,0.9998194880681613,83088
218,0.053961402605321514,0.39319849644220894,66.84633382957637,0.08571702630950034,0.12901073398025675,0.8217592592592593,0.9998435506775459,83087
219,0.05687985815579507,0.7696693369740135,39.67579511743526,0.10426825730716316,0.13430236391772618,0.7596371882086168,0.9997352364218406,83077
220,0.05456865253925297,0.5994592585494928,53.16882029930447,0.09967109909441794,0.14726024065842774,0.639751552795031,0.9997954025755206,83086
221,0.05648465144756421,0.2321040479178222,76.57902244160098,0.08717269224327373,0.13648691055874818,0.9012048192771084,0.9997833700400766,83078
222,0.04867410297736169,0.6654634022621884,48.28211382424625,0.09601486398526872,0.12995927190954626,0.7382075471698113,0.9998435299640119,83075
223,0.058085972225438424,0.4373286136207012,64.06644000072458,0.09064243831675796,0.1275904011527156,0.7038961038961039,0.9997713185292171,83076
224,0.06779594811002741,-0.06918479344296666,93.96716580354094,0.08617059943858588,0.13222290782329146,0.7805486284289277,0.9996991033279172,83069
225,0.04859834237298187,0.6409500211019334,50.137303289550466,0.10574335041996484,0.1287971542448884,0.7951219512195122,0.999795370559842,83068
226,0.046383291479124275,0.6293636245717275,50.996812498217714,0.08573546522605895,0.14271576496927138,0.7678571428571429,0.9997351726794506,83056
227,0.043006643261557106,0.9317556435752317,21.289837325318018,0.08785382267430189,0.1278474182190581,0.8015075376884422,0.9998675719926804,83061
228,0.04281136977223383,0.993337329362314,6.61764137197332,0.08567495023868173,0.1298173068067344,0.7464454976303317,0.9998916485077591,83056
229,0.06056811494788266,0.6560854564347656,48.997993659938196,0.0943598130059712,0.13382335713945318,0.6733870967741935,0.9996749768270515,83059
230,0.04815592241274274,0.4678363695940401,62.106057980734604,0.09336261922978084,0.13138204438736945,0.6902834008097166,0.999771274482659,83060
231,0.05078445505306075,0.646484227932478,49.72295079335681,0.08977806831045268,0.13470511558880974,0.567032967032967,0.9998555348221273,83058
232,0.052448852088275585,0.7565663182952473,40.83757994969569,0.09674865595681655,0.1327122945522913,0.6153846153846154,0.9996990417489285,83053
233,0.04485736128055168,0.9034791971926548,25.38077092532784,0.094943809025716,0.13924295431790967,0.8552036199095022,0.9998434904047578,83058
234,0.04752745038848219,0.8708289824594858,29.444884040527796,0.08935423645282743,0.1380748755570304,0.782608695652174,0.9998675688040259,83055
235,0.044491635280827495,0.7865402877010103,38.136638696338835,0.08697562541867906,0.13090014825551216,0.844789356984479,0.9998555243862797,83051
236,0.04451544053623379,0.7932318000177553,37.51143771387081,0.08428062607196764,0.1288101146092499,0.8445475638051044,0.9998434828673939,83052
237,0.05023438516719735,0.6167169407465178,51.92321753652078,0.08522517164217878,0.1284569501909131,0.8222698072805139,0.9997230984084178,83049
238,0.048019263278290994,0.6975916759903174,45.765898235174554,0.09052529882200545,0.12735865085092044,0.682092555331992,0.9997953138921666,83042
239,0.07968690547913056,0.15670065650676512,80.98455790894421,0.0992727793008485,0.13434396615663607,0.784688995215311,0.9996628861759252,83046
240,0.05596077848611238,0.10017137823788996,84.25096071996698,0.10185778494970553,0.13342680621578,0.7021696252465484,0.9997110418146574,83044
241,0.047351227265292985,0.2506950692756166,75.48135339413302,0.08186780092011625,0.13512874391826063,0.7204724409448819,0.9998314329404115,83048
242,0.0948773627374169,0.10298777534468886,84.08875396885405,0.11031414285578521,0.15371646268740718,0.6434977578475336,0.999638797919476,83034
243,0.05029675464295765,0.6306903905664095,50.89892331377707,0.13247949326352948,0.15312797039652665,0.8159203980099502,0.9998434489402698,83033
244,0.04427495524818919,0.7716709791869701,39.49582063806043,0.08903304249485246,0.16090531322678428,0.6296296296296297,0.9998675337186897,83036
245,0.048975254486340596,0.6794119619144773,47.202291254043935,0.08547098940787667,0.13142967861814442,0.6301020408163265,0.9998193685123191,83033
246,0.04625845032888512,0.6472169151783002,49.667903627293285,0.0864348581519639,0.12557526720831233,0.675,0.9997952843139616,83034
247,0.04996648296518474,0.5713202013504513,55.15766119078312,0.08530862066638421,0.12976633529452078,0.6108597285067874,0.9998434489402698,83033
248,0.051664645735801956,0.662399749314023,48.51685087007658,0.0926598931248068,0.12593335115070076,0.8401727861771058,0.9998073148114696,83025
249,0.06931839600758835,0.6641143563328334,48.38558294899366,0.11059419021841227,0.14796884172689204,0.6870629370629371,0.99972300169812,83018
250,0.04398932655519327,0.6609640416224856,48.62656241160918,0.10378350513589413,0.14802516278976627,0.6887298747763864,0.9999036399990364,83018
251,0.04575614710785242,0.8066096816545943,36.234001548106704,0.08529797712720652,0.14002600510828753,0.8148148148148148,0.9998675065945581,83017
252,0.04238256455819545,0.972037482142284,13.58135161525199,0.08752130683161945,0.12739847487550807,0.8705234159779615,0.9998915936931619,83016
253,0.04156704900390152,0.9554826579026139,17.160371798087834,0.08301014154413393,0.12685680912183567,0.7661290322580645,0.9999277256465543,83012
254,0.05084006541754282,0.6852043799553968,46.74831740631034,0.08490334255671658,0.12462582881325096,0.7191358024691358,0.9997470489038786,83007
255,0.059527658391335087,0.18955074218134071,79.0734328058821,0.08529691274721464,0.12572674774778642,0.7079646017699115,0.999747042809993,83008
256,0.04375468668110622,0.8308744997961249,33.81132465693754,0.0989253733799227,0.12753521514259727,0.8267716535433071,0.9999156748421915,83009
257,0.04204295151588722,0.9685839130652424,14.399826759952106,0.08512138480062972,0.1379029429977403,0.9105691056910569,0.9998674890377295,83004
258,0.052883808856609135,0.8390939909290408,32.95542939480926,0.09108005136959388,0.13369597291986796,0.8311688311688312,0.9999036225860469,83002
259,0.04676018045967928,0.7360757178612317,42.60180882076101,0.09286350673126133,0.13187460330351217,0.6224256292906178,0.9998072521382966,83002
260,0.04183650052695317,0.8589491478053252,30.801202767802923,0.0854254137050348,0.13269625325679615,0.4671968190854871,0.9979056835415614,82988
261,0.04429732742202497,0.8655979138881186,30.04895052179564,0.08319180419630218,0.12482813073503748,0.5701357466063348,0.9997951708516073,82987
262,0.04674529339812201,0.7392728390884205,42.330490593348195,0.08490575798481798,0.12514680461311004,0.5781584582441114,0.9998192618654586,82984
263,0.045583271288158936,0.7338542609581655,42.78950888530592,0.08596717612461809,0.12484907993027815,0.521978021978022,0.9998795006506965,82982
264,0.06799057407919515,0.26354848206283155,74.71927880613033,0.09129156026785337,0.1328623519274064,0.8578431372549019,0.9998433451828643,82975
265,0.04525885015661183,0.7321312549738115,42.93463649569477,0.10572073575856393,0.13440481925958525,0.7483443708609272,0.9997710484774723,82980
266,0.04898314077529613,0.6451700477317145,49.821573739255676,0.08548855580244841,0.13139325978021682,0.7090909090909091,0.9998192444417666,82975
267,0.0537400517074257,0.3115706203291665,71.84609111869527,0.08323263268842371,0.12629967858576746,0.8547945205479452,0.9997830881023824,82973
268,0.053658151552500075,0.6845704866747225,46.79816228271809,0.09856588721600854,0.12759589327336468,0.7876712328767124,0.9997228448171981,82976
269,0.04369912240612412,0.5982136826473603,53.2579310704838,0.08714476646410363,0.13385469837075484,0.7419354838709677,0.9999276916773121,82974
270,0.0502460099376123,0.7127062793557615,44.54446556912768,0.08697161887190487,0.12772143063159894,0.6921182266009852,0.9997830933301199,82978
271,0.05177821618004522,0.2636707955371862,74.71201379267916,0.08110242156957978,0.12345976795499052,0.6398891966759003,0.9998915388230757,82971
272,0.04370501871451924,0.799472811198922,36.920211019901956,0.09060615299411819,0.1213480043654894,0.726790450928382,0.9997830802603037,82971
273,0.05310359025190364,0.5887851479501622,53.9291540705384,0.08638943855044683,0.13336133748976078,0.7865168539325843,0.9998312704132669,82961
274,0.04333215960720299,0.6614193372696628,48.5917904452526,0.0879866040753811,0.12519376204448682,0.7791164658634538,0.999722798052355,82960
275,0.05575715000273843,0.41467928214810845,65.50087902136623,0.08360819687304122,0.12747641335403626,0.8073593073593074,0.9997107492798862,82962
276,0.06519788563706794,-0.08867018911510108,95.08710866454892,0.08194478483333792,0.12077809058660559,0.6911392405063291,0.999843307418791,82955
277,0.06185723783040344,0.6950151860398528,45.971572646895254,0.11697444424675446,0.12924548167063565,0.6674816625916871,0.9997227813468005,82956
278,0.06755793399386464,0.22334754054407172,77.09427338870114,0.10127737887406266,0.15849244182693367,0.7462121212121212,0.9997227846880725,82957
279,0.047901487204981816,0.27293951591007704,74.16073967703461,0.09287173941869274,0.13835198990932715,0.6142322097378277,0.9998915126749358,82952
280,0.05261983982556513,0.3363868582117787,70.3431058415294,0.08221418559813419,0.1370775528066308,0.8582474226804123,0.9998794556215871,82952
281,0.04204587472720091,0.8817179992515467,28.14969584071753,0.09185974172943041,0.12390334651083557,0.9020100502512562,0.9999517805048581,82952
282,0.04141073216225702,0.9949665203619852,5.751142444210072,0.08335152753704582,0.13166573177263824,0.796875,0.9999758896711352,82950
283,0.04128040485064783,0.9861793621125405,9.536810039030792,0.08240493135831319,0.12417326810756898,0.7616580310880829,0.9999035610097162,82950
284,0.044365147332494186,0.8163119285301121,35.28271029719281,0.0816231818181117,0.12209699971291854,0.7447257383966245,0.9998432923080632,82951
285,0.04446811211659537,0.6942868730873801,46.02958258025479,0.08176249305745471,0.12206806439093516,0.8548387096774194,0.9998673963883599,82946
286,0.053988747567869415,0.573340295407584,55.016515266573066,0.08743639418197008,0.12663058191118434,0.8,0.9997709629201023,82947
287,0.03936610301459432,0.6513940381195177,49.353210986277254,0.08504895696593406,0.1214314240331817,0.6709401709401709,0.9997468507021879,82942
288,0.04490173568749142,0.7479120579746036,41.59016383649686,0.07880281812245592,0.12345122255497089,0.6482412060301508,0.9998312256633434,82946
289,0.041159589204662755,0.9624949615924406,15.74161262200636,0.08525211284301162,0.11954207682757287,0.8625730994152047,0.9998432771944207,82939
290,0.04067036993619235,0.9993447330633481,2.074294784908681,0.08181655340522899,0.1255668577908084,0.9659442724458205,0.9999397154569568,82936
291,0.04749272973583528,0.6377318820522326,50.377101176466205,0.07983267772257385,0.11786462040604648,0.7569230769230769,0.9998191529122409,82935
292,0.05523725441595552,0.3455488623083188,69.78469604429766,0.08437841729717604,0.12071732765160106,0.5252100840336135,0.9997226977888163,82926
293,0.060323419265668664,0.5119574000921732,59.205700645528474,0.10050798849641433,0.12238909096619816,0.594704684317719,0.9997106341933928,82930
294,0.05804712942068728,0.7208838001568906,43.87250310025492,0.1098038227284964,0.15008310128529648,0.7926509186351706,0.9997588560129254,82926
295,0.04207758718798329,0.8496920202017586,31.821812408731844,0.09638832636926659,0.14811329415117677,0.850632911392405,0.9998311869965755,82924
296,0.043405526099464076,0.899692123595546,25.882372278365597,0.08331241254893504,0.1342899644095522,0.5896414342629482,0.9999035307736832,82924
297,0.04731101998881086,0.6488507236717971,49.54499269340518,0.08238494838264622,0.12383036430420089,0.7685512367491166,0.9998191267439196,82923
298,0.04074927956289402,0.8975131426765857,26.166917792935724,0.08578723440302409,0.12275037549601255,0.6433566433566433,0.9999517630601514,82921
299,0.04624353248476048,0.8058763038257489,36.305030236490516,0.08268095063830457,0.12229589661030574,0.6893004115226338,0.9998673484154166,82916
300,0.048440569905067954,0.4859769796030586,60.92349870010397,0.08162224744024515,0.12195370769401795,0.8122676579925651,0.999722640940609,82911
301,0.04297984831591162,0.8554640565160899,31.18896038307855,0.08806732849965325,0.1224705774237375,0.7925170068027211,0.9997708607194974,82908
302,0.04592188289880342,0.7738536198683177,39.2987868997951,0.08373064285998233,0.12551137437627574,0.7791095890410958,0.9998190940228665,82909
303,0.04714289876959435,0.5167388004649823,58.88625019235887,0.08104713601549564,0.12021973782407873,0.8330241187384044,0.9997949756985901,82908
304,0.043243637948310494,0.6202292275331084,51.66712418488215,0.08137138011107757,0.11711127675186905,0.6330645161290323,0.9997467255228308,82899
305,0.04370510424866659,0.7127737268363247,44.538956159439756,0.08046357566774874,0.11857119228092959,0.6680327868852459,0.9997346648334419,82907
306,0.046955917749894896,0.8499882242942679,31.789611384410662,0.087199246517381,0.12183952002674174,0.6427104722792608,0.9998552699817881,82907
307,0.040787674430137616,0.931825912028625,21.278746050955235,0.08624268577061787,0.1270833485424557,0.8,0.9999035075022917,82901
308,0.041412361586407063,0.8518513063229777,31.58639777102577,0.07909719261236516,0.12009903248817054,0.7513227513227513,0.9998070196598722,82903
309,0.09047074419855893,0.3823045639683346,67.52349409921197,0.11298065892138962,0.143132110918124,0.4023372287145242,0.9996502273522211,82890
310,0.048376082585322465,0.35994318459801894,68.90329316231953,0.11694387603531667,0.14314106754821143,0.3704918032786885,0.9996743181790767,82889
311,0.056157173427992944,0.6414912417795013,50.09689226824828,0.0947591995311819,0.15449230224662025,0.7004608294930875,0.9998672988068956,82886
312,0.04339313561279145,0.8263713077934507,34.27223186214307,0.09520532962661289,0.1359886553621914,0.7433035714285714,0.9998793552745874,82880
313,0.040774574521871984,0.9502793609578344,18.143541498411185,0.08311593308320937,0.13402206984185375,0.7712895377128953,0.9998793523634872,82882
314,0.04925816233507401,0.7030285652006143,45.329505926050835,0.08314427802534417,0.12287279104357289,0.6446469248291572,0.9998793567300848,82886
315,0.041762058904878434,0.6314013956178745,50.84640919295182,0.08226892410801874,0.12051811004987802,0.6564102564102564,0.9999034853840678,82884
316,0.040782835759664404,0.9216865772439331,22.826093112454924,0.08091289562193038,0.11989449957362576,0.8865671641791045,0.9998793538190549,82880
317,0.0517424178407518,0.7612770030473983,40.423094646889005,0.0869103837881823,0.12621128058273404,0.7461538461538462,0.9997949014923933,82877
318,0.04230943841650779,0.8135767597220488,35.55312277290473,0.08960758279254544,0.12722353210117593,0.8522167487684729,0.9998914118867788,82878
319,0.04660037791790625,0.6600038316490354,48.69983498433169,0.0810201098027751,0.1277142046104383,0.6935866983372921,0.9998310892331451,82876
320,0.04487043171684384,0.4319777537208024,64.4068610132095,0.07740454607215709,0.1174610828166389,0.8092485549132948,0.9998310831191709,82872
321,0.04899218973024094,0.5886301704367284,53.94013891765566,0.08367534005364867,0.11315567165486508,0.7662721893491125,0.9997586959931469,82874
322,0.056116162351185744,0.6227382964453152,51.48362370749082,0.09472797595764536,0.13292285512547214,0.7010050251256281,0.9997586959931469,82872
323,0.04558495151170459,0.20368527193886835,78.24745306047078,0.07917756459853989,0.12324589199054119,0.779746835443038,0.9998069474776481,82870
324,0.06391656182145929,0.27150837888388973,74.24595608743414,0.08800833157194088,0.12431123251319791,0.7750677506775068,0.999746615507131,82865
325,0.04260567324481961,0.4104985420679393,65.76384371914457,0.09020153112137068,0.11978364831489771,0.7609195402298851,0.9997828028090837,82865
326,0.04696188183580991,0.7216533570661468,43.808846097846036,0.08311733444848858,0.12072113468939158,0.6558139534883721,0.9997466063348416,82864
327,0.04203142361868118,0.7048925127562935,45.179139026757056,0.08218757802049394,0.12023100418045748,0.703601108033241,0.9999275948206162,82864
328,0.03863803065789248,0.955068713108314,17.240574750743352,0.0797597831362008,0.11811465483513134,0.8378378378378378,0.9999637965365353,82863
329,0.06870195495396851,0.7025447344546821,45.368473364080984,0.09971297610270945,0.13742194654429066,0.7747252747252747,0.9997345303600733,82859
330,0.05797347958073133,0.5517610361728623,56.51208851264631,0.1116964256444126,0.14533055336986608,0.7163120567375887,0.9998672507633081,82856
331,0.04146430516245766,0.7870740964432275,38.08708417641159,0.09414986810620066,0.14867187540844615,0.7673267326732673,0.999867244354868,82851
332,0.04121638569652341,0.9885663278996052,8.67251711050137,0.08244401827045382,0.13361824147243762,0.8851174934725848,0.9999155150564238,82852
333,0.040777565777492496,0.9790715687022021,11.742655415684043,0.0815638344304775,0.12280884753106296,0.7238095238095238,0.9998793072234626,82848
334,0.04048841979286652,0.9157979793484943,23.680693946268004,0.07953692290344717,0.12025398709766602,0.8184143222506394,0.9997827582461349,82848
335,0.04494194151326317,0.7546573694773919,41.00455952636356,0.08003425452500172,0.11946956847460878,0.6728110599078341,0.9998430993905015,82849
336,0.040383861952573936,0.8547404106837807,31.26893170058689,0.08217798371634719,0.11911120803462709,0.8433420365535248,0.9999155119972963,82848
337,0.048273492566813424,0.8720806736827513,29.298665139911837,0.0857984657026522,0.12339298924430799,0.8575129533678757,0.9998913712568346,82845
338,0.04289065495598472,0.607696533602486,52.57686693794165,0.08177033378404248,0.12130094680558003,0.7915567282321899,0.9998672315361311,82846
339,0.046277128366367055,0.7190888290703858,44.02069636889859,0.08267863655476453,0.11969943097375256,0.680952380952381,0.9997586144469254,82844
340,0.04157757437047616,0.7011383077648544,45.481597914993166,0.08104551042513011,0.1171760693621042,0.7904761904761904,0.9998189542799208,82845
341,0.062286636048451506,0.3213476927308387,71.25555277989716,0.08528027596802523,0.11486769050105725,0.6261904761904762,0.9998310137965165,82835
342,0.044498559222930174,0.7819547854280255,38.560096204112654,0.1009672278728862,0.1268073724417263,0.45609065155807366,0.9994086767634104,82846
343,0.06674373610429067,0.388155920432392,67.16019604941671,0.09349061087756078,0.13090823497856915,0.44113667117726657,0.999710347823988,82846
344,0.039387528256460774,0.637525772372393,50.392430975692925,0.09673701181692224,0.12912452093757434,0.8303341902313625,0.99992757996379,82848
345,0.0656756957233096,0.6573436355700509,48.902403380140065,0.09625752848500102,0.12849116800299204,0.7272727272727273,0.9998430918154277,82841
346,0.042201513939501584,0.7978783439303488,37.07202591695257,0.1025528450447778,0.13643646511860535,0.8086253369272237,0.9999155028185845,82838
347,0.04742684630233283,0.6910139603221244,46.289573700486436,0.08244016792987523,0.13252213714524416,0.7786666666666666,0.999879292654958,82842
348,0.055053375777590646,0.209844177232738,77.88677920810086,0.07984979387645583,0.12170212244341413,0.7571801566579635,0.9998310056371691,82830
349,0.05014525425958113,0.45345549961995774,63.03439768652463,0.08971676900231067,0.1212609297641806,0.45923460898502494,0.9996740823002547,82829
350,0.04988870172176533,0.4390888523277159,63.95423922349878,0.08485487680778818,0.13230477821582226,0.5204262877442274,0.9998672074943261,82832
351,0.052029555454763864,0.2777460983945238,73.87426923156204,0.0814729467921734,0.121783942542847,0.7701149425287356,0.9997947801733504,82827
352,0.059615197460949065,-0.023234864694063988,91.3313794957093,0.07821066949420473,0.12386491835479146,0.880085653104925,0.9997223462945303,82824
353,0.04156568096253007,0.7158269479099673,44.288988406916964,0.0939640305913691,0.1189915242683919,0.6582278481012658,0.9998792664227848,82820
354,0.04445553606875301,0.8877819386465553,27.404163861970265,0.08357590073885823,0.13032479725881607,0.6280087527352297,0.9998792620496475,82818
355,0.04227249083060884,0.8857133252782512,27.660568436947862,0.08421523046432522,0.1237365332301533,0.8391608391608392,0.9998068286086831,82822
356,0.040518316669849556,0.8527444069132657,31.488567181429993,0.07968610952826936,0.1217898807300878,0.8518518518518519,0.9997826874320899,82820
357,0.048688707809977305,0.7550026425275542,40.97439933070592,0.08361363074874105,0.11933387761696836,0.5844155844155844,0.9997464594878481,82813
358,0.0565195394419415,0.16013093546912333,80.78550373698589,0.08028926148141788,0.11909923357639786,0.773972602739726,0.9998671834438125,82818
359,0.054926250091883136,0.4268541896925737,64.73191586830686,0.09413611957757947,0.11751921366137616,0.6666666666666666,0.9996861002788878,82814
360,0.06420593785722055,0.0929166244893005,84.668579251423,0.0882873339895788,0.13987396569355853,0.7049180327868853,0.9996740232771526,82815
361,0.04393823826525348,0.8151534622433086,35.3974612867001,0.10320960831342227,0.12829150295480726,0.748898678414097,0.9997826664412837,82811
362,0.04166550772154691,0.978261785884693,11.968492385286178,0.08513758651896744,0.14175926108982823,0.9004424778761062,0.9999516995713337,82815
363,0.047340832319316475,0.8741151373299443,29.059575213131893,0.0861714446108623,0.12904972523261396,0.5559633027522936,0.9997947355711181,82808
364,0.044690717896986754,0.6633290154388749,48.44574063775457,0.08393580565629744,0.12386329744564822,0.8695652173913043,0.9997705757341576,82805
365,0.04157303831079161,0.7503223641964555,41.38169020967665,0.0807073046940135,0.12084450939377413,0.6093418259023354,0.9998792474702345,82813
366,0.04457416978747361,0.6452104008301754,49.818547566820726,0.07814366154305323,0.11927601079007553,0.8369230769230769,0.9998550987140011,82805
367,0.04780264285242036,0.753559655857502,41.10032566145944,0.08650585830417919,0.121632956286095,0.7194244604316546,0.9998430198157294,82808
368,0.04109196229051304,0.9228018103826122,22.660813104040542,0.087172067411714,0.1266989995710024,0.8014184397163121,0.9999033921433661,82802
369,0.04004070530875752,0.9567734334381784,16.9079116650876,0.08025125537672297,0.12511987989925744,0.8540540540540541,0.9998188537062531,82795
370,0.04712467540032024,0.7186547560138247,44.05647399635379,0.08084590257791646,0.12026678838907746,0.8032345013477089,0.9998429989613777,82796
371,0.04084478160968144,0.8650223302628416,30.114744825736615,0.0849647934075778,0.11999471025953096,0.889196675900277,0.9999275344815092,82794
372,0.04356229401947723,0.7667080214909922,39.94081456569791,0.07933703507367484,0.1214724365924605,0.9102902374670184,0.9998671497584541,82795
373,0.0606065203138057,0.2836415953867076,73.52233268891507,0.0840746193510416,0.12181115673198081,0.6737967914438503,0.9998671513629063,82796
374,0.06385389123420951,-0.2153785045812499,102.43773427691215,0.077996515347293,0.11808080966933347,0.8412162162162162,0.9998429913766033,82787
375,0.042873974959034715,0.6497337357468939,49.478470302168546,0.09732939145554895,0.11738179980664272,0.7465940054495913,0.999601478153757,82792
376,0.058068117649118775,0.6151831470868635,52.0347707125854,0.09095722897703162,0.14840816012265454,0.8020565552699229,0.9994928026277654,82782
377,0.04410443002660192,0.717186673915262,44.177307163077025,0.0948189063852687,0.1319767015715937,0.782716049382716,0.9995893571023104,82778
378,0.05785405265821996,0.36964701578015213,68.30615051582055,0.08472714798983803,0.133443191300061,0.7937649880095923,0.9996014444618896,82787
379,0.06394824725823968,-0.16583899511215303,99.54597685852046,0.07879956977688576,0.12141924087629571,0.7249357326478149,0.9996135219024385,82779
380,0.0415958287810011,0.7880441063212358,37.99689596294115,0.10005975697102891,0.11927491419556252,0.7396907216494846,0.9999033606339542,82777
381,0.04037495908847466,0.977755638213923,12.107541292363958,0.08151376799055099,0.1369016074009781,0.8165374677002584,0.9998550356974595,82769
382,0.04156925245001894,0.906701223904115,24.946607081608498,0.08001047757373686,0.12007234707009636,0.7953890489913544,0.9998308749803694,82775
383,0.04678441653209601,0.6604350315348727,48.666940788484894,0.0805332448415424,0.12027887271891866,0.56312625250501,0.9997100748973182,82761
384,0.041807744026985325,0.786720301891912,38.11993372792629,0.08375106968257624,0.11980451139414709,0.7150735294117647,0.9996858917051248,82761
385,0.041987117700686756,0.8508190450614949,31.69913471242184,0.08060917027699928,0.12357831947612233,0.8262548262548263,0.9997583723964626,82763
386,0.04179179272317862,0.7969349465335017,37.16159988476316,0.07941197933219556,0.11996275785311197,0.8882466281310212,0.9997583753156223,82763
387,0.05099190009074089,0.5269860785884604,58.19795843342201,0.08119598337613633,0.12043374425266165,0.8108651911468813,0.9997100503787467,82759
388,0.04047345532660414,0.6867741786564051,46.62470351887698,0.08410130094584702,0.11884285241608308,0.6784037558685446,0.9999033361124201,82755
389,0.04019261609286011,0.9097582259021593,24.528038503029407,0.07882522657495879,0.12239153573501166,0.8489425981873112,0.999879171600493,82759
390,0.055983548562202466,0.6622909882826524,48.525168487997526,0.08792087057189611,0.12025927500330562,0.6350574712643678,0.9998308504597243,82761
391,0.06630336279785615,-0.20570761795899942,101.87092546013452,0.07748007762959466,0.11643584814788373,0.8779661016949153,0.9997825193920209,82753
392,0.042408776134708594,0.7924403675642959,37.5858439479977,0.10320406165469936,0.11894131299082275,0.7067307692307693,0.9998308361527308,82753
393,0.05556729567749775,0.8719377595473865,29.315393543391526,0.0948458897721828,0.1545076816898027,0.7272727272727273,0.9997341871564067,82755
394,0.04263641870718391,0.749740490941752,41.43209658480742,0.09196817179709064,0.13267304613476358,0.6276978417266187,0.9998066745607888,82753
395,0.04002420654542325,0.9128477694859757,24.098092702403193,0.08084139008958316,0.129695493287746,0.7348066298342542,0.9999395806899886,82752
396,0.0455873025573991,0.9094437234797571,24.57140892014018,0.08365926918789211,0.12052413899368486,0.684931506849315,0.9999274968279862,82752
397,0.039047911265646,0.9257109666257114,22.224191988250556,0.08305803540157253,0.1220020095479315,0.9355742296918768,0.999879161379977,82748
398,0.04228859541024029,0.8572600066336052,30.98968531699697,0.07838507223055172,0.11848423892989007,0.8694444444444445,0.9998187333083588,82739
399,0.04202069476159606,0.8203635628292014,34.87879563934942,0.08043400954393937,0.11760165292390871,0.7004405286343612,0.9996858157913817,82743
400,0.04643525717191892,0.7170476880921065,44.188733049074465,0.08197706199837405,0.1171025656064712,0.8098290598290598,0.9997341518234768,82743
401,0.04471893269340689,0.5398431876052239,57.32703541409865,0.07998764122188658,0.11642719358067442,0.8585131894484412,0.9997703927492447,82738
402,0.058883749274268274,0.2509976938387147,75.4634415879629,0.08239503851377447,0.12010442841213752,0.8938679245283019,0.9997945619335348,82745
403,0.041114949649405895,0.8032237959792182,36.56093561294908,0.09511544810026806,0.12291516977341223,0.8451025056947609,0.999842894606451,82736
404,0.04488346469118973,0.7917898028769182,37.6469126665895,0.08140806362257055,0.12660531737131123,0.8242574257425742,0.9998912255257433,82735
405,0.039732750804174204,0.8449011185793519,32.338656900069985,0.08128170000164767,0.1184846354457811,0.7263157894736842,0.999830801397097,82737
406,0.04138794451166741,0.8204079904579782,34.87434396191182,0.07739447380241621,0.11887713773834888,0.7030878859857482,0.9997582964735455,82735
407,0.0535097149714738,0.49485102321865104,60.34007287936194,0.08226847649729321,0.11947052171873425,0.5408653846153846,0.999830801397097,82737
408,0.06295655611871487,-0.13863381999220162,97.96879901149912,0.07676432654559151,0.11623556888742542,0.7881944444444444,0.9998187114006357,82730
409,0.05655561414564752,0.8625569416922214,30.395100106656624,0.1153447614201191,0.12695822603763054,0.7441253263707572,0.9998670453858706,82729
410,0.05824599106130771,0.44323914258218117,63.68926545660168,0.09752596880110093,0.1503147031381438,0.7172236503856041,0.9998428718196652,82728
411,0.06513608439034885,-0.1960422651490907,101.3056162491211,0.07840771182883392,0.12961047383780083,0.8885245901639345,0.9998670421718057,82727
412,0.042072270764724175,0.780735848434637,38.672001549958594,0.10144889539173962,0.11920332553114228,0.6415929203539823,0.9997945197200634,82722
413,0.042435133160085056,0.8261462726795675,34.29512157598055,0.08075100279430375,0.1331560328638005,0.6254901960784314,0.9997219838267113,82713
414,0.0451321104568719,0.647247051697333,49.66563849414957,0.07947859051657948,0.12069524719966002,0.6474654377880185,0.9998186697613695,82716
415,0.03921321637964732,0.926765356850582,22.063920653864166,0.08279442280008661,0.11844924032479187,0.8708791208791209,0.9998549340554393,82714
416,0.04161481673271346,0.8770852157230539,28.70727090101151,0.07830717563208718,0.1183276432163344,0.8053333333333333,0.999806581078794,82714
417,0.04371572584702681,0.6828523485840629,46.93306027225404,0.07827756753137906,0.11715054453602629,0.8230563002680965,0.999830754352031,82712
418,0.04325532114125947,0.6246905477398408,51.340521916339085,0.07838743128833746,0.11666819559393593,0.8138888888888889,0.9998186609927706,82709
419,0.04861247708525168,0.44153575702712505,63.79809040452033,0.07804532572317747,0.11956021667589457,0.9023668639053254,0.999818654415765,82706
420,0.041171047660460314,0.8644206266018034,30.1833859096003,0.08670857503227877,0.11844341002397274,0.6425619834710744,0.9998911900184977,82711
421,0.03962634598261896,0.9738093938556349,13.14204225304055,0.08026681171129924,0.12502089662992627,0.6702586206896551,0.9999637295676564,82710
422,0.048472156060594705,0.6696419913505578,47.96056046428083,0.08057455946512039,0.11785478107043695,0.7845303867403315,0.9997823931913248,82708
423,0.04012809881205988,0.6528322011804265,49.24452036869479,0.08061920453116225,0.11714589771197614,0.613941018766756,0.999854921778659,82708
424,0.04868211866599468,0.8263872044989184,34.270614402434475,0.08490549034367718,0.11493383216915114,0.65,0.9998911873874091,82705
425,0.04470964123173908,0.8884632623900668,27.319228143508234,0.09075509903138476,0.12723353975861865,0.7247311827956989,0.9998549147624229,82703
426,0.041136761337362465,0.7102240630837462,44.746851358969344,0.07939576389476029,0.12346717507041899,0.7610619469026548,0.9998428262262576,82706
427,0.046248710806989154,0.5940681140311205,53.553771463177334,0.07804890716566912,0.12010924078851008,0.6017897091722595,0.9998549147624229,82702
428,0.04947696406364607,0.7136178875423613,44.46995575703982,0.08861590994795447,0.11802672688450658,0.6269035532994924,0.9998790941735483,82706
429,0.06735422327850586,-0.08987352151052062,95.15633092035452,0.07990968335480078,0.11866897009036084,0.6976744186046512,0.9998186412603224,82697
430,0.045982862357981734,0.36765524326519006,68.42891744868258,0.09449007634846861,0.1184904157693041,0.6894865525672371,0.9997340039657591,82697
431,0.05168320474037081,0.32097643005089654,71.27801449070535,0.07944309295202309,0.13688814067172478,0.8911764705882353,0.9998549024823767,82697
432,0.04109403603211719,0.509380612561061,59.37741854032968,0.08076875236393488,0.11740734190444273,0.8849557522123894,0.9999153556874932,82694
433,0.04428984288158678,0.6454196376957718,49.80285424387711,0.07745772999983742,0.12328318620363198,0.8637770897832817,0.9997823484601154,82690
434,0.03998559875398215,0.9000141015406469,25.84007911672883,0.08214748220131282,0.11669545255797614,0.7201946472019465,0.9998065272856987,82692
435,0.03846239044739892,0.9745929491685456,12.943108255367406,0.07794830263230713,0.11962878526805057,0.6868932038834952,0.999951628896897,82692
436,0.04006539894419456,0.9243595390582845,22.428023734591918,0.0770291382487953,0.11554987002895224,0.7307692307692307,0.9998790751668762,82690
437,0.042185466229183406,0.741150539042208,42.17048372019009,0.07674764970023389,0.11396046928853287,0.6939890710382514,0.9998307093279161,82692
438,0.04539715024332705,0.6041984654290554,52.828813910922776,0.07845199622209673,0.11559440688417928,0.6695464362850972,0.9998548884454924,82686
439,0.04004450350888557,0.7940532062212454,37.434080157351815,0.08094128878869923,0.11627583880692725,0.8190854870775348,0.9999032542840213,82688
440,0.038675961016274574,0.9108141351375151,24.38189747575181,0.07694580297960647,0.11768559290045663,0.6877637130801688,0.9997702372602607,82681
441,0.042358022267632134,0.8281275419149069,34.09313098944272,0.0774814218487604,0.11631894366442949,0.8100263852242744,0.9997581357100531,82681
442,0.03917036425604165,0.8755471326042169,28.890205135473476,0.07895504164293278,0.11498693952675694,0.7534246575342466,0.9998548761609907,82683
443,0.03907792375216772,0.9444033000643111,19.195307682029352,0.07715303770655163,0.11770826929587125,0.8475073313782991,0.9998669665965217,82678
444,0.03850555684250538,0.9862209857900698,9.522404985058762,0.07731577731244614,0.11564968875223164,0.9025787965616046,0.9999637150908937,82677
445,0.06659313727972249,0.24364364208183528,75.89830864158122,0.08465712454856425,0.11374214746196047,0.7834757834757835,0.9998185952012384,82684
446,0.07454957012861631,-0.26764590394995436,105.52423231552984,0.08564364332165775,0.11642180176981103,0.6332378223495702,0.9997944178396942,82683
447,0.05834230373471522,0.5222223647687979,58.51855826387613,0.11620741843879297,0.11484694663495612,0.6965317919075145,0.9998790590796396,82677
448,0.04667390805100584,0.9048284774178044,25.199808248040174,0.10251872303788977,0.15635003151610585,0.8770949720670391,0.999818586425427,82676
449,0.046853966977035075,0.5870005553662053,54.05555383748941,0.0833133923067386,0.13311415932829299,0.8672086720867209,0.9999032414126754,82676
450,0.051288921257598964,0.25842461577831277,75.02339506760909,0.07789661473283997,0.12209486525750508,0.9401709401709402,0.9998427691972763,82673
451,0.038828632902295886,0.830804121875505,33.818570421667665,0.08629758741975566,0.11667560831099986,0.7898936170212766,0.9999758085976244,82673
452,0.03859183691500781,0.9982641101042984,3.3764596321339826,0.07738686448538315,0.12311293496306529,0.8840579710144928,0.999939521494061,82670
453,0.03834969892103169,0.9995266232158704,1.763024068636306,0.07693242980317024,0.1157127967963367,0.9151515151515152,0.9999637111406798,82667
454,0.03925324898337423,0.9064153031621791,24.985419698605476,0.07576583678837258,0.11369047507688258,0.7994011976047904,0.9998548445627192,82661
455,0.037276294970629564,0.9370701689697157,20.434789144621607,0.07531673961236779,0.11269749328975195,0.7189349112426036,0.9998306478927759,82661
456,0.04279889292403999,0.8196359280789881,34.95163465201711,0.07639722344874823,0.11232086549743654,0.7988165680473372,0.9998427425695864,82660
457,0.043284981528890425,0.6293796097003026,50.995633917434866,0.07769973204105052,0.11390161092840885,0.9109792284866469,0.9998790268923219,82656
458,0.04087592165176233,0.8070292403778229,36.19331260762712,0.0800012879814864,0.11374918305654218,0.694300518134715,0.9997580479307049,82646
459,0.04446885456869948,0.6358358145551015,50.51799712900624,0.07720002852487962,0.11163276015638592,0.6881720430107527,0.9996975562545366,82649
460,0.03657860049111838,0.7644397750014071,40.14282236044149,0.07617323322143063,0.1119176938351174,0.6869565217391305,0.9999879006400562,82648
461,0.05143851560194367,0.7892087803374537,37.888367849637625,0.0833893563069291,0.11153878412834657,0.7443820224719101,0.9997822299651568,82646
462,0.0387705362103632,0.847855747497639,32.02079103042177,0.08678035963758642,0.12098566576134019,0.8547486033519553,0.999915303455619,82643
463,0.037454757389049124,0.9910616169683958,7.666393963505109,0.07605482101008043,0.12243063121719916,0.7453580901856764,0.999903200435598,82639
464,0.06548098150718872,0.2591025562303842,74.98318232137647,0.08343592942314261,0.11151139959448297,0.6612466124661247,0.9997217281889345,82644
465,0.09210671562529532,-0.5664941280759666,124.50611068627977,0.07705896454573923,0.11240391536608839,0.7557471264367817,0.999794313369631,82639
466,0.042284960650603394,0.7050438348676394,45.16691448872876,0.1255530727741397,0.11784134789046138,0.7252747252747253,0.9998185008167463,82636
467,0.039267747888922885,0.9875558871538498,9.048383499265698,0.08129894823899624,0.15872783909668267,0.793859649122807,0.9998426930942268,82633
468,0.03907944635297862,0.8960617420445641,26.35486545671484,0.07628422822162145,0.11713689789171843,0.7967032967032966,0.9999031922360173,82635
469,0.04293876562604936,0.6846071326159253,46.79528181502509,0.07528953451042326,0.1144929227557115,0.9061488673139159,0.9999273932984014,82633
470,0.038269611129012046,0.9376861868218334,20.333457016147303,0.07993751387973172,0.11349830272602318,0.8651026392961877,0.9998789859018575,82627
471,0.03790288046907215,0.9992595317365537,2.205046016103373,0.07615838979145276,0.11728442382511481,0.8584070796460177,0.9999152850054459,82626
472,0.03786020512857175,0.9998056048752841,1.1297630077287149,0.07575940351571923,0.11400511463613205,0.9539473684210527,0.9999757948370387,82626
473,0.03778902121780116,0.9993039196221669,2.137925272577266,0.07563606072687482,0.11352585673512933,0.8562300319488818,0.9999031816916579,82624
474,0.03759973061358097,0.9618216259176308,15.8831939969221,0.07466573431766918,0.11227087422415384,0.834983498349835,0.9997942635846545,82619
475,0.041214016433446674,0.8716355675882408,29.350737147488605,0.07624808492114495,0.11278813259775101,0.7721518987341772,0.9997458488647916,82616
476,0.041877877595681255,0.5688261691571419,55.33158854090885,0.07359272473009447,0.10982638717822561,0.7432432432432432,0.9996974427864309,82617
477,0.07328330950498954,0.3758487097321142,67.92322200804,0.09711396128993138,0.11751476037351566,0.6590909090909091,0.9996611564247162,82623
478,0.08400969566358601,-0.6740273193913678,132.37866144825256,0.0642554475249091,0.10055420487917843,0.8153846153846154,0.9995401575565425,82613
479,0.04152334728286172,0.6518574003893941,49.31821127508595,0.11545409828204779,0.10286840056332383,0.7153652392947103,0.9997942361926433,82608
480,0.04623084084676129,0.8970949185650213,26.22120365680289,0.08547345874248961,0.15714256344951535,0.7979539641943734,0.9998063305695092,82606
481,0.038014098036492375,0.9076303905346023,24.82008412067122,0.08229547158119417,0.12245981769116512,0.8522727272727273,0.9997700064156105,82597
482,0.05493820661507884,0.40832307298118825,65.90046368343481,0.07854160390267348,0.11258046735895716,0.7259475218658892,0.9997215867136338,82602
483,0.06434938351984977,-0.21596026246357794,102.47186988096965,0.07504736575442439,0.1065588069229093,0.797427652733119,0.9996731907476669,82605
484,0.053715193668670946,0.7256849666806723,43.47414115491201,0.10974006942128757,0.11663361112628774,0.8,0.9997821245279365,82609
485,0.07281308934201816,0.23351439943948665,76.49593212294364,0.10006845987640034,0.1411860700513971,0.8567493112947658,0.9998305351458003,82603
486,0.038986733030520464,0.5208397547102098,58.611402545170634,0.098887680144329,0.13220493611119472,0.7908309455587392,0.999951575608634,82599
487,0.04274680552784824,0.8022966277451161,36.650022792969146,0.0775976992912936,0.13888301787319274,0.56640625,0.9982113290550259,82739
488,0.04249991384128541,0.5425677883368483,57.14138900774267,0.07486612344814393,0.1124971881873957,0.9017341040462428,0.9981388828463007,82599
489,0.048435707071739206,0.33007888558364223,70.72643640646774,0.07423748378812596,0.11502416703196038,0.950592885375494,0.9981630087982211,82737
490,0.0441709239555942,0.6873832318700668,46.576675719565586,0.08507838892733684,0.11241668509175191,0.34474327628361856,0.9994682522418002,82711
491,0.03679120438685332,0.8478495496294606,32.021460759415646,0.07784822655763689,0.11968943601050142,0.47401574803149604,0.9998549305479999,82715
492,0.04202989418436565,0.855348373396585,31.201757092701566,0.07593027826120961,0.11295635709711056,0.7020725388601037,0.9999032846935938,82711
493,0.039621372596825695,0.9670129216854525,14.757428388457116,0.08097569873134196,0.11512181903767563,0.9098837209302325,0.9999153710375511,82710
494,0.039059339985318395,0.7764591600347084,39.06248701061732,0.07415360936252519,0.11283225249375531,0.791907514450867,0.9998791029438433,82710
495,0.0451801379785591,0.5393751418493682,57.35888782999627,0.07396319628715435,0.11027318915607201,0.7507163323782235,0.9998791029438433,82710
496,0.04105353671705303,0.40904270338955034,65.85528689920353,0.07241564886461102,0.10778139521807543,0.841642228739003,0.9998428338269963,82707
497,0.03709936887213528,0.7685043356317282,39.78023117241689,0.0735031491773259,0.10652891201100527,0.7284345047923323,0.9997944750045337,82706
498,0.040243578304949235,0.6722283257961111,47.76071811015457,0.07073328646639593,0.10654175011276186,0.5785536159600998,0.9998549165165456,82704
499,0.052598425856072224,0.5938261202832359,53.57100595685705,0.08306684979633389,0.11140534286707612,0.672093023255814,0.9998670035909031,82703
500,0.04509869058806285,0.4234705877475186,64.9461050612388,0.08251989159735698,0.11427884429682658,0.6293103448275862,0.9997944576099047,82696
501,0.050197688505064605,0.10920151963354245,83.73071126684297,0.07105020442818212,0.11527468066008865,0.8576923076923076,0.9999153567110036,82697
502,0.05297393181445697,0.8217011771400852,34.74454752991538,0.09846892839886061,0.11592837811399814,0.6949152542372882,0.9998186346818853,82700
503,0.04560210384006757,0.5548038027169193,56.30279773568563,0.08698444487839428,0.1306692539606832,0.7037037037037037,0.999879086863997,82698
504,0.05810671619878389,0.04318911425788846,87.52467608824315,0.07539778762754,0.12258291413863742,0.8705501618122977,0.9998790839399289,82696
505,0.038326029499071296,0.7947074338193502,37.372369235577835,0.09156910760939056,0.11329989118940915,0.8260869565217391,0.99993953831457,82693
506,0.03748996484167603,0.997413308584949,4.121958367405523,0.07576695629849874,0.12659938684084474,0.8872832369942196,0.9999274442227463,82691
507,0.03703132807440599,0.9984532008583817,3.1872093283880654,0.0744924710660539,0.11273119222729718,0.9389067524115756,0.9999153474985186,82684
508,0.04661159792753053,0.6476054718804415,49.638692939358414,0.07602374739925995,0.11022928946446153,0.6852367688022284,0.9998306990918215,82688
509,0.05113606966062281,0.07791171109347808,85.53145913128142,0.07182582469969374,0.10808453335840551,0.8524096385542169,0.9998790678550266,82684
510,0.03695790492460122,0.8097740979545168,35.926133953914665,0.08391388050569101,0.10809587790825384,0.8272727272727273,0.9999032472637117,82678
511,0.03874265859016358,0.96892928070699,14.320040016489571,0.07511057351279299,0.11957574284460577,0.7115902964959568,0.9998427787049803,82681
512,0.03671607826553661,0.9275621767632001,21.94206341116316,0.07408062147246737,0.11085709649204543,0.8308605341246291,0.9998669633786464,82676
513,0.03874130588775034,0.9481594586840661,18.529626115891023,0.07447373942086802,0.11216192990401408,0.9081632653061225,0.9998911492223217,82679
514,0.039134344901740316,0.9555275070480774,17.151660314133807,0.07700497453316998,0.11243144549097549,0.8073089700996677,0.9998185930073651,82680
515,0.04209557181818566,0.5783516320638079,54.66531145590025,0.07217386631445191,0.10785039481900342,0.7675840978593272,0.9997460332817337,82675
516,0.036505817559345656,0.7210777141777196,43.85646965826147,0.07294463724096192,0.1058253330637965,0.8211143695014663,0.9998790517658442,82675
517,0.03777963351463252,0.8624042270951582,30.412389323165943,0.07168535801300642,0.1048561212986311,0.7272727272727273,0.9998669569424287,82674
518,0.04998761932882397,0.871084126632339,29.415132564907182,0.08494805368098014,0.11404085339670887,0.7241379310344828,0.9998548568525708,82668
519,0.04544878932988922,0.21514781064145524,77.57580082818419,0.07444416141132291,0.10967409616479831,0.7449856733524355,0.9998064687809952,82664
520,0.05985151238655666,0.14267439383015465,81.79736841336717,0.08014983283138412,0.12057715498359946,0.6710526315789473,0.9997097172161881,82668
521,0.03887277808113942,0.8054699490944156,36.34433471241788,0.09402818945625277,0.11689715157410557,0.8844086021505376,0.9999032297084794,82664
522,0.036877453614647906,0.9761669058223575,12.534129776787452,0.07529785345728912,0.12755625512626978,0.7960893854748603,0.9999032261966686,82662
523,0.03651302807853876,0.9952809446577764,5.568472788843468,0.07330384926006388,0.11176898687143302,0.9288135593220339,0.9999879025428855,82661
524,0.04152158417068373,0.9317401624577287,21.292280146716944,0.07669697600285444,0.1126041309285186,0.7813411078717201,0.9999032238553197,82661
525,0.03673020335032109,0.8060660948949968,36.28666020471596,0.07437611521944648,0.1107740348966061,0.835820895522388,0.9999274152573129,82657
526,0.039699765199232157,0.8043558880644746,36.45190433592292,0.07260145490704376,0.11204208996365864,0.6506024096385542,0.9998427292523591,82650
527,0.040117928918171376,0.7935085777641498,37.48538683607593,0.07558517006241669,0.1100013014465929,0.8479809976247031,0.9998306294535381,82654
528,0.03798378301024805,0.78241474927451,38.51779761337838,0.07373432873041026,0.11112537482169159,0.7678100263852242,0.9998669199220876,82649
529,0.03728026551351871,0.8181048405920689,35.10447145546771,0.07176024909743817,0.10908875218990478,0.752906976744186,0.9998185271664832,82650
530,0.04628332450727245,0.5181754890920404,58.790053701215456,0.07293929609043523,0.10904552733853158,0.8509316770186336,0.9998427216415021,82649
531,0.05919224278543505,0.03845517405454795,87.79613741965676,0.07652824565484442,0.11093286929740871,0.8469055374592834,0.9998427216415021,82650
532,0.04158643514423561,0.5116598330623177,59.22554623411847,0.08804630099189241,0.11331876186749294,0.9033333333333333,0.9998790151835945,82650
533,0.037611582211947464,0.8943066026627571,26.580496460744953,0.07708235325049645,0.11958178152614034,0.8927444794952681,0.9999032074627047,82644
534,0.0365617542553694,0.9442582195513595,19.220573832892494,0.07313260376776524,0.11200354192294863,0.7850467289719626,0.9999758001088995,82644
535,0.043042486451868235,0.8830060702887178,27.99286239520958,0.07725675622401125,0.1115560237518506,0.7031700288184438,0.9999395024682993,82647
536,0.04041929948295405,0.6958390923541105,45.90588020772563,0.07686054622988787,0.11085928128667487,0.6709511568123393,0.9998911083955427,82646
537,0.046702562840250324,0.3315866911654121,70.63489049147717,0.07118083667144127,0.10940350963603623,0.8611898016997167,0.9997580245121169,82640
538,0.04855700810097677,0.35787848083195495,69.03003669578095,0.07849879462565156,0.1111896008153451,0.8535211267605634,0.999830608960786,82644
539,0.04844483396393301,0.49736131124245664,60.17442123250363,0.08393215714256283,0.11346232652802973,0.8005698005698005,0.9997943158582473,82641
540,0.04707847503707332,0.37719225728308675,67.84012731328194,0.07927052561239595,0.11651958996510582,0.7899408284023669,0.9998064008711961,82633
541,0.03674127564561728,0.8398378529494978,32.87699874700705,0.08044674158975691,0.11415025091706828,0.8235294117647058,0.9998305925630135,82635
542,0.040635986792815965,0.8711900190771006,29.402776766371833,0.07485058118920172,0.11553560468477507,0.6873239436619718,0.9998910912655194,82632
543,0.03719183100166532,0.8364206477205011,33.235943180790436,0.07458368132405647,0.11021546372384826,0.7264957264957265,0.9998910873116718,82629
544,0.03609387008560382,0.987689761174955,8.99947968268086,0.07305986261724151,0.1096293625952519,0.9405940594059405,0.9999636931343717,82626
545,0.036551219304611,0.9957917486175492,5.258245840512494,0.07256862497770611,0.10945622344376277,0.8930817610062893,0.9999636926949702,82627
546,0.04757420173917581,0.8359040865429083,33.28990444930328,0.08066222977543772,0.11543083246070474,0.743801652892562,0.9999031852066996,82629
547,0.04998619386810226,0.15370217168434577,81.15846577308594,0.07411442607809296,0.10751053933294413,0.7747747747747747,0.9998426759608868,82622
548,0.050397224563304845,-0.039464353702643784,92.261728250181,0.06956770334995119,0.10793695420783436,0.8184931506849316,0.9998668748260297,82625
549,0.04264446511993251,0.7543822520544322,41.028578441079944,0.08718377728556947,0.10573510714207753,0.7106741573033708,0.9998063657267336,82619
550,0.03994138702479252,0.8510604585277012,31.672801302684295,0.07945471516774484,0.12442401540455639,0.820580474934037,0.9998668683812405,82620
551,0.04662168422483791,0.8749775319786848,28.95768334287951,0.08383047145197176,0.11839881988544806,0.7631578947368421,0.9997942586048313,82619
552,0.0375155334329938,0.8826864239976612,28.03185721055011,0.08166210713826205,0.12014727767459221,0.8789625360230547,0.9998668603243767,82610
553,0.03952332753011392,0.8192252348969546,34.99268816698395,0.07347722512822452,0.11220384541435995,0.8263473053892215,0.999818441501852,82611
554,0.03893857975857288,0.8912063687176729,26.974767756459016,0.07629815176232196,0.11036333693823833,0.8221574344023324,0.9998910635825556,82614
555,0.05283001155596122,0.43328171922434083,64.32399269350454,0.07803750998083121,0.10890814795049833,0.9002770083102493,0.9998547567175018,82614
556,0.037738418955731656,0.8118799796092996,35.71998071599055,0.08632799600241597,0.1151750651115967,0.8224543080939948,0.9998789580710759,82608
557,0.036647516033511,0.9960275960595815,5.108674155756086,0.0743120414299091,0.1207610064902903,0.8285714285714286,0.9998063352578767,82610
558,0.05435984540048584,0.4966901694939473,60.218736093869275,0.07922751510501569,0.11112714042371079,0.6366366366366366,0.9997095169508963,82608
559,0.05700006821120029,-0.22636867257602353,103.08337408857547,0.0692905993639657,0.10559729174096374,0.8872727272727273,0.9997216170418785,82609
560,0.04050254223397463,0.8620956928317018,30.447292201574225,0.09418075243250017,0.10682368804251423,0.7628571428571429,0.9998910569892994,82606
561,0.04239070954683961,0.6395222734625406,50.24379414700578,0.0750563792133186,0.12124725681304076,0.8314606741573034,0.9999152624443153,82603
562,0.036391973000185596,0.7191956872349485,44.011885246448976,0.07307754648513175,0.10926037061368966,0.8166189111747851,0.9999515767810665,82603
563,0.03656864024439046,0.9129888730483443,24.078284318899122,0.07135587855890467,0.10660699276787482,0.7282913165266106,0.9998910490763383,82600
564,0.048914647766044934,0.6878834537858483,46.53720145971155,0.07868164004998533,0.11348785866702955,0.7589041095890411,0.9998426264435998,82599
565,0.03797668711322645,0.5752145319921835,54.88534261429448,0.0772782458451041,0.11021274017068652,0.8114754098360656,0.9998789390215852,82597
566,0.04508517676288992,0.5834997501331214,54.302925203429375,0.07397987379921193,0.11463210140635467,0.7834224598930482,0.9997336787439322,82595
567,0.05192480889718187,0.09121874044828732,84.76627579467326,0.07180495968106342,0.10887636333787426,0.8838383838383839,0.9998305146302192,82597
568,0.04508100870226137,0.2648023476101827,74.6447914049846,0.07725408629922105,0.1083834459500083,0.83,0.9998184041355431,82590
569,0.038991417715035094,0.7274838740586222,43.32412900408819,0.078167321891561,0.11253926056512017,0.7647058823529411,0.9998183931425251,82587
570,0.04097895720442213,0.8419380418763903,32.65465852936556,0.07674730832011352,0.11820636689659443,0.7699115044247787,0.9998547057185407,82583
571,0.045594583175355384,0.5247855393423283,58.34619300980576,0.07562525332399563,0.11107936812025317,0.6936708860759494,0.9997941689267725,82584
572,0.03963631628786816,0.5968860724918592,53.352796960483595,0.07620557840279117,0.1122558454288122,0.7017114914425427,0.9998789185000424,82584
573,0.053551203144871516,0.5851130895053609,54.189020332062036,0.08320251646578017,0.10778868935195894,0.6650943396226415,0.9998668103500467,82583
574,0.037674772493424095,0.7923629188301564,37.593118518135704,0.08651214250935049,0.11896869763391353,0.6847599164926931,0.9998183777500635,82580
575,0.03672149183401156,0.9871692886809722,9.188157947569684,0.07415728041596577,0.12085765737322715,0.644,0.9998789170339517,82586
576,0.03650735214099606,0.9960462043577264,5.096686678391801,0.0731564258146981,0.11054054513763124,0.7487179487179487,0.9999273493406953,82582
577,0.036198477337473105,0.9960019727160981,5.125134965780552,0.07263312446542229,0.1092982066589354,0.8032345013477089,0.9998547022000509,82584
578,0.036134430229437936,0.9975634270498843,4.000511852400825,0.07228883307203991,0.1087517514950486,0.7692307692307693,0.9998910200523103,82575
579,0.03590349659677644,0.9996896914463889,1.4274001393816125,0.07203233817064367,0.10817870178196971,0.9605263157894737,0.9999273431823686,82579
580,0.040049182534067584,0.8092736322436109,35.9749760850633,0.0722517571325768,0.10700250545579582,0.7259475218658892,0.9998546916435586,82575
581,0.03513812789662605,0.8279654227909243,34.10969851856364,0.07189533501899559,0.10630920499353468,0.6539589442815249,0.999963669831428,82574
582,0.03542385589274598,0.9991895449173492,2.306914193362422,0.07054768574558264,0.10598049628915844,0.8986013986013986,0.9999636689514859,82571
583,0.047039642241631416,0.6081487672756571,52.54423317969925,0.07412371493447933,0.10587132092939466,0.7623456790123457,0.9998667861554484,82566
584,0.05309791506409847,-0.038006703404963725,92.17814830574632,0.0695863299329335,0.10491623347276695,0.8584070796460177,0.9998304571601574,82570
585,0.04853614777070657,0.21705097684621613,77.46411851712661,0.07933410362324562,0.11019898760009132,0.7726161369193154,0.9997820137089156,82560
586,0.040373227502401396,0.37073044298152585,68.2393273580947,0.07374749437854168,0.11007357399534037,0.759493670886076,0.9997819978684236,82558
587,0.03725009126242342,0.80497972192523,36.39170299624377,0.07374818725835505,0.1056276736992378,0.7968337730870713,0.9998425463882564,82557
588,0.04684368205620809,0.5081279411017547,59.46078689782276,0.07317920933646371,0.10417417331423448,0.7846534653465347,0.9997940991231045,82554
589,0.04504540134187205,0.1450857880698393,81.6577529838131,0.06953925211801028,0.10366684408412997,0.8184357541899442,0.9998425406669008,82555
590,0.05196166040803627,0.2103743502413899,77.85570897945468,0.07559048209953054,0.11414166709147999,0.8686567164179104,0.9997819741033686,82545
591,0.050693434426607564,0.6058875137974108,52.70726622544834,0.09198800602762448,0.1186813810995698,0.6312056737588653,0.9998425254079197,82548
592,0.03701558549332477,0.8212261768029518,34.79227221708681,0.08379709369134296,0.1258562686036469,0.85995085995086,0.9998909817697292,82553
593,0.03623273939414092,0.9969651081502692,4.464976088875987,0.07319273495515954,0.11815075395721408,0.7518987341772152,0.9998909817697292,82548
594,0.035748275627462966,0.9995960269984139,1.6286524697503375,0.07197374538714008,0.10890733359578533,0.9636963696369637,0.999927318538618,82550
595,0.0358167099067899,0.9992357302973959,2.2402094025570323,0.07155131050265345,0.10776961512682325,0.9435215946843853,0.9998909817697292,82551
596,0.04808692344920531,0.5180304375786442,58.79977036456304,0.0733458417568224,0.10491114648027326,0.731629392971246,0.9998183117528071,82552
597,0.0549045448515686,-0.14924977070016665,98.58345218685044,0.06737036110441204,0.10301526649477419,0.9219330855018587,0.9997940841590155,82547
598,0.037099654297567106,0.823214662426475,34.592099308988374,0.08800324164298431,0.10370300350739135,0.8297213622291022,0.9999636575083588,82546
599,0.03588323550478479,0.9960284327918262,5.108135734755155,0.07291040982927141,0.12161266586437189,0.9021406727828746,0.9999273167777105,82548
600,0.03501524429623933,0.966888392933296,14.785412679787669,0.07030922842290557,0.10691292407290733,0.735632183908046,0.9998182919442762,82537
601,0.04731492836692954,0.5961173314145032,53.4076748268775,0.07375633624456836,0.10538653371145262,0.6312997347480106,0.9997940492343478,82534
602,0.054268183477506456,-0.08176403909972269,94.68996997705555,0.06902063402051989,0.10287866803744933,0.8116710875331565,0.9997819424085672,82542
603,0.03581632664533405,0.7554239576890388,40.93757194431947,0.08464313571150821,0.10378624218368662,0.7186700767263428,0.9998909659207929,82535
604,0.0443503832213747,0.8499964432187501,31.78871747001578,0.07713721363581426,0.11980406402579666,0.6487935656836461,0.9998788451519888,82533
605,0.043966674821518725,0.6368639906254471,50.44162932885359,0.07989816453770963,0.11180590081241541,0.6736842105263158,0.99986672643784,82530
606,0.034801697761540844,0.7606792811026151,40.47588154230707,0.07397350951462728,0.11224761107304203,0.7365439093484419,0.9999878833408052,82531
607,0.03682787561347275,0.9681659767708528,14.495803392068757,0.07105768214261511,0.10634927125617474,0.8502994011976048,0.9999394181721251,82530
608,0.03590845674699459,0.8740515522417133,29.06707487829751,0.07040921448890325,0.10414592097412553,0.7375690607734806,0.9998546053747547,82526
609,0.04969380656048344,0.694023785018487,46.050523546790025,0.0789668442559288,0.11275901796362406,0.7258883248730964,0.9997334625636055,82532
610,0.03711860495905207,0.6837313339486405,46.8640847437858,0.07981001636638088,0.11122360365168288,0.8671679197994987,0.9999394189061478,82531
611,0.03501490452136871,0.956956335161922,16.871841779245866,0.07135373226437844,0.11236323626232174,0.7277628032345014,0.9999273009257016,82527
612,0.04665178285771114,0.7696929024578424,39.67368023264288,0.07692223984454942,0.11305172983025089,0.6015037593984962,0.9997576697523385,82517
613,0.035923880117147866,0.8526972263442513,31.493742178804226,0.07952991156182224,0.11191086791613712,0.7636363636363637,0.9998788231302409,82521
614,0.03522611316124444,0.9982096573354551,3.429024015718716,0.07111814349541645,0.11327823084929599,0.8383233532934131,0.9998424757958002,82520
615,0.03503400335122158,0.9994220021598951,1.9481467067181069,0.0702499633058572,0.10613394392352261,0.8942307692307693,0.9998909421387459,82521
616,0.03481814768116038,0.9998985317526123,0.816218402378101,0.06985037908299259,0.10506153259906433,0.9896551724137931,1.0,82521
617,0.0453059167482839,0.5641478341762964,55.65686370000418,0.07102661420015816,0.1024263211310918,0.7682119205298014,0.9998182413028464,82518
618,0.03385604725047715,0.7669711716628212,39.91732362840567,0.07451000182165825,0.10298517407945174,0.8148148148148148,0.9998909394956558,82519
619,0.043251093264704284,0.5475829850939365,56.79864685301821,0.06797464706520381,0.09788042385619802,0.9081967213114754,0.9998424662514238,82512
620,0.033413759445386944,0.6392091395234537,50.26712772552098,0.06953188474513868,0.0985151885565083,0.8229508196721311,0.99990305145544,82516
621,0.05417137706608858,0.4691314345058906,62.022069169430445,0.07582439110415408,0.11768848038147525,0.7715231788079471,0.9999030502805483,82510
622,0.036996477701863706,0.835224729798312,33.36075414945428,0.08747061781011393,0.1122667075694087,0.8507936507936508,0.9999272833042466,82508
623,0.03464730059992183,0.9641633388188136,15.385335776628215,0.0709997048717272,0.118288653903865,0.832807570977918,0.9999515204401944,82506
624,0.04057879987097994,0.7064128120809803,45.05620369657979,0.06952287968145295,0.10378799910652994,0.6620498614958449,0.99978184991274,82500
625,0.043403438690013924,0.4554353368803943,62.90705193306846,0.07165735882018004,0.10312983887919527,0.8380681818181818,0.99978184991274,82506
626,0.05480637231259696,0.2550315343506972,75.2245462833004,0.07810843311395889,0.10243781259700285,0.8062015503875969,0.9998182104638057,82505
627,0.03887668898301162,0.3971018965222706,66.6028713992625,0.0787866594228566,0.10962726534064623,0.7647058823529411,0.9998909196683958,82502
628,0.03445515801650652,0.8863234660646186,27.585169934592596,0.07122513453963483,0.10948656465954343,0.8963414634146342,0.999842435701646,82497
629,0.03832125901590432,0.7987710528481833,36.98709372297188,0.06902909201535162,0.10293770036609946,0.8198757763975155,0.999830311257636,82497
630,0.03615137962829179,0.718901269624649,44.036158426258446,0.06904581409591731,0.10019303829536352,0.7878787878787878,0.9998787908171923,82497
631,0.03822892552800524,0.5723760067574131,55.0839213213481,0.06595796228786946,0.09976608199512758,0.8459302325581395,0.9998545454545454,82491
632,0.037220745525763446,0.6456069881060261,49.788799380792774,0.06844059301820092,0.10024874949982249,0.8389830508474576,0.9998666634342651,82494
633,0.03886971991564948,0.5189351949970745,58.739146447777244,0.06631582270563308,0.10130284762353739,0.8575197889182058,0.9998545436914387,82492
634,0.05842448695656331,0.37720771335753195,67.83917111266067,0.08147091855363801,0.1122935110478564,0.7448979591836735,0.9998787834709141,82492
635,0.03565226910966185,0.7850740718143997,38.272470482167435,0.08919119593010139,0.1154134326308589,0.8862275449101796,0.9999636337188159,82493
636,0.034562860647558515,0.9951099324547141,5.6685527908538305,0.07012925873013778,0.12085362725588182,0.9142857142857143,0.9999030244257228,82489
637,0.033078664061984696,0.9764953217590832,12.447127486840625,0.06724306941818775,0.10257239986054184,0.8771331058020477,0.9999030208989963,82487
638,0.033791955952860615,0.9760804031211082,12.556946931791282,0.06646958339566149,0.10087717099572999,0.887719298245614,0.999842405140017,82480
639,0.045705839741923285,0.5163521701510897,58.9121211801978,0.06946885139749757,0.09986974239896612,0.7986577181208053,0.9998060370954055,82484
640,0.031176933145730983,0.6223503294445502,51.512028143004535,0.06953188796059585,0.09813210630769627,0.7450980392156863,0.9999878765836213,82485
641,0.03580635264011784,0.9132378584533106,24.043293847691633,0.0655213691793178,0.09579987491514605,0.8295819935691319,0.9999151402005115,82486
642,0.03266381075544581,0.9467169994559292,18.78795286825153,0.06755387977181847,0.09789201094192619,0.9016393442622951,0.9999636306327058,82485
643,0.03253179245115925,0.9808387511611957,11.234285420285167,0.06488254556973037,0.09899586022479145,0.8805460750853242,0.9999272630290099,82487
644,0.03808978422937306,0.8386048552880789,33.00691229971231,0.06773055661078843,0.10008080291905905,0.7889908256880734,0.9998060370954055,82477
645,0.045049646870759276,0.8979478302734732,26.110383787582926,0.08100577740641907,0.10981076826780263,0.8761609907120743,0.9999030056135502,82473
646,0.03467141981738042,0.8788557387302629,28.495361552837117,0.07731112143354857,0.11386251250691339,0.9123376623376623,0.9998060229862761,82479
647,0.03776128203288208,0.795274620392019,37.318798070099405,0.0686325586462106,0.10733404457720629,0.8683385579937304,0.9998423898547562,82472
648,0.03777128043258114,0.5786333749146255,54.64552119000862,0.06710576966526349,0.10126034013322668,0.8761329305135952,0.9998302598237127,82472
649,0.03780739266615444,0.9684680845104998,14.426488709092881,0.07498052117609813,0.10177198963216946,0.9427710843373494,0.9999393748332808,82471
650,0.03464740702752927,0.692894965767107,46.14029035786699,0.06667178531384617,0.10197083633029064,0.8364197530864198,0.99979388193072,82466
651,0.034082926480159835,0.8478319652745606,32.023360820806225,0.06606415697377631,0.09946716098840433,0.8249158249158249,0.9998908707303173,82467
652,0.03391925886749772,0.9305754057693618,21.475311437791706,0.06681151220503873,0.09874215279042789,0.7588424437299035,0.9998423707440101,82464
653,0.033741097453055945,0.852332672514787,31.5337025500866,0.0651146778632881,0.09746028454860152,0.8377483443708609,0.9998666213987778,82469
654,0.051033246193906555,0.5983707271050317,53.24670152889043,0.07618099636033727,0.1038689692628712,0.49706457925636005,0.9996968888673343,82462
655,0.04942767835986357,-0.00891199659905976,90.5106265516201,0.07072854718242476,0.10015855188349966,0.49295774647887325,0.9996968631397704,82455
656,0.03546477230051005,0.17271608428095545,80.0542243593576,0.06562292127876226,0.09859549174009465,0.7532894736842105,0.9999393623343076,82454
657,0.03424303322662205,0.8069159402017947,36.20430438560652,0.06625863967921536,0.09379931173373537,0.7822085889570553,0.9999272374484599,82460
658,0.05543031573891738,0.48737159173477645,60.83203016256662,0.07807219321556368,0.11251157018694742,0.7922437673130194,0.9997938544369801,82455
659,0.04121067897994352,0.427548223620138,64.68793541491358,0.08200094323613678,0.10778735614914417,0.532319391634981,0.9997210937973686,82452
660,0.03827174048965449,0.5443478209369366,57.01989274188226,0.06985801135909081,0.11276540460630352,0.5398058252427185,0.9998059688822595,82454
661,0.039069935578002084,0.5812451100939179,54.46183521774715,0.06877083607033636,0.1017428127285241,0.8539944903581267,0.9997938419374007,82451
662,0.059733130813654646,0.48288431218722155,61.12604894942258,0.08572274034795879,0.11160944492670401,0.39668174962292607,0.9996483612421336,82462
663,0.056373619483144864,-0.3075380236539439,107.91092283629408,0.0683728129213327,0.10353248828533604,0.6601941747572816,0.9997817308741679,82454
664,0.04118588395125217,0.3188516116924279,71.40651055704348,0.07971749911144146,0.09795162359652465,0.5507900677200903,0.9998181024447031,82459
665,0.04887044993191163,0.14649448958515068,81.57616864038178,0.06836898511806459,0.10775753458460344,0.5113871635610766,0.9997453465106408,82450
666,0.040484660098816974,0.708509405224842,44.8862345022517,0.08264929118236673,0.0992866655161078,0.53,0.9998908469067226,82447
667,0.03595460967874457,0.7761998566940607,39.08605728563792,0.07205158182144748,0.11161377313072697,0.692090395480226,0.9998787173143162,82447
668,0.037735076055005055,0.5539214676972355,56.36353975475329,0.06495949313158353,0.10292713964070477,0.8306010928961749,0.9999029726746795,82447
669,0.03285351803956624,0.9013244035299831,25.66729604433258,0.06883376657898448,0.09760403891782368,0.7700258397932817,0.9999393564506543,82446
670,0.04008542197209773,0.5417534642277646,57.1969152890098,0.06413357970852818,0.09347024532242469,0.7827298050139275,0.999866590663772,82449
671,0.050578846716504235,-0.07284959844004338,94.1776752997569,0.06220658643674232,0.09493511277657962,0.8888888888888888,0.9998423344208216,82444
672,0.04919685795608849,-0.051989182113356305,92.98010421984374,0.0687009395100127,0.0956396201773775,0.7416666666666667,0.9998302083585999,82450
673,0.05071667529158476,-0.20852217361650283,102.03576189370808,0.06286449067819973,0.10457993683361728,0.8938356164383562,0.9998059524098285,82442
674,0.03411876582920846,0.25356059512633783,75.31168961593765,0.06792487730807086,0.09282344550158034,0.7892857142857143,0.9998302021806892,82446
675,0.03363806065561308,0.7296173059682168,43.1456789467619,0.06301076880929349,0.09962307117636827,0.6853582554517134,0.9999029679673002,82440
676,0.04284076745207903,0.3689936384305237,68.34643425505756,0.06348503313414895,0.09155867449833155,0.54296875,0.9997089215543589,82440
677,0.05309680121186326,-0.11461212491823264,96.58125352118847,0.06428983967679014,0.09387431810164308,0.8356713426853707,0.9997331683828791,82436
678,0.03670269326739919,0.6819196270260085,47.006167801284136,0.08260872799418484,0.09633290367052724,0.7548262548262549,0.999745284735278,82433
679,0.03324904187671534,0.5417695064381309,57.19582175461092,0.061439897269441886,0.10554345866874164,0.7557894736842106,0.9996482503487173,82428
680,0.02972763931184643,0.8530279547398747,31.457450168737854,0.060626095628508896,0.09097238014796113,0.6224489795918368,0.9999272118499108,82428
681,0.04083570871928334,0.631644809152324,50.8284219080177,0.06391288674631686,0.09127667853445347,0.7003484320557491,0.9997937869212388,82433
682,0.03244705043645695,0.3730540554546269,68.09590745591551,0.06090121646994212,0.0891650288580254,0.7162162162162162,0.9998544325294774,82427
683,0.029888298581351815,0.9521550451532018,17.79519139813458,0.061586499284616014,0.08920181050352496,0.9222972972972973,0.9999636041588315,82424
684,0.033526473913904696,0.9152017858757371,23.76560041628046,0.06206036895426085,0.09313020354796714,0.8178913738019169,0.9998059076848426,82430
685,0.061088415979195926,0.45310286782346465,63.05706430714408,0.08192557674037519,0.10698143443420802,0.6666666666666666,0.9998180428691,82429
686,0.032261952027787984,0.665697635404521,48.26413164251247,0.08600339478820503,0.1109068421563721,0.8004587155963303,0.9999150804915626,82426
687,0.04706357405786432,0.6626041097650419,48.501219294191785,0.07258071625991776,0.10886665119086762,0.7096069868995634,0.9997937719117344,82423
688,0.031346539374924105,0.7280212822723328,43.27923334844823,0.0731139950126137,0.1007134183145267,0.6947890818858561,0.9998908138011355,82424
689,0.030057136312098456,0.8515834245721029,31.61568871087307,0.05908247617149705,0.09755529438556741,0.799373040752351,0.9999272083176629,82424
690,0.03613924239094283,0.7398218414123158,42.28375859568142,0.06177966976758419,0.09073058351900853,0.8187702265372169,0.9998301527412135,82416
691,0.03175479931974209,0.9332329154634265,21.055489986987727,0.06675595731132697,0.09329553147627796,0.8132530120481928,0.9999150701884228,82419
692,0.032012877756038866,0.7656768812814552,40.032751988183826,0.05991584468883691,0.09208757592959527,0.7731629392971247,0.999890808502378,82420
693,0.0385996726978352,0.40891676073266514,65.8631944487856,0.05937461579640022,0.09095323889303174,0.803448275862069,0.9997816223036421,82414
694,0.030733405173691927,0.8822508587045023,28.084913310807067,0.06728821754490517,0.08999220318582217,0.8552188552188552,0.9998544007377029,82410
695,0.044212226262334134,0.5560256024762381,56.21861517910224,0.06641016276430899,0.09916519808641536,0.6840579710144927,0.9997452229299363,82419
696,0.0480286463686203,-0.14422560299820567,98.29243815326329,0.06040661499076459,0.09069625665779538,0.8996865203761756,0.9998908045279722,82414
697,0.04238835904996255,0.4263097333458233,64.76640654130296,0.07641553436018914,0.08780195009609522,0.7739938080495357,0.9997937468910377,82415
698,0.043112103111488526,-0.06494032403529756,93.7234267222494,0.058464312684678804,0.09953923133342701,0.8776223776223776,0.9998544007377029,82409
699,0.05356952873155892,0.04826766810954633,87.23339136113492,0.07036544410439463,0.09156572683580447,0.6306818181818182,0.9997694762257192,82414
700,0.05911958701635679,-0.48978717852323317,119.3265943980313,0.05711829606489003,0.0936768980089651,0.8823529411764706,0.9997452012909801,82401
701,0.05083796821930587,-0.010905635023419423,90.62485924622052,0.0775504376528721,0.08800502549813344,0.7122905027932961,0.9998058558722531,82409
702,0.025844106138760165,0.469041072045593,62.02793156402211,0.06696959887007868,0.09840443737204124,0.689119170984456,0.9999271924183039,82403
703,0.03845805272996392,0.748721591792747,41.520240748819106,0.06029319514867159,0.08367150584246444,0.5647058823529412,0.9998058488047568,82401
704,0.031678692085621483,0.19791600130325768,78.58488114910736,0.05445001195308503,0.07978993372079417,0.660377358490566,0.999805851160646,82405
705,0.04086469392448291,0.3616426629248962,68.7988881036478,0.060081482738293154,0.0830135374607006,0.5740740740740741,0.999878655502973,82405
706,0.06660955891866444,-0.10718560986731544,96.1531035664666,0.0743185208384292,0.08818208190201722,0.6907216494845361,0.9996359885943092,82395
707,0.03346409774086492,0.4537244133939107,63.01710926314692,0.08705979977825021,0.09931399191315299,0.7189695550351288,0.9997694370623855,82400
708,0.043675965308373824,0.5612471898690214,55.85790681605722,0.06832311099006612,0.12558585813309814,0.6426735218508998,0.9998786451949565,82396
709,0.04342956761312238,0.5324813051271291,57.82673957306009,0.07624807206697017,0.1002029003739946,0.6277173913043478,0.9998665129543111,82403
710,0.03155123033024517,0.5879514999517039,53.98822521587464,0.06702906803414592,0.09951348878093381,0.644880174291939,0.999817976628199,82396
711,0.04985328204638716,0.4250338936904986,64.84719120880364,0.06941130324374588,0.08873167223302783,0.7100840336134454,0.9997936993349837,82395
712,0.03286484370887389,0.7277462038098856,43.30221836018431,0.07713725444409314,0.0986799584225836,0.7068273092369478,0.9998058299555836,82393
713,0.02993366085150069,0.9369200554967345,20.45940931177125,0.061802431028413506,0.10397881511004677,0.6107660455486542,0.9999271809311132,82393
714,0.02975868388100268,0.9967720834478032,4.604851942019105,0.059644155217861504,0.0911664657929279,0.9612903225806452,0.9999757263878438,82393
715,0.028977136437976718,0.9906270787891278,7.850818101645609,0.05859805156023039,0.08849434973554107,0.8754098360655738,0.999987863046618,82392
716,0.028983390186123302,0.9977956082109634,3.8050628485551976,0.05792857589080834,0.08757650725572867,0.9323843416370107,0.999975726093236,82392
717,0.03677629804896433,0.585126362661569,54.18808254462696,0.05865072451819901,0.0850805301873191,0.6628895184135978,0.99985436716465,82394
718,0.02692562300135868,0.6189320453214259,51.76181136075628,0.057473897687257636,0.08332792842946293,0.7816091954022989,0.9999635900236665,82393
719,0.040223396972447006,0.8027113291890546,36.61019915378297,0.06388777528142542,0.08497407757843865,0.7142857142857143,0.9999271800473329,82391
720,0.03900570600794117,0.681463391193252,47.04189630034211,0.07264791692011796,0.09696377418040616,0.6850828729281768,0.9998543618622263,82389
721,0.028978295147877847,0.8060827616325554,36.2850466345057,0.06467957783641541,0.0973055968862645,0.7923497267759563,0.9998907647679965,82384
722,0.028315210772900726,0.951968752048527,17.83008392386558,0.05660144868987236,0.09091174243515232,0.7771428571428571,0.9999514480615639,82384
723,0.030229439263784002,0.8096602712578232,35.93724772968077,0.05569230059397245,0.08300543806578178,0.7006578947368421,0.9998664886515354,82385
724,0.0281890157887023,0.8267510169355972,34.23357883952514,0.055834145091595594,0.08180047571838255,0.7544483985765125,0.9998179434896592,82384
725,0.04324982342604272,0.43281835702687305,64.35344641646643,0.060996115545158595,0.08302923606066391,0.7898089171974523,0.9998907594644786,82381
726,0.02940993576643508,0.8330226194058551,33.589502238582675,0.06967538055786014,0.08971632849871387,0.8338192419825073,0.9998543424167021,82377
727,0.033800502683552947,0.7914775216345813,37.67619665142292,0.059841351867572376,0.09704366529378215,0.6932989690721649,0.999927168556238,82381
728,0.02773571165876477,0.7982218444848166,37.03936507390563,0.058381326663879865,0.08619944633776419,0.766016713091922,0.9999150299822777,82376
729,0.03253222465824637,0.8056413211894264,36.327763296025054,0.057284227887862554,0.08826769120228226,0.808695652173913,0.9999393041831557,82375
730,0.06157461120877536,0.11113827745958096,83.61906357403178,0.07276698212180337,0.0902108564032206,0.6067415730337079,0.9997208331310385,82378
731,0.07553012568352413,-0.5786413022715278,125.35503571591083,0.06414058233797117,0.08082553442932201,0.7245179063360881,0.9996722744155561,82367
732,0.0393288950440832,-0.12583039087508988,97.22871232377885,0.08064737686581686,0.0932355299191474,0.7335164835164835,0.9997693558959917,82370
733,0.03528397601954834,0.12780227267591698,82.65738754677703,0.056092942611829184,0.10846940778316981,0.8383838383838383,0.9998421889605108,82371
734,0.04482823867446173,0.4411881323615055,63.82028674800744,0.06819238085632238,0.08461629856728949,0.6573033707865169,0.999805778101481,82373
735,0.051652602283321046,-0.08300162645021496,94.76112037114574,0.06552238222766389,0.0958335135955113,0.881159420289855,0.9997208060208789,82364
736,0.029659109984659846,0.7243791228600046,43.5827773450299,0.07594148144933703,0.09351571823422497,0.8342105263157895,0.9999392968142968,82367
737,0.03313762184465316,0.9063923028317868,24.98853945122818,0.06131417599996058,0.10467120172603947,0.7860824742268041,0.9997693502962027,82366
738,0.027291372860506112,0.8426522105590902,32.578744588091425,0.0580263886936123,0.08682145049992314,0.7220779220779221,0.9997814924068611,82370
739,0.029216752586026223,0.8883113035439156,27.338192856305696,0.05490951522382314,0.08560006569733082,0.7793696275071633,0.9998664627188191,82367
740,0.03031225136089868,0.9706513553014372,13.915524495729917,0.059090764860549795,0.08426750198255593,0.8731117824773413,0.9998300393337541,82363
741,0.028275910858045032,0.8289465051263777,34.00932978505099,0.05602990827796443,0.08479027313110495,0.7909604519774012,0.9998543194289322,82369
742,0.028622740076883615,0.8342323917459731,33.46400601950831,0.05448975811782972,0.08361263781569032,0.7585227272727273,0.9998664594765212,82364
743,0.03010671809394806,0.7406247978915362,42.21533400855903,0.0547916322174484,0.08112854925960793,0.7627627627627628,0.9998300352069929,82362
744,0.03441269239610942,0.4503600706916172,63.233211942088815,0.05498947065651833,0.08302234527832882,0.8131147540983606,0.9998907316125586,82361
745,0.02808760853789497,0.9001168178732576,25.82657332463109,0.060936027074692166,0.08283758343696504,0.7715877437325905,0.9999028713652643,82361
746,0.027714098155627632,0.9662290979346769,14.932716119261492,0.0553286037567877,0.08714884138099702,0.7362637362637363,0.9998907329391625,82364
747,0.02720231167785634,0.9848942062236936,9.971434095829807,0.05470864584052054,0.08249495707730008,0.89,1.0,82364
748,0.030277451554892004,0.7143726839440578,44.4081880993334,0.05322995717809208,0.07927921427181944,0.7469135802469136,0.9998785936285937,82362
749,0.03640732496377933,0.23217882442877535,76.57461773553742,0.052479411008554,0.07957146385655522,0.7133956386292835,0.9998421678848068,82357
750,0.030421884136449303,0.3298904562195282,70.7378732328616,0.05460534870249773,0.07835439840036627,0.7940199335548173,0.9998785877325045,82361
751,0.025956110933054242,0.8453368230671866,32.291958342327256,0.05416847592454199,0.07995508487841935,0.8200692041522492,0.9999271517550357,82359
752,0.03593677518583021,0.7208892261740749,43.87205452297754,0.05753287806066935,0.07950668387630655,0.7937062937062938,0.9998543035100713,82355
753,0.035084467063028715,0.6277524541486844,51.115503348492766,0.06407293195549747,0.08577714582628089,0.664756446991404,0.9999028642892701,82355
754,0.03416638516575626,0.6958987261446873,45.90112260143386,0.06377007459803365,0.0920110136956087,0.8601190476190477,0.9998542999720742,82355
755,0.026449692025927063,0.7512339781644903,41.30261776418729,0.056786388332309,0.0867510269184976,0.8126801152737753,0.9999878574464209,82354
756,0.026505126125768556,0.9973641780679037,4.1609366488349,0.05291991181752153,0.08157217027236345,0.8914956011730205,0.9999878572989775,82353
757,0.07176318975332406,0.15347287481785624,81.17176126621334,0.08022665573709348,0.0948384640052488,0.7535410764872521,0.9997571725167854,82353
758,0.024287313885330522,0.4353146277554046,64.19468418153059,0.08518966674937783,0.09822426396519504,0.8199445983379502,0.999939287969304,82354
759,0.06367844855772992,0.3728938447646527,68.10580073324243,0.07614615951378956,0.08685970273087916,0.7038043478260869,0.999842154470064,82351
760,0.05086745264939154,0.5427933422903746,57.126003024820506,0.10079103145485108,0.11205137503275057,0.7016129032258065,0.9998057309373483,82353
761,0.0412481871223992,-0.06374069221337741,93.6545501656695,0.06341474976499914,0.11630479106317985,0.8189189189189189,0.9997450218552696,82346
762,0.03742963339689338,0.4766733265930078,61.53164382190904,0.06763332467255065,0.08745018337501438,0.8184438040345822,0.9997571489284196,82344
763,0.031702171116443655,0.4970261955760652,60.196551060251366,0.059879448193969925,0.09030796392081787,0.7339449541284404,0.9997571430306121,82342
764,0.03502815633634436,0.46366920694685726,62.375870639878904,0.0571119916099047,0.08804854032685737,0.711864406779661,0.9997207246587984,82347
765,0.03287759128899059,0.623676114895204,51.414916356438766,0.06119158621101044,0.08246518352675972,0.8309859154929577,0.9997814287275509,82341
766,0.034229041826366026,0.6405975377626012,50.16360917170985,0.0607814102028987,0.0932651829317913,0.8333333333333334,0.9999028501341882,82345
767,0.027729752426677717,0.8962109028594786,26.335607474551747,0.06034788044030258,0.08790556238720858,0.8426966292134831,0.9999149938674147,82342
768,0.027017331297249765,0.9971697819573451,4.311715132732024,0.054708340028251354,0.08650620633843212,0.9006211180124224,0.9999635670305915,82341
769,0.026710915346868255,0.9984209942876369,3.2202281601493357,0.05370703384427715,0.08136147506355873,0.9283387622149837,0.9999271331762648,82337
770,0.026686704444194943,0.9974090944811596,4.125316091708616,0.05336302154249304,0.08036858998241293,0.9405940594059405,1.0,82337
771,0.026671845662772527,0.9998742491167422,0.9086522441070892,0.05335687260952746,0.08001948634698439,0.98,1.0,82337
772,0.02854103203232648,0.8589560429262529,30.800431246694615,0.053232740818327545,0.0792376319505896,0.807570977917981,0.9999028418751518,82335
773,0.029160360242265974,0.6211713395184683,51.59827756490918,0.05195072333265511,0.07849182954858855,0.7614942528735632,0.9999028383351348,82331
774,0.039738454905101375,0.2993251378564205,72.58292614205767,0.0558854181352948,0.07718288506498919,0.688953488372093,0.9997813942190916,82331
775,0.03587318833899255,-0.15348180573504383,98.82875657292004,0.049279204281990265,0.07494160914538267,0.7867647058823529,0.9998421180471216,82336
776,0.034892337842372875,0.8432039091989919,32.51999278366113,0.06793553229328653,0.07412714267288847,0.8114478114478114,0.9997935414920878,82329
777,0.035033807248927566,0.14192831935502748,81.84055482476003,0.05283779416758365,0.08299139274901438,0.8366666666666667,0.9997571046878795,82331
778,0.03901863208847084,-0.03418572631146103,91.95907954791481,0.051539882531216566,0.08161937649168925,0.8443708609271523,0.9997206771756819,82330
779,0.037885120757804994,0.5094153030367777,59.375108783111244,0.06681165689540589,0.08024412803985684,0.7202216066481995,0.9998299650213758,82328
780,0.03508827321636118,0.5549877741729042,56.29012729895754,0.06435826160987215,0.09246669897730854,0.75,0.9999028324345334,82328
781,0.032281034993848524,0.2710742364541501,74.27179982698902,0.0537339371448891,0.08783796366007643,0.828125,0.9998663994655979,82331
782,0.035533748100935875,0.16545052537978416,80.47659260391681,0.051810017119904954,0.07854329118416963,0.8109756097560976,0.999769255058172,82334
783,0.027208822519313412,0.40864851285408454,65.88003527311783,0.052850314490799806,0.07476715089853665,0.755223880597015,0.9999271278663039,82332
784,0.024208206505919094,0.8501081700693621,31.776563496151713,0.04945958282993832,0.07506941523098841,0.8244514106583072,0.9998785449687253,82328
785,0.05272608692286896,0.5209980297879547,58.60077880062131,0.06852799021827509,0.09294337554859028,0.7507163323782235,0.9997328086667152,82326
786,0.028995945628506575,0.7241158888699583,43.60465018032548,0.07638667264814825,0.09491358099247904,0.8035264483627204,0.9999149752820998,82325
787,0.02809211076506323,0.7053941287173665,45.13860608859111,0.05271716463372348,0.0926208292352484,0.5620253164556962,0.9998056625086541,82321
788,0.02473139829030133,0.6674544987043302,48.129095510550385,0.0482519052413614,0.07387076012034988,0.6888111888111889,0.9999271181293653,82323
789,0.0355997123987171,0.4830201249045846,61.11716237968358,0.052244741794060516,0.07493247702445353,0.6900958466453674,0.9996963587339374,82320
790,0.03896308545612283,0.035937841797607215,87.9404698542163,0.0537136713400012,0.07367608410579597,0.9217687074829932,0.9998056554270722,82320
791,0.03272144532552467,0.6273163925131157,51.14759280535441,0.06471771063675506,0.0823726701389316,0.8477611940298507,0.9997570781358176,82322
792,0.030888196748654773,0.7864133049449186,38.14841871985784,0.060120210145573186,0.09399960142596252,0.8296089385474861,0.9998299505641998,82322
793,0.03216337896373248,0.8982277696292704,26.07391549311747,0.061427079803848796,0.09102501222151999,0.8666666666666667,0.9998906785219737,82321
794,0.026909322506447314,0.9124814275167697,24.149449149330916,0.057776209041104115,0.08707265482166171,0.7354497354497355,0.9999271145880152,82315
795,0.027316645996439584,0.9096303388090718,24.545683022147273,0.05298678293618995,0.08274605673268925,0.6674641148325359,0.9999271119317767,82315
796,0.026767106646505067,0.8618904434348604,30.470490977509805,0.052183180393683457,0.07867675680025804,0.8309859154929577,0.9999149628873745,82312
797,0.02624989000184908,0.9810868203091615,11.161094396860019,0.05276574516056778,0.07810258535274595,0.8253012048192772,0.9999635541949121,82313
798,0.028618543527693854,0.916873450678626,23.52680132299043,0.05371824718771318,0.07944127487320779,0.7225130890052356,0.9998906665694814,82312
799,0.04093007989582571,0.22577665780314254,76.95144737221156,0.054983848878151914,0.07738258590661756,0.7586206896551724,0.9998299319727891,82314
800,0.06013351483993397,-0.3941880887730652,113.21534685632754,0.057886999872914076,0.08108104350748792,0.7299465240641712,0.9996963218502503,82309
801,0.054393112925221254,-0.6270795475840044,128.8349840157014,0.049724091133647834,0.07383193474648622,0.839572192513369,0.9996720236142997,82310
802,0.028568451513535743,0.4850677621452631,60.983087904953265,0.07267934334753445,0.07360669509184918,0.7843137254901961,0.9998542220926419,82312
803,0.025397887205745172,0.8710515977286225,29.41892717099139,0.052203844565129276,0.09012702581206687,0.7155555555555555,0.9999028135477914,82312
804,0.04277100516407958,0.7504376437400553,41.37169782773535,0.06406872968397953,0.08876817949103476,0.7551546391752577,0.9998420700965802,82305
805,0.04110296825086548,0.17918956408047657,79.67744222694049,0.06441155843924291,0.08637924163513497,0.6358695652173914,0.9998299195762568,82309
806,0.044158646565180544,-0.27904857994127635,106.20342920160853,0.051249048844433626,0.08807671586518409,0.8289855072463768,0.9998420681779527,82306
807,0.044744787619477186,-0.17446201583961496,100.04735228320455,0.057119644751782044,0.08426624325531111,0.911504424778761,0.9997570338694786,82306
808,0.025336578666662186,0.4647599364049706,62.30531334631564,0.06080967168448683,0.07985290010847589,0.8583569405099151,0.9998663637578511,82309
809,0.028807204672632345,0.6652474032494676,48.298691705693685,0.049425636027841016,0.07783298466766637,0.6714697406340058,0.9999149577218388,82308
810,0.0324928783960548,0.6473688516649847,49.65648294127121,0.05565567556948851,0.07646763038874652,0.7365079365079366,0.9998542185506895,82310
811,0.0368762834333376,0.03173338998907114,88.18150539040843,0.0499168746538648,0.07579083937924584,0.7643312101910829,0.9997691877839597,82307
812,0.042126464197670854,-0.32114248361291553,108.73203152320902,0.046224782161199705,0.07179072385136617,0.8581818181818182,0.9997691849800163,82308
813,0.030659424405050897,0.6177353052513858,51.84905758233885,0.06565317929861805,0.07358819431021252,0.6748466257668712,0.9998785095552235,82304
814,0.025002852806089056,0.8999958869542837,25.842473399387252,0.05426756105930872,0.08805454893035083,0.8670886075949367,0.9999757001397241,82304
815,0.04847684491260253,0.629717677843123,50.970703610164925,0.06709439339587582,0.09247789796843005,0.6551724137931034,0.999866355639792,82301
816,0.025368498614138865,0.5379643381388307,57.454830248314046,0.06570179539037196,0.08712638338946097,0.8088235294117647,0.9998542026097733,82299
817,0.041911697720920835,0.4219800225313869,65.0403421600363,0.057423693227340124,0.08283890920946613,0.6047904191616766,0.9997570073019306,82295
818,0.04741589076139165,-0.47621557565241074,118.4385255809099,0.0459576899581621,0.0691816078119777,0.7907801418439716,0.9996598143558342,82293
819,0.025920345569092642,0.6799057584223452,47.16372088669673,0.06775978668151704,0.07119215946032538,0.7771084337349398,0.9997813012575177,82299
820,0.05267647815157526,0.47762330952093285,61.46970867585513,0.06892722430544523,0.10803346027432068,0.7083333333333334,0.9998663491446346,82298
821,0.027537474032114564,0.44519147794677744,63.56440988104088,0.06946001005169175,0.08985201642400623,0.7893175074183977,0.9998906479715198,82299
822,0.03325586284969248,0.6848456962281019,46.776526759427995,0.05584446474160898,0.10132341437390524,0.7840236686390533,0.9999027958348016,82295
823,0.026364055249160596,0.8953997836319194,26.440173000934827,0.058061314031565225,0.08164496643073563,0.7802197802197802,0.9998906399990279,82290
824,0.025760724473637295,0.9932806056355604,6.645783341078786,0.052037156066787126,0.0829632305560525,0.8842105263157894,0.9999270880169155,82286
825,0.03211784977918119,0.7886319698868068,37.94214987899032,0.054773774613709414,0.07965266862113479,0.8059299191374663,0.9998663329039784,82291
826,0.03864062197269459,-0.03416222666101085,91.95773233021283,0.04939493522450315,0.07325287742829238,0.8419452887537994,0.9998055845828574,82289
827,0.03192336139137878,0.5494572965252426,56.67021079282519,0.062191254781054556,0.07493346843424131,0.7008797653958945,0.9998420297956109,82286
828,0.04236255791779074,0.08388830432622148,85.18789892610654,0.0551414625550378,0.08020511314826653,0.889261744966443,0.9998177244723123,82285
829,0.055775865894497303,-0.2866432797458442,106.65710038153472,0.05958999295410457,0.07806097618764984,0.6565096952908587,0.9997691344973815,82294
830,0.04898866563075675,-0.5339410719133746,122.2721259844415,0.050921225081781867,0.07079100157748075,0.7852941176470588,0.999854188437143,82290
831,0.028682468224511034,0.5192608408032615,58.71731678909378,0.06842380151863144,0.07015595214034309,0.6676136363636364,0.9998420259563505,82281
832,0.026965386369470948,0.48943157616394317,60.69677242825192,0.048030218925140665,0.08336739305633296,0.7645161290322581,0.9998055656823429,82283
833,0.028546040263193354,0.4460640558246285,63.50856313351555,0.0472094117292276,0.0715413088853154,0.8291814946619217,0.9998177178271965,82282
834,0.02482073144440838,0.9027023134096626,25.4844204175909,0.05205895660065586,0.07129368583533424,0.8561872909698997,0.9999027781153538,82282
835,0.023789864275472035,0.982853278681373,10.625532293103488,0.0484018632017199,0.07492524926530222,0.8283132530120482,0.9999392355836422,82283
836,0.06863096421710936,0.33331306169619007,70.53001129561002,0.07977832774816478,0.09610437413746606,0.774869109947644,0.9997326723048507,82287
837,0.038366957171493014,-0.2522061581738276,104.6080997506767,0.06967089549515476,0.08591641087696085,0.7391304347826086,0.9998298741068391,82283
838,0.028053605930154345,0.11353789460372468,83.48069976759578,0.050034358519576265,0.08658379659102518,0.7450331125827815,0.9998784726441922,82279
839,0.024460372252239286,0.47696192482892663,61.51283219648667,0.045165238074813145,0.06981853810353374,0.6189189189189189,0.9998906227213067,82280
840,0.024384621577208828,0.6991693955916995,45.63959757848846,0.04502186613300046,0.0688279561785894,0.6621621621621622,0.9998420125174697,82277
841,0.026983411563570526,0.8001993170269573,36.85086005438094,0.0487416147676978,0.06974592902658125,0.7627627627627628,0.9998906200627111,82278
842,0.057950926098166454,0.46468455177248563,62.31019130612741,0.07442903684020077,0.09318875013803714,0.8233766233766234,0.9997448018568703,82279
843,0.057914088511816245,-0.2190626050434443,102.65398125523542,0.0724011503986857,0.0875293619172041,0.6824146981627297,0.9998055538676551,82275
844,0.05953936932662263,-0.636408797107691,129.5245508034153,0.050100787033680594,0.08870265971396568,0.826530612244898,0.9997204904784474,82276
845,0.04494967381621017,0.6950795002219284,45.966447311896715,0.09636315569384922,0.07804518549799914,0.8065476190476191,0.999671872151668,82267
846,0.035743931242381316,0.19950918169047785,78.4917412110491,0.06276301333537343,0.11419821639758304,0.689156626506024,0.9997812294902647,82271
847,0.044567389910489516,0.7570419364995497,40.79588903939315,0.07533815267140564,0.09460570559872064,0.6252983293556086,0.9998055396881342,82271
848,0.03154755159415928,0.0330903718649161,88.10371517884295,0.05544862354844017,0.08630309859734431,0.7830188679245284,0.9998176890260948,82268
849,0.027804707674964412,0.6313430753833581,50.850718141811846,0.05362779838360829,0.07901768774761866,0.6869300911854104,0.9998419933151018,82269
850,0.0412651674269521,0.5375436228879003,57.48342134919795,0.06090512520115972,0.07695767965218878,0.6852367688022284,0.9998419933151018,82268
851,0.026775578770271296,0.789437123512537,37.86705911288108,0.06453093699032043,0.08636211656821836,0.6079664570230608,0.9999513790127509,82266
852,0.026278388894918746,0.9544119320911766,17.367090845209685,0.05244587893213001,0.08814537133675814,0.4681159420289855,0.9993314776774319,82221
853,0.025666031678963603,0.8853501566001202,27.705357469997487,0.05043380723429493,0.07670678761096443,0.5320284697508897,0.9998662223627564,82220
854,0.026850471987923133,0.8823319897295966,28.075037742035825,0.050949018639293554,0.07611989674411783,0.7624309392265194,0.9998905455695278,82223
855,0.024980012874681178,0.9224526097498695,22.71268788227608,0.05081705612642812,0.07562549905158532,0.8064516129032258,0.9999513529948313,82223
856,0.026093517928364927,0.9457808691484991,18.953785597661096,0.050376817186362076,0.07675858213232684,0.8567073170731707,0.9999513529948313,82223
857,0.025181791711239118,0.8911606251106227,26.980545241433177,0.04986105385895315,0.07469441654103724,0.8541033434650456,0.9999513518115369,82219
858,0.0248418963743118,0.9553363272770705,17.188765233267247,0.049462000023977944,0.07465108353827211,0.8548387096774194,0.9999878375091219,82220
859,0.02525329067715608,0.9930352712978028,6.76615771381107,0.05000789202781714,0.07424364674761968,0.8850931677018633,0.9999027048063825,82220
860,0.02497011719007743,0.9936942073148839,6.437777355982501,0.05014417328279434,0.07494877069475178,0.8666666666666667,0.9999878375091219,82219
861,0.028640522321770726,0.763205680938052,40.25237547311543,0.050352858360417384,0.07427042313150733,0.7624309392265194,0.9998054167122721,82219
862,0.02699250862624137,0.7918006530398457,37.64589485037629,0.05266046732874828,0.07579813535293384,0.7702020202020202,0.999866219108776,82218
863,0.054876236361295884,-0.009356476845608556,90.53609445650432,0.0609284689394031,0.07554383129753588,0.7391304347826086,0.9997324544868599,82218
864,0.05551754671738497,-0.657633422042824,131.11963288167567,0.045678388919095404,0.06966362441709253,0.8536585365853658,0.9997567768062362,82220
865,0.051377633099358104,0.5124744341357543,59.171208431609465,0.09298054893241155,0.07966197795898354,0.7308781869688386,0.9998418972332016,82217
866,0.04992144201658146,-0.5414520906464916,122.78254375813881,0.0485214344927914,0.08308776524633157,0.7670807453416149,0.9998175692932635,82214
867,0.034199373131752316,0.15527611085215115,81.06718987732032,0.0647452524968136,0.0714088836277792,0.7603833865814696,0.9998662174817265,82221
868,0.027543477134928187,0.798597902751935,37.00358025287848,0.05858967683975632,0.0899128408624578,0.7598870056497176,0.9998905442383703,82220
869,0.0454824375227289,0.3192864204321245,71.38022388573215,0.06022677025917593,0.08874633026778544,0.8103896103896104,0.9998783795288423,82216
870,0.059720362976055506,-0.4282432404356276,115.3561233299518,0.057521835783613216,0.08399621314243282,0.8243243243243243,0.9998054001459499,82208
871,0.026721300588822897,0.5657025363884942,55.54890907788137,0.07801315531946204,0.08298261563911163,0.7533512064343163,0.9999270170658427,82208
872,0.0852765997212353,0.033907844031865364,88.0568511699496,0.09022559551344234,0.08021714077709409,0.7603305785123967,0.9998297251277062,82218
873,0.07003602015241284,-0.7740941536689103,140.72297745717492,0.054135853418018534,0.07615221179439921,0.7963525835866262,0.9998175648556938,82209
874,0.04456913206354803,0.6203233587021696,51.66024831434692,0.10374999608272727,0.07223261409985353,0.773371104815864,0.9998418741561553,82204
875,0.044091444521390265,-0.05720425424079591,93.27935251802997,0.06087394237753036,0.11967556604093957,0.7780821917808219,0.9998175493224998,82209
876,0.027602583472414628,0.6812703542424671,47.05700706283606,0.06606225556533493,0.08244813713767252,0.8305555555555556,0.9999026917884033,82209
877,0.028930576351258362,0.7533403842887104,41.119433245777266,0.05293442944677579,0.09000424833451881,0.9185393258426966,0.9999270170658427,82207
878,0.026560729949621623,0.9184223269989787,23.303484087407924,0.05434991901223473,0.07921615185178187,0.9051724137931034,0.9998905242671208,82204
879,0.03186480532036504,0.6088724895809883,52.49197880243325,0.05245454877945731,0.07523674472397493,0.7855153203342619,0.9998783588171611,82204
880,0.03726359641510437,0.02209252802649573,88.73408839341687,0.049562149365553816,0.07570494186153573,0.8789625360230547,0.999793220050357,82205
881,0.026260736341134776,0.8261327841489013,34.29649315196059,0.060786993262662424,0.0756278188661422,0.8654353562005277,0.9999148480646182,82200
882,0.02660227142171101,0.9847904512168805,10.005707171482458,0.052661626950704095,0.08592950163514905,0.8342391304347826,0.9999635045376025,82201
883,0.026320453835355397,0.8235777799424191,34.55543619372512,0.050534729322315605,0.07646901030172432,0.8286604361370716,0.9999270081872483,82195
884,0.025065816604436655,0.9091906435338166,24.6062570059356,0.050206842100672694,0.07544145024660978,0.826530612244898,1.0,82195
885,0.027120217673237607,0.9616226780334753,15.924791744393053,0.05168370249256452,0.07526796626243264,0.7138810198300283,0.9999148408131486,82196
886,0.026978169547706217,0.7334981019232323,42.819540426803535,0.050365278027116996,0.07474218992614418,0.7651715039577837,0.9998905096169053,82193
887,0.028852991253424127,0.5843621247318048,54.24206017805522,0.04969962507257221,0.07528491496549419,0.8045977011494253,0.9998783380984245,82187
888,0.03163365300739067,0.8365681474283146,33.22052075532854,0.057968071304823184,0.07721615694316619,0.7472527472527473,0.9998661735364252,82194
889,0.026627260191411546,0.9072872525672973,24.866878801481477,0.056904717429559624,0.08383494894540279,0.8853868194842407,0.9999635018735705,82195
890,0.031002914536190983,0.7077698631469231,44.94624626107342,0.053279938365942435,0.08145843400446096,0.696,0.9999635018735705,82194
891,0.02688034541317999,0.5756457200761947,54.85513508293591,0.05141190849215272,0.07694501847241376,0.736986301369863,0.999975667323649,82192
892,0.03132154568358133,0.7306180415253929,43.06176829558597,0.05416508548361122,0.07776801012717387,0.7533875338753387,0.9998175204681208,82195
893,0.07146493562621939,0.1779321316337803,79.7506645702554,0.0829749363096574,0.09456021983757397,0.8249258160237388,0.9997810325531604,82195
894,0.08290006809393605,-0.7596589369494823,139.43413974352325,0.054575988579831244,0.07504348853970556,0.8130841121495327,0.9997810298894201,82193
895,0.02941190127539352,0.14678810053482566,81.55916212715533,0.09194179133177657,0.07897111345454244,0.7635782747603834,0.9998296816262972,82191
896,0.04126757009744521,0.45276938156680063,63.07849608988254,0.06055722023502098,0.10943026046739772,0.6807228915662651,0.9997323633532439,82189
897,0.05034564938554418,-0.12167178198168115,96.9885956965356,0.061091045130971494,0.08562337590881047,0.6666666666666666,0.9996593591084941,82179
898,0.04612927909063412,-0.2835181467985872,106.47029143823703,0.05784206848731678,0.07524383984900801,0.7736486486486487,0.9996958526466903,82190
899,0.02940758354980087,0.6165236391270363,51.93728576953994,0.06830378774636633,0.08206322762086983,0.7265625,0.9998661719082669,82189
900,0.02643672013424179,0.9449724953596115,19.095870156869385,0.055072906963069414,0.09197171415128268,0.7908847184986595,0.9999878329216805,82188
901,0.03765623899393528,0.7802329532514964,38.71809066767226,0.060583396607500506,0.08769973820655597,0.674863387978142,0.9998783306971651,82182
902,0.02784335759724335,0.8207299827399478,34.84206527863614,0.06256417894013698,0.0872856907013037,0.8778409090909091,0.999841826057332,82181
903,0.02612664076282675,0.903488112627328,25.379579161650305,0.052653061843190054,0.0857179479593,0.8319088319088319,0.9998296567583681,82179
904,0.03705583388101488,0.48458938221797104,61.014426646236565,0.054717832867196635,0.07667987093536961,0.6901408450704225,0.9998174805008335,82172
905,0.03489748531595525,0.040606535487548806,87.67277704081184,0.05192292777567627,0.07444425107221406,0.6965944272445821,0.9997809659402037,82168
906,0.03393696720541456,0.6770454317035024,47.386808144226016,0.06303349977977793,0.07687442890088725,0.7130177514792899,0.9998783099688473,82174
907,0.03347711208981738,0.7871396220837569,38.080997533644215,0.06372591132886436,0.09393869949688516,0.7571059431524548,0.9999269859813084,82172
908,0.027845865000045003,0.9061366609088237,25.023190081281335,0.05987911881854507,0.09026527829434403,0.8973684210526316,0.9999391535035412,82171
909,0.034452132371274376,0.527817022412761,58.141921859536595,0.05454414302678473,0.0794954677072483,0.7473404255319149,0.9999269833156876,82169
910,0.033306536184027805,0.17488325360908588,79.92813573687914,0.05193866831787354,0.07819285165354208,0.761437908496732,0.9999269824271041,82169
911,0.032121959693770005,0.8857199973155124,27.659744960056106,0.06353234060444826,0.07867938399878385,0.7804878048780488,0.999951321025666,82169
912,0.027433782095766107,0.9185461789460059,23.28553982442671,0.05833804755895448,0.08952296142780482,0.7631578947368421,0.9999513222104585,82173
913,0.027223791189473736,0.9988180931759587,2.7859417661327415,0.054641421097294175,0.08499621827512291,0.8439306358381503,0.9999878305526146,82172
914,0.02698060340588126,0.9987899407444409,2.818932991249173,0.054187994812160016,0.08158199368226972,0.886435331230284,0.9999756608090347,82170
915,0.027140216699152096,0.999316139068388,2.1190747657985036,0.054111566615824794,0.0813180325028752,0.9387096774193548,0.999987830108312,82169
916,0.027467520401437788,0.9982084514849344,3.4301789425116618,0.05458327439736669,0.08154034057756748,0.8990536277602523,0.9999269824271041,82169
917,0.02719091519421254,0.9624076130645622,15.7600492429304,0.054142326823998166,0.08121692069694887,0.8488372093023255,0.9999148149049578,82172
918,0.02958674302917816,0.8449976933978826,32.32831125462923,0.05453720445414333,0.08167042124410998,0.7910863509749304,0.999939152763073,82169
919,0.040693566820178294,0.40302054841006885,66.23285613940375,0.0591760698929377,0.08424501848404382,0.756544502617801,0.999878308487983,82171
920,0.04192981578759743,-0.07050360249248216,94.0429129829151,0.05633363949383547,0.08265288101065095,0.8559782608695652,0.999902645605666,82169
921,0.028163169143804703,0.7300601820715357,43.10856043374041,0.0653872721935694,0.08404472856579143,0.7621621621621621,0.9998904723077485,82164
922,0.028438508822573556,0.9396960190229967,19.99943071393783,0.055741840627238276,0.09066132336776535,0.8,0.9998539612997445,82164
923,0.029838336946580998,0.7953341482154797,37.31317181627794,0.05521638470118399,0.08330495698003687,0.8433734939759037,0.9998904683088307,82163
924,0.03089917042702218,0.6883784337060171,46.49811547691972,0.05580705319867286,0.08262440456430575,0.7683923705722071,0.999878298120923,82163
925,0.03336233519405635,0.42547246374799835,64.8194275103324,0.05426800574468432,0.0830205005670607,0.8319327731092437,0.9998296173692922,82159
926,0.02902541832795621,0.7095083002659671,44.80507664141041,0.05770297377495726,0.08178008688340001,0.844574780058651,0.9999269735400793,82159
927,0.03046554775554418,0.7549595131921043,40.978167751292084,0.05572978163573607,0.08581712873855266,0.7925531914893617,0.9997930942151577,82150
928,0.03109126783116134,0.787273226155573,38.068584563327704,0.058191465220895536,0.08327467391591852,0.706766917293233,0.9997687551725817,82159
929,0.027235181797829293,0.8394259275865565,32.92045144835068,0.055946707484107266,0.08423047751777309,0.7507002801120448,0.9999513151008386,82159
930,0.02984595702352697,0.8666864668244776,29.924160798325186,0.05515003095678042,0.08358405063643393,0.8114285714285714,0.9999148024634259,82158
931,0.04561479758404065,0.5903972897879589,53.81479384087986,0.06766864165833696,0.08862345271648976,0.7300613496932515,0.9998539488577584,82156
932,0.038379267068957224,-0.12748961099436407,97.32455050803316,0.05574311919404068,0.0813116641110085,0.8197278911564626,0.9998296049268518,82154
933,0.04166551953577759,0.9248874133475009,22.34861599211235,0.07852989223518264,0.08434338842728313,0.9183006535947712,0.9998539417471002,82152
934,0.033327308238557445,0.9057010069423342,25.08213699075738,0.07322593206750745,0.10980381033486494,0.8497109826589595,0.9999513103599381,82150
935,0.031196148575691047,0.5627182280784625,55.75600944393984,0.05704390461378369,0.09293347003697361,0.7272727272727273,0.999866106749437,82149
936,0.030974162296337114,0.5796329010526807,54.575273003559396,0.05525185498430775,0.08455091365382693,0.7994652406417112,0.9998539346357495,82149
937,0.047304330956963375,0.2428763557504336,75.9436323859621,0.06252062996333545,0.08890763025206143,0.6709844559585493,0.9998417644481231,82150
938,0.053161263539718465,-0.3191953789695064,108.61427180182996,0.05880834464472404,0.08371146420588019,0.7084639498432602,0.9998539346357495,82148
939,0.04648295508228721,0.40120008442983945,66.34677698853937,0.0834840714991626,0.08491572693351532,0.7382352941176471,0.9998782744181517,82146
940,0.032120850883877304,0.7188551713950689,44.03995801925237,0.07306859332564651,0.11063530194112536,0.7607655502392344,0.9999513073964065,82146
941,0.04017043867617633,0.536937412331634,57.52460241412463,0.06349049694564085,0.08924227746932027,0.6819277108433734,0.9999026183491375,82148
942,0.043408913764671896,-0.06932817070644605,93.97540048803016,0.05706325642667715,0.0879679890316292,0.9341692789968652,0.999878272936422,82144
943,0.03053671959330241,0.5284671710619696,58.098053859690225,0.06494506204138982,0.08520593504383397,0.625,0.9998417509647105,82141
944,0.030795196861156667,0.7731714360253727,39.36045846257719,0.05774938908062474,0.08986376837071836,0.7979539641943734,0.999853923967425,82145
945,0.028488975259515287,0.9168088168608931,23.53607677557275,0.058040002474379064,0.08534024321579327,0.7249357326478149,0.9998904416419145,82142
946,0.03557757112258114,0.842725768078192,32.570916708667724,0.0615280906332193,0.088091410010097,0.6714285714285714,0.9998782640452858,82138
947,0.030976947756043337,0.8154992360370528,35.36324483827062,0.06342580780645747,0.09044711757537222,0.7692307692307693,0.9998295717381248,82140
948,0.03366587214845166,0.6606082566685674,48.65372158690197,0.058913614478476685,0.08536839346674499,0.6967418546365914,0.999902608865028,82138
949,0.03722781130743714,0.25800369295601777,75.04835874468237,0.056267365450732264,0.08584035960246743,0.8601190476190477,0.9998904323054261,82135
950,0.03458808423006906,0.2867887155054754,73.33420158159142,0.057626434799443224,0.08581287162887191,0.8598130841121495,0.9999026017507335,82131
951,0.04019156522645383,0.2196987977011652,77.30865744355431,0.058502356541040086,0.09156159403383744,0.745945945945946,0.9998904256355313,82132
952,0.029091657472190967,0.8034246744985363,36.54160953126576,0.06588230244648936,0.08726474285036791,0.81,0.9999269477554698,82128
953,0.02867513337205047,0.9985526409801195,3.0830329181670644,0.057745885826897596,0.09300103372269772,0.8116343490304709,1.0,82128
954,0.027647537503567358,0.9784600586249599,11.913587038816575,0.05601865457402198,0.08497916102979916,0.9,0.9999269441975429,82124
955,0.0370027828460233,0.6297552975633435,50.96792885900788,0.05849886093759882,0.08497457274381509,0.7836990595611285,0.9999025910773427,82124
956,0.040650810959189765,0.08721628051503268,84.99651818284016,0.057306846275255875,0.08407918666353449,0.8757396449704142,0.9999025922633905,82126
957,0.02920464741165113,0.8116681759011752,35.74076162161849,0.06657786995670154,0.08626470144314347,0.8679775280898876,0.9999147671926748,82123
958,0.028602153522750494,0.9977434560539307,3.8498271327648474,0.057774184378548546,0.09356976718108309,0.8844984802431611,0.9999634698748234,82122
959,0.02902285911614948,0.9961074839008994,5.057010023636197,0.05756891174693821,0.08673266005512334,0.9594594594594594,0.9999269406392695,82122
960,0.03265027242946538,0.7204009088001171,43.91240986458694,0.05721605173893338,0.0843291269331212,0.7461300309597523,0.9998904136276742,82123
961,0.029409121483682098,0.8126829129717745,35.64110633790818,0.05909008977058738,0.08451771952034769,0.9209621993127147,0.9999391171993912,82122
962,0.041389055876809334,0.39898777540254887,66.48508533051668,0.05957565609564029,0.08187900791388715,0.9222972972972973,0.9997564747281649,82112
963,0.03186653555983984,0.6407934058033218,50.14899275621209,0.066474415924443,0.08806221140867244,0.8950819672131147,0.9998295260825094,82122
964,0.029528499545491985,0.8418843967959401,32.660354498972914,0.05892186306569956,0.09308279745866493,0.6075268817204301,0.9999391157166689,82119
965,0.03190434344601865,0.738656867795996,42.382873341502304,0.05728505964822484,0.08808955517250172,0.7481296758104738,0.9998538794992937,82117
966,0.03152923756474522,0.7477899665122085,41.6007010823082,0.05929935206906792,0.08623271157336264,0.8257756563245824,0.9999269370806493,82119
967,0.03287249071844027,0.6406161550582441,50.16222001235376,0.058331978683740224,0.08544908613417322,0.7966101694915254,0.9998660545766715,82116
968,0.03424983086689572,0.46558300539043296,62.25204031757931,0.057463294244445566,0.08761590659527771,0.8775,0.9999025827741991,82118
969,0.029491740175025597,0.7477397035298511,41.60503845331195,0.059610218333250684,0.08536538916191348,0.8811369509043928,0.9999269361909401,82116
970,0.04347897977053274,0.4897221518677605,60.67767893905307,0.06337268517537017,0.09657090749304036,0.875968992248062,0.9998173471500067,82115
971,0.030329757294213944,0.6556151574845038,49.033689074897026,0.06737539853898183,0.090621814681168,0.8403990024937655,0.9999269326318866,82111
972,0.028740047548942892,0.9455779904331301,18.989540986126208,0.05826117776635456,0.09424561446514346,0.6965699208443272,0.9999391090435249,82112
973,0.02851764813143846,0.9995680662397155,1.6840765896499543,0.057251512556861214,0.08648043293609507,0.9288135593220339,0.9999634645362432,82109
974,0.032649263704473255,0.7674697669796544,39.87278332977559,0.05751854053488618,0.08488637281381672,0.7421203438395415,0.9999025709101095,82105
975,0.029499127354197217,0.8399247316128239,32.86782768084212,0.059616085021662185,0.08525244621545974,0.8567415730337079,0.999841677728928,82104
976,0.049126697819356156,0.5439839561836814,57.04474193210156,0.06971591140113599,0.09801705018050715,0.7478260869565218,0.9998173271305746,82109
977,0.026562527800878,0.42923154126094415,64.58119829599322,0.06510939971358175,0.0891538706875865,0.6696696696696697,0.9999756421342362,82107
978,0.0795868346886479,0.24822245923971423,75.62764862164448,0.0899395928015015,0.08631811583424027,0.7712765957446809,0.9997320797915094,82099
979,0.031879982519165614,0.6703385650603411,47.90679920560365,0.10369184933301412,0.11749826968038904,0.8712871287128713,0.9999634587510201,82096
980,0.03032206401527499,0.9261354168286692,22.159806321047903,0.06104334281578502,0.12558574588466315,0.7652582159624414,0.999939097176545,82095
981,0.030576859508607158,0.7870178912882341,38.09230438684932,0.05756513419570365,0.08905960096365731,0.8925831202046036,0.9999512771477642,82095
982,0.028454802962795553,0.9483170153502047,18.501198922933558,0.05826493570443302,0.08599039658834823,0.7857142857142857,0.9999390964347052,82094
983,0.02824706453333109,0.9996396558503648,1.5381879688091227,0.05669675928803748,0.08622822366710936,0.9411764705882353,0.999951276554278,82094
984,0.0275519520916393,0.9644167565022891,15.33051277865145,0.05530048915035757,0.08355806029739442,0.8704318936877077,0.9999147370857135,82097
985,0.026476726465744706,0.9794565967971366,11.633760851099618,0.053750589551917326,0.0813040133115439,0.840531561461794,0.9998538367844093,82091
986,0.03406479074425842,0.7541415971080668,41.04957915176693,0.05676076149629896,0.0829631821012893,0.8762214983713354,0.9998416565164434,82096
987,0.02903848520285009,0.766814932003701,39.931272246383195,0.05933544300691994,0.08399570558732714,0.9033333333333333,0.9999147370857135,82095
988,0.041643767491327914,0.6141657340605744,52.108673976104136,0.06374028360524533,0.08475474953078373,0.7986348122866894,0.999878197320341,82095
989,0.0523860616506582,-0.3304365676423516,109.29527550409951,0.05510692401408335,0.08176105714253269,0.9061371841155235,0.9997929430106086,82094
990,0.029087860861385685,0.637771326020602,50.37416706923213,0.07439135063555082,0.0832610794583576,0.8525641025641025,0.9999390956928474,82093
991,0.028287733218132827,0.9877722515168769,8.9692145159959,0.057199965804350925,0.09983529728849211,0.9022801302931596,0.9999634560802991,82090
992,0.04711450401694953,0.3588252011239057,68.97193487653026,0.06305893987535334,0.08648018253270967,0.7387096774193549,0.999780757847042,82094
993,0.026679506069730047,0.45541315888744766,62.908479251652324,0.0638472681540199,0.08475301781683148,0.6149732620320856,0.9999147370857135,82097
994,0.050859854228236516,0.5264052947893267,58.23710472922225,0.06875388082637059,0.07809513942528015,0.6470588235294118,0.9998660186843035,82094
995,0.03636410261567606,0.8490667412672551,31.889692346073875,0.08396263863456273,0.1027961988952177,0.8297213622291022,0.9999147339699863,82091
996,0.044076922826154774,0.02647405364208444,88.48297121644741,0.05787909165463853,0.08917990535277694,0.7028423772609819,0.9998538314432927,82091
997,0.04940279052818181,-0.29866523828842806,107.37745187406226,0.05552215769496034,0.08814371699715526,0.7727272727272727,0.9998051085910569,82087
998,0.02922599905812276,0.7604023411040859,40.50031976020647,0.07409859885576985,0.08400033976242412,0.8636363636363636,0.9999147266990706,82084
999,0.043891331923703356,0.2975377456045525,72.6902257203457,0.059531099870917654,0.08101862905716208,0.7620481927710844,0.9997929127431753,82081
1000,0.04745309264895572,-0.19876557416322463,101.46478245271169,0.057881562845082016,0.08156968113825709,0.6962750716332379,0.9997807257976099,82079
